<?xml version="1.0" encoding="UTF-8"?>
<kml xmlns="http://www.opengis.net/kml/2.2" xmlns:gx="http://www.google.com/kml/ext/2.2" xmlns:kml="http://www.opengis.net/kml/2.2" xmlns:atom="http://www.w3.org/2005/Atom">
<Document>
	<name>sg subdiv.kmz</name>
	<StyleMap id="m_ylw-pushpin0">
		<Pair>
			<key>normal</key>
			<styleUrl>#s_ylw-pushpin</styleUrl>
		</Pair>
		<Pair>
			<key>highlight</key>
			<styleUrl>#s_ylw-pushpin_hl</styleUrl>
		</Pair>
	</StyleMap>
	<StyleMap id="m_ylw-pushpin01">
		<Pair>
			<key>normal</key>
			<styleUrl>#s_ylw-pushpin1</styleUrl>
		</Pair>
		<Pair>
			<key>highlight</key>
			<styleUrl>#s_ylw-pushpin_hl3</styleUrl>
		</Pair>
	</StyleMap>
	<StyleMap id="m_ylw-pushpin6">
		<Pair>
			<key>normal</key>
			<styleUrl>#s_ylw-pushpin2</styleUrl>
		</Pair>
		<Pair>
			<key>highlight</key>
			<styleUrl>#s_ylw-pushpin_hl2</styleUrl>
		</Pair>
	</StyleMap>
	<StyleMap id="m_ylw-pushpin60">
		<Pair>
			<key>normal</key>
			<styleUrl>#s_ylw-pushpin210</styleUrl>
		</Pair>
		<Pair>
			<key>highlight</key>
			<styleUrl>#s_ylw-pushpin_hl116</styleUrl>
		</Pair>
	</StyleMap>
	<StyleMap id="m_ylw-pushpin601">
		<Pair>
			<key>normal</key>
			<styleUrl>#s_ylw-pushpin20</styleUrl>
		</Pair>
		<Pair>
			<key>highlight</key>
			<styleUrl>#s_ylw-pushpin_hl51</styleUrl>
		</Pair>
	</StyleMap>
	<StyleMap id="m_ylw-pushpin6010">
		<Pair>
			<key>normal</key>
			<styleUrl>#s_ylw-pushpin200</styleUrl>
		</Pair>
		<Pair>
			<key>highlight</key>
			<styleUrl>#s_ylw-pushpin_hl510</styleUrl>
		</Pair>
	</StyleMap>
	<StyleMap id="m_ylw-pushpin63">
		<Pair>
			<key>normal</key>
			<styleUrl>#s_ylw-pushpin21</styleUrl>
		</Pair>
		<Pair>
			<key>highlight</key>
			<styleUrl>#s_ylw-pushpin_hl28</styleUrl>
		</Pair>
	</StyleMap>
	<StyleMap id="m_ylw-pushpin630">
		<Pair>
			<key>normal</key>
			<styleUrl>#s_ylw-pushpin212</styleUrl>
		</Pair>
		<Pair>
			<key>highlight</key>
			<styleUrl>#s_ylw-pushpin_hl1</styleUrl>
		</Pair>
	</StyleMap>
	<StyleMap id="m_ylw-pushpin631">
		<Pair>
			<key>normal</key>
			<styleUrl>#s_ylw-pushpin213</styleUrl>
		</Pair>
		<Pair>
			<key>highlight</key>
			<styleUrl>#s_ylw-pushpin_hl5</styleUrl>
		</Pair>
	</StyleMap>
	<StyleMap id="msn_ylw-pushpin">
		<Pair>
			<key>normal</key>
			<styleUrl>#sn_ylw-pushpin81</styleUrl>
		</Pair>
		<Pair>
			<key>highlight</key>
			<styleUrl>#sh_ylw-pushpin08</styleUrl>
		</Pair>
	</StyleMap>
	<StyleMap id="msn_ylw-pushpin21">
		<Pair>
			<key>normal</key>
			<styleUrl>#sn_ylw-pushpin9</styleUrl>
		</Pair>
		<Pair>
			<key>highlight</key>
			<styleUrl>#sh_ylw-pushpin07</styleUrl>
		</Pair>
	</StyleMap>
	<StyleMap id="msn_ylw-pushpin35">
		<Pair>
			<key>normal</key>
			<styleUrl>#sn_ylw-pushpin104</styleUrl>
		</Pair>
		<Pair>
			<key>highlight</key>
			<styleUrl>#sh_ylw-pushpin042</styleUrl>
		</Pair>
	</StyleMap>
	<StyleMap id="msn_ylw-pushpin350">
		<Pair>
			<key>normal</key>
			<styleUrl>#sn_ylw-pushpin110</styleUrl>
		</Pair>
		<Pair>
			<key>highlight</key>
			<styleUrl>#sh_ylw-pushpin0401</styleUrl>
		</Pair>
	</StyleMap>
	<StyleMap id="msn_ylw-pushpin3500">
		<Pair>
			<key>normal</key>
			<styleUrl>#sn_ylw-pushpin1</styleUrl>
		</Pair>
		<Pair>
			<key>highlight</key>
			<styleUrl>#sh_ylw-pushpin0400</styleUrl>
		</Pair>
	</StyleMap>
	<StyleMap id="msn_ylw-pushpin3501">
		<Pair>
			<key>normal</key>
			<styleUrl>#sn_ylw-pushpin11</styleUrl>
		</Pair>
		<Pair>
			<key>highlight</key>
			<styleUrl>#sh_ylw-pushpin040</styleUrl>
		</Pair>
	</StyleMap>
	<StyleMap id="msn_ylw-pushpin351">
		<Pair>
			<key>normal</key>
			<styleUrl>#sn_ylw-pushpin100</styleUrl>
		</Pair>
		<Pair>
			<key>highlight</key>
			<styleUrl>#sh_ylw-pushpin0420</styleUrl>
		</Pair>
	</StyleMap>
	<StyleMap id="msn_ylw-pushpin3510">
		<Pair>
			<key>normal</key>
			<styleUrl>#sn_ylw-pushpin1000</styleUrl>
		</Pair>
		<Pair>
			<key>highlight</key>
			<styleUrl>#sh_ylw-pushpin0421</styleUrl>
		</Pair>
	</StyleMap>
	<StyleMap id="msn_ylw-pushpin352">
		<Pair>
			<key>normal</key>
			<styleUrl>#sn_ylw-pushpin10</styleUrl>
		</Pair>
		<Pair>
			<key>highlight</key>
			<styleUrl>#sh_ylw-pushpin04</styleUrl>
		</Pair>
	</StyleMap>
	<StyleMap id="msn_ylw-pushpin4">
		<Pair>
			<key>normal</key>
			<styleUrl>#sn_ylw-pushpin8</styleUrl>
		</Pair>
		<Pair>
			<key>highlight</key>
			<styleUrl>#sh_ylw-pushpin0</styleUrl>
		</Pair>
	</StyleMap>
	<Style id="s_ylw-pushpin">
		<IconStyle>
			<scale>1.1</scale>
			<Icon>
				<href>http://maps.google.com/mapfiles/kml/paddle/pink-blank.png</href>
			</Icon>
			<hotSpot x="32" y="1" xunits="pixels" yunits="pixels"/>
		</IconStyle>
		<ListStyle>
			<ItemIcon>
				<href>http://maps.google.com/mapfiles/kml/paddle/pink-blank-lv.png</href>
			</ItemIcon>
		</ListStyle>
	</Style>
	<Style id="s_ylw-pushpin1">
		<IconStyle>
			<scale>1.1</scale>
			<Icon>
				<href>http://maps.google.com/mapfiles/kml/paddle/pink-blank.png</href>
			</Icon>
			<hotSpot x="32" y="1" xunits="pixels" yunits="pixels"/>
		</IconStyle>
		<ListStyle>
			<ItemIcon>
				<href>http://maps.google.com/mapfiles/kml/paddle/pink-blank-lv.png</href>
			</ItemIcon>
		</ListStyle>
	</Style>
	<Style id="s_ylw-pushpin2">
		<IconStyle>
			<scale>1.1</scale>
			<Icon>
				<href>http://maps.google.com/mapfiles/kml/paddle/pink-blank.png</href>
			</Icon>
			<hotSpot x="32" y="1" xunits="pixels" yunits="pixels"/>
		</IconStyle>
		<ListStyle>
			<ItemIcon>
				<href>http://maps.google.com/mapfiles/kml/paddle/pink-blank-lv.png</href>
			</ItemIcon>
		</ListStyle>
	</Style>
	<Style id="s_ylw-pushpin20">
		<IconStyle>
			<scale>1.1</scale>
			<Icon>
				<href>http://maps.google.com/mapfiles/kml/paddle/pink-blank.png</href>
			</Icon>
			<hotSpot x="32" y="1" xunits="pixels" yunits="pixels"/>
		</IconStyle>
		<ListStyle>
			<ItemIcon>
				<href>http://maps.google.com/mapfiles/kml/paddle/pink-blank-lv.png</href>
			</ItemIcon>
		</ListStyle>
	</Style>
	<Style id="s_ylw-pushpin200">
		<IconStyle>
			<scale>1.1</scale>
			<Icon>
				<href>http://maps.google.com/mapfiles/kml/paddle/pink-blank.png</href>
			</Icon>
			<hotSpot x="32" y="1" xunits="pixels" yunits="pixels"/>
		</IconStyle>
		<ListStyle>
			<ItemIcon>
				<href>http://maps.google.com/mapfiles/kml/paddle/pink-blank-lv.png</href>
			</ItemIcon>
		</ListStyle>
	</Style>
	<Style id="s_ylw-pushpin21">
		<IconStyle>
			<scale>1.1</scale>
			<Icon>
				<href>http://maps.google.com/mapfiles/kml/paddle/pink-blank.png</href>
			</Icon>
			<hotSpot x="32" y="1" xunits="pixels" yunits="pixels"/>
		</IconStyle>
		<ListStyle>
			<ItemIcon>
				<href>http://maps.google.com/mapfiles/kml/paddle/pink-blank-lv.png</href>
			</ItemIcon>
		</ListStyle>
	</Style>
	<Style id="s_ylw-pushpin210">
		<IconStyle>
			<scale>1.1</scale>
			<Icon>
				<href>http://maps.google.com/mapfiles/kml/paddle/pink-blank.png</href>
			</Icon>
			<hotSpot x="32" y="1" xunits="pixels" yunits="pixels"/>
		</IconStyle>
		<ListStyle>
			<ItemIcon>
				<href>http://maps.google.com/mapfiles/kml/paddle/pink-blank-lv.png</href>
			</ItemIcon>
		</ListStyle>
	</Style>
	<Style id="s_ylw-pushpin212">
		<IconStyle>
			<scale>1.1</scale>
			<Icon>
				<href>http://maps.google.com/mapfiles/kml/paddle/pink-blank.png</href>
			</Icon>
			<hotSpot x="32" y="1" xunits="pixels" yunits="pixels"/>
		</IconStyle>
		<ListStyle>
			<ItemIcon>
				<href>http://maps.google.com/mapfiles/kml/paddle/pink-blank-lv.png</href>
			</ItemIcon>
		</ListStyle>
	</Style>
	<Style id="s_ylw-pushpin213">
		<IconStyle>
			<scale>1.1</scale>
			<Icon>
				<href>http://maps.google.com/mapfiles/kml/paddle/pink-blank.png</href>
			</Icon>
			<hotSpot x="32" y="1" xunits="pixels" yunits="pixels"/>
		</IconStyle>
		<ListStyle>
			<ItemIcon>
				<href>http://maps.google.com/mapfiles/kml/paddle/pink-blank-lv.png</href>
			</ItemIcon>
		</ListStyle>
	</Style>
	<Style id="s_ylw-pushpin_hl">
		<IconStyle>
			<scale>1.3</scale>
			<Icon>
				<href>http://maps.google.com/mapfiles/kml/paddle/pink-blank.png</href>
			</Icon>
			<hotSpot x="32" y="1" xunits="pixels" yunits="pixels"/>
		</IconStyle>
		<ListStyle>
			<ItemIcon>
				<href>http://maps.google.com/mapfiles/kml/paddle/pink-blank-lv.png</href>
			</ItemIcon>
		</ListStyle>
	</Style>
	<Style id="s_ylw-pushpin_hl1">
		<IconStyle>
			<scale>1.3</scale>
			<Icon>
				<href>http://maps.google.com/mapfiles/kml/paddle/pink-blank.png</href>
			</Icon>
			<hotSpot x="32" y="1" xunits="pixels" yunits="pixels"/>
		</IconStyle>
		<ListStyle>
			<ItemIcon>
				<href>http://maps.google.com/mapfiles/kml/paddle/pink-blank-lv.png</href>
			</ItemIcon>
		</ListStyle>
	</Style>
	<Style id="s_ylw-pushpin_hl116">
		<IconStyle>
			<scale>1.3</scale>
			<Icon>
				<href>http://maps.google.com/mapfiles/kml/paddle/pink-blank.png</href>
			</Icon>
			<hotSpot x="32" y="1" xunits="pixels" yunits="pixels"/>
		</IconStyle>
		<ListStyle>
			<ItemIcon>
				<href>http://maps.google.com/mapfiles/kml/paddle/pink-blank-lv.png</href>
			</ItemIcon>
		</ListStyle>
	</Style>
	<Style id="s_ylw-pushpin_hl2">
		<IconStyle>
			<scale>1.3</scale>
			<Icon>
				<href>http://maps.google.com/mapfiles/kml/paddle/pink-blank.png</href>
			</Icon>
			<hotSpot x="32" y="1" xunits="pixels" yunits="pixels"/>
		</IconStyle>
		<ListStyle>
			<ItemIcon>
				<href>http://maps.google.com/mapfiles/kml/paddle/pink-blank-lv.png</href>
			</ItemIcon>
		</ListStyle>
	</Style>
	<Style id="s_ylw-pushpin_hl28">
		<IconStyle>
			<scale>1.3</scale>
			<Icon>
				<href>http://maps.google.com/mapfiles/kml/paddle/pink-blank.png</href>
			</Icon>
			<hotSpot x="32" y="1" xunits="pixels" yunits="pixels"/>
		</IconStyle>
		<ListStyle>
			<ItemIcon>
				<href>http://maps.google.com/mapfiles/kml/paddle/pink-blank-lv.png</href>
			</ItemIcon>
		</ListStyle>
	</Style>
	<Style id="s_ylw-pushpin_hl3">
		<IconStyle>
			<scale>1.3</scale>
			<Icon>
				<href>http://maps.google.com/mapfiles/kml/paddle/pink-blank.png</href>
			</Icon>
			<hotSpot x="32" y="1" xunits="pixels" yunits="pixels"/>
		</IconStyle>
		<ListStyle>
			<ItemIcon>
				<href>http://maps.google.com/mapfiles/kml/paddle/pink-blank-lv.png</href>
			</ItemIcon>
		</ListStyle>
	</Style>
	<Style id="s_ylw-pushpin_hl5">
		<IconStyle>
			<scale>1.3</scale>
			<Icon>
				<href>http://maps.google.com/mapfiles/kml/paddle/pink-blank.png</href>
			</Icon>
			<hotSpot x="32" y="1" xunits="pixels" yunits="pixels"/>
		</IconStyle>
		<ListStyle>
			<ItemIcon>
				<href>http://maps.google.com/mapfiles/kml/paddle/pink-blank-lv.png</href>
			</ItemIcon>
		</ListStyle>
	</Style>
	<Style id="s_ylw-pushpin_hl51">
		<IconStyle>
			<scale>1.3</scale>
			<Icon>
				<href>http://maps.google.com/mapfiles/kml/paddle/pink-blank.png</href>
			</Icon>
			<hotSpot x="32" y="1" xunits="pixels" yunits="pixels"/>
		</IconStyle>
		<ListStyle>
			<ItemIcon>
				<href>http://maps.google.com/mapfiles/kml/paddle/pink-blank-lv.png</href>
			</ItemIcon>
		</ListStyle>
	</Style>
	<Style id="s_ylw-pushpin_hl510">
		<IconStyle>
			<scale>1.3</scale>
			<Icon>
				<href>http://maps.google.com/mapfiles/kml/paddle/pink-blank.png</href>
			</Icon>
			<hotSpot x="32" y="1" xunits="pixels" yunits="pixels"/>
		</IconStyle>
		<ListStyle>
			<ItemIcon>
				<href>http://maps.google.com/mapfiles/kml/paddle/pink-blank-lv.png</href>
			</ItemIcon>
		</ListStyle>
	</Style>
	<Style id="sh_ylw-pushpin0">
		<IconStyle>
			<scale>1.3</scale>
			<Icon>
				<href>http://maps.google.com/mapfiles/kml/pushpin/ylw-pushpin.png</href>
			</Icon>
			<hotSpot x="20" y="2" xunits="pixels" yunits="pixels"/>
		</IconStyle>
		<LineStyle>
			<color>ff00ffff</color>
			<width>3</width>
		</LineStyle>
	</Style>
	<Style id="sh_ylw-pushpin04">
		<IconStyle>
			<scale>1.3</scale>
			<Icon>
				<href>http://maps.google.com/mapfiles/kml/pushpin/ylw-pushpin.png</href>
			</Icon>
			<hotSpot x="20" y="2" xunits="pixels" yunits="pixels"/>
		</IconStyle>
		<LineStyle>
			<color>ff00ffff</color>
			<width>3</width>
		</LineStyle>
	</Style>
	<Style id="sh_ylw-pushpin040">
		<IconStyle>
			<scale>1.3</scale>
			<Icon>
				<href>http://maps.google.com/mapfiles/kml/pushpin/ylw-pushpin.png</href>
			</Icon>
			<hotSpot x="20" y="2" xunits="pixels" yunits="pixels"/>
		</IconStyle>
		<LineStyle>
			<color>ff00ffff</color>
			<width>3</width>
		</LineStyle>
	</Style>
	<Style id="sh_ylw-pushpin0400">
		<IconStyle>
			<scale>1.3</scale>
			<Icon>
				<href>http://maps.google.com/mapfiles/kml/pushpin/ylw-pushpin.png</href>
			</Icon>
			<hotSpot x="20" y="2" xunits="pixels" yunits="pixels"/>
		</IconStyle>
		<LineStyle>
			<color>ff00ffff</color>
			<width>3</width>
		</LineStyle>
	</Style>
	<Style id="sh_ylw-pushpin0401">
		<IconStyle>
			<scale>1.3</scale>
			<Icon>
				<href>http://maps.google.com/mapfiles/kml/pushpin/ylw-pushpin.png</href>
			</Icon>
			<hotSpot x="20" y="2" xunits="pixels" yunits="pixels"/>
		</IconStyle>
		<LineStyle>
			<color>ff00ffff</color>
			<width>3</width>
		</LineStyle>
	</Style>
	<Style id="sh_ylw-pushpin042">
		<IconStyle>
			<scale>1.3</scale>
			<Icon>
				<href>http://maps.google.com/mapfiles/kml/pushpin/ylw-pushpin.png</href>
			</Icon>
			<hotSpot x="20" y="2" xunits="pixels" yunits="pixels"/>
		</IconStyle>
		<LineStyle>
			<color>ff00ffff</color>
			<width>3</width>
		</LineStyle>
	</Style>
	<Style id="sh_ylw-pushpin0420">
		<IconStyle>
			<scale>1.3</scale>
			<Icon>
				<href>http://maps.google.com/mapfiles/kml/pushpin/ylw-pushpin.png</href>
			</Icon>
			<hotSpot x="20" y="2" xunits="pixels" yunits="pixels"/>
		</IconStyle>
		<LineStyle>
			<color>ff00ffff</color>
			<width>3</width>
		</LineStyle>
	</Style>
	<Style id="sh_ylw-pushpin0421">
		<IconStyle>
			<scale>1.3</scale>
			<Icon>
				<href>http://maps.google.com/mapfiles/kml/pushpin/ylw-pushpin.png</href>
			</Icon>
			<hotSpot x="20" y="2" xunits="pixels" yunits="pixels"/>
		</IconStyle>
		<LineStyle>
			<color>ff00ffff</color>
			<width>3</width>
		</LineStyle>
	</Style>
	<Style id="sh_ylw-pushpin07">
		<IconStyle>
			<scale>1.3</scale>
			<Icon>
				<href>http://maps.google.com/mapfiles/kml/pushpin/ylw-pushpin.png</href>
			</Icon>
			<hotSpot x="20" y="2" xunits="pixels" yunits="pixels"/>
		</IconStyle>
		<LineStyle>
			<color>ff00ffff</color>
			<width>3</width>
		</LineStyle>
	</Style>
	<Style id="sh_ylw-pushpin08">
		<IconStyle>
			<scale>1.3</scale>
			<Icon>
				<href>http://maps.google.com/mapfiles/kml/pushpin/ylw-pushpin.png</href>
			</Icon>
			<hotSpot x="20" y="2" xunits="pixels" yunits="pixels"/>
		</IconStyle>
		<LineStyle>
			<color>ff00ffff</color>
			<width>3</width>
		</LineStyle>
	</Style>
	<Style id="sn_ylw-pushpin1">
		<IconStyle>
			<scale>1.1</scale>
			<Icon>
				<href>http://maps.google.com/mapfiles/kml/pushpin/ylw-pushpin.png</href>
			</Icon>
			<hotSpot x="20" y="2" xunits="pixels" yunits="pixels"/>
		</IconStyle>
		<LineStyle>
			<color>ff00ffff</color>
			<width>3</width>
		</LineStyle>
	</Style>
	<Style id="sn_ylw-pushpin10">
		<IconStyle>
			<scale>1.1</scale>
			<Icon>
				<href>http://maps.google.com/mapfiles/kml/pushpin/ylw-pushpin.png</href>
			</Icon>
			<hotSpot x="20" y="2" xunits="pixels" yunits="pixels"/>
		</IconStyle>
		<LineStyle>
			<color>ff00ffff</color>
			<width>3</width>
		</LineStyle>
	</Style>
	<Style id="sn_ylw-pushpin100">
		<IconStyle>
			<scale>1.1</scale>
			<Icon>
				<href>http://maps.google.com/mapfiles/kml/pushpin/ylw-pushpin.png</href>
			</Icon>
			<hotSpot x="20" y="2" xunits="pixels" yunits="pixels"/>
		</IconStyle>
		<LineStyle>
			<color>ff00ffff</color>
			<width>3</width>
		</LineStyle>
	</Style>
	<Style id="sn_ylw-pushpin1000">
		<IconStyle>
			<scale>1.1</scale>
			<Icon>
				<href>http://maps.google.com/mapfiles/kml/pushpin/ylw-pushpin.png</href>
			</Icon>
			<hotSpot x="20" y="2" xunits="pixels" yunits="pixels"/>
		</IconStyle>
		<LineStyle>
			<color>ff00ffff</color>
			<width>3</width>
		</LineStyle>
	</Style>
	<Style id="sn_ylw-pushpin104">
		<IconStyle>
			<scale>1.1</scale>
			<Icon>
				<href>http://maps.google.com/mapfiles/kml/pushpin/ylw-pushpin.png</href>
			</Icon>
			<hotSpot x="20" y="2" xunits="pixels" yunits="pixels"/>
		</IconStyle>
		<LineStyle>
			<color>ff00ffff</color>
			<width>3</width>
		</LineStyle>
	</Style>
	<Style id="sn_ylw-pushpin11">
		<IconStyle>
			<scale>1.1</scale>
			<Icon>
				<href>http://maps.google.com/mapfiles/kml/pushpin/ylw-pushpin.png</href>
			</Icon>
			<hotSpot x="20" y="2" xunits="pixels" yunits="pixels"/>
		</IconStyle>
		<LineStyle>
			<color>ff00ffff</color>
			<width>3</width>
		</LineStyle>
	</Style>
	<Style id="sn_ylw-pushpin110">
		<IconStyle>
			<scale>1.1</scale>
			<Icon>
				<href>http://maps.google.com/mapfiles/kml/pushpin/ylw-pushpin.png</href>
			</Icon>
			<hotSpot x="20" y="2" xunits="pixels" yunits="pixels"/>
		</IconStyle>
		<LineStyle>
			<color>ff00ffff</color>
			<width>3</width>
		</LineStyle>
	</Style>
	<Style id="sn_ylw-pushpin8">
		<IconStyle>
			<scale>1.1</scale>
			<Icon>
				<href>http://maps.google.com/mapfiles/kml/pushpin/ylw-pushpin.png</href>
			</Icon>
			<hotSpot x="20" y="2" xunits="pixels" yunits="pixels"/>
		</IconStyle>
		<LineStyle>
			<color>ff00ffff</color>
			<width>3</width>
		</LineStyle>
	</Style>
	<Style id="sn_ylw-pushpin81">
		<IconStyle>
			<scale>1.1</scale>
			<Icon>
				<href>http://maps.google.com/mapfiles/kml/pushpin/ylw-pushpin.png</href>
			</Icon>
			<hotSpot x="20" y="2" xunits="pixels" yunits="pixels"/>
		</IconStyle>
		<LineStyle>
			<color>ff00ffff</color>
			<width>3</width>
		</LineStyle>
	</Style>
	<Style id="sn_ylw-pushpin9">
		<IconStyle>
			<scale>1.1</scale>
			<Icon>
				<href>http://maps.google.com/mapfiles/kml/pushpin/ylw-pushpin.png</href>
			</Icon>
			<hotSpot x="20" y="2" xunits="pixels" yunits="pixels"/>
		</IconStyle>
		<LineStyle>
			<color>ff00ffff</color>
			<width>3</width>
		</LineStyle>
	</Style>
	<Folder>
		<name>sg subdiv</name>
		<Folder>
			<name>borders</name>
			<open>1</open>
			<Placemark>
				<name>Untitled Path</name>
				<styleUrl>#msn_ylw-pushpin352</styleUrl>
				<LineString>
					<tessellate>1</tessellate>
					<coordinates>
						103.8515967050585,1.272841077381565,0 103.8512376482359,1.272982477282038,0 103.8510173665281,1.273117459335112,0 103.8507941290667,1.273317028278777,0 103.8506237388549,1.273551842733643,0 103.850473883957,1.273854187191952,0 103.8503005193119,1.274212305697143,0 103.8501506728938,1.274482357419191,0 103.8500596001165,1.274611507217355,0 103.8499244702534,1.274767066977832,0 103.8493028352008,1.275214471760977,0 103.8482003599873,1.275950787348153,0 103.8477090369965,1.276303987116308,0 103.8473255449247,1.27665122957712,0 103.8467982232764,1.277196063567852,0 103.846276872282,1.277800790987815,0 103.8460013884766,1.277549171740251,0 103.8458516619915,1.277435336620662,0 103.8455761357565,1.277321463726907,0 103.8448407715997,1.277251677690705,0 103.8447990110279,1.277152912096059,0 103.8435718299176,1.277350046652839,0 103.8426561763399,1.277520690399609,0 103.8425014588833,1.277612552953989,0 103.8423858676548,1.277725534517469,0 103.8419586197056,1.278345741816288,0 103.8416796371195,1.278790193435157,0 103.8414507257707,1.278562668570668,0 103.8412892274336,1.278421957856047,0 103.8410417471825,1.27828382599733,0 103.8407708171276,1.278148291684481,0 103.8404373576751,1.278004923309999,0 103.8400645637634,1.278689884382596,0 103.8396213155314,1.279710850942955,0 103.8393004332668,1.279341598589567,0 103.8389979886578,1.279083865474637,0 103.8387123445143,1.278845740672366,0 103.8384042832373,1.278630012169854,0 103.8371920492203,1.277806573380836,0 103.8367840746877,1.277520876277918,0 103.836390958367,1.277168425915671,0 103.8359718767054,1.276801130757376,0 103.8354749027892,1.276381885048345,0 103.8353154220239,1.276255735998932,0 103.8351410871823,1.2761777961406,0 103.8350075469964,1.276140665584805,0 103.8346328418117,1.276071614036367,0 103.8344451204326,1.276085123619456,0 103.8341488277941,1.276141560300282,0 103.833773372457,1.276220582991764,0 103.8335539807602,1.276265737052733,0 103.8333481576032,1.27631541726549,0 103.8331536495005,1.27634249021513,0 103.8328596350677,1.276351443906666,0 103.8324584184991,1.276343460055995,0 103.8320375160082,1.276288270742005,0 103.8315458083071,1.276221260721514,0 103.8306843366053,1.276091209536876,0 103.8302988374774,1.276024230662352,0 103.8301375588135,1.275988784326856,0 103.8299526819585,1.275933666030097,0 103.8297756781136,1.275858885497461,0 103.8296284490999,1.275748510051881,0 103.8293922610924,1.275506610252394,0 103.8291588994965,1.2752140949234,0 103.8290661413169,1.275102990666526,0 103.8301442582302,1.274125352709296,0 103.8312906664083,1.273143909026332,0 103.8315757785183,1.272906114500371,0 103.8318377297883,1.272749092301243,0 103.8321117736585,1.272575960637321,0 103.8322931108046,1.272511563867023,0 103.8324784723494,1.272463281394754,0 103.8318298891876,1.272040111278026,0 103.8315720920068,1.271793328676892,0 103.8302651277996,1.270604736278879,0 103.8292621837636,1.269709787371007,0 103.828388358248,1.268887047639935,0 103.8270694334797,1.267565114826816,0 103.8262433039802,1.266803394983199,0 103.8259148401986,1.266509656582511,0 103.8257406525885,1.266360295516768,0 103.8254619365301,1.26617108629933,0 103.8252429388572,1.266041618063941,0 103.8250338800553,1.265966898668001,0 103.8247202853692,1.265872238076327,0 103.82427980565,1.265819925304787,0 103.8238218299789,1.265765039964076,0 103.82371858262,1.261592281033223,0 103.8240919557084,1.261592387100195,0 103.8233419177657,1.261593455819189,0 
					</coordinates>
				</LineString>
			</Placemark>
			<Placemark>
				<name>Untitled Path</name>
				<styleUrl>#msn_ylw-pushpin352</styleUrl>
				<LineString>
					<tessellate>1</tessellate>
					<coordinates>
						103.8238162258022,1.265763539758773,0 103.8226350460437,1.265723485052774,0 103.8216450108635,1.265687483445513,0 103.8210687114151,1.265667765678089,0 103.8206460804686,1.26566415120004,0 103.8202162247824,1.26570748367234,0 103.8198802861365,1.265815821001722,0 103.8193601208442,1.266061387757052,0 103.8188399506137,1.266408073272898,0 103.8180308930194,1.266929359299055,0 103.8174312452049,1.267340872918912,0 103.8169586440608,1.267635535044522,0 103.8163539192319,1.267955597546172,0 103.8157491934255,1.268250258134948,0 103.8150529917375,1.268616046154057,0 103.8144533371169,1.268936113878082,0 103.8137367872901,1.269413682922967,0 103.8123853926046,1.27029591809047,0 103.811966503788,1.270571697106045,0 103.8114829088364,1.270779381287338,0 103.8109822844891,1.270908757362194,0 103.8104033277792,1.270959824616107,0 103.8088207765301,1.271092153209805,0 103.80796813112,1.271193709379834,0 103.8075508750083,1.271288016743377,0 103.807086445448,1.271447617696743,0 103.8063833386217,1.271721265474837,0 103.8056193870258,1.272030191254218,0 103.8049713146827,1.272279047398344,0 103.8044562876809,1.27245067190713,0 103.8038854622607,1.272579388643935,0 103.8033564571603,1.27266237868127,0 103.8027836162506,1.272708353363215,0 103.8022024101874,1.272704164709542,0 103.8019135090109,1.272053167152242,0 103.8012075744307,1.271003787258379,0 103.80055736067,1.270084415177246,0 103.7990733289244,1.268146284663597,0 
					</coordinates>
				</LineString>
			</Placemark>
			<Placemark>
				<name>Untitled Path</name>
				<styleUrl>#msn_ylw-pushpin352</styleUrl>
				<LineString>
					<tessellate>1</tessellate>
					<coordinates>
						103.84948685166,1.275082396403384,0 103.8539338886095,1.282089855864557,0 103.8570610868933,1.287288870323861,0 103.8542890127561,1.288949592730808,0 103.8545436349986,1.290320448357799,0 103.8548415254343,1.291209975340118,0 103.8551934829423,1.291964094633849,0 103.8554410758397,1.292424326356813,0 103.8561502034553,1.293589403205588,0 103.8566646932594,1.294378735004499,0 103.8571078694964,1.295096775550006,0 103.8575401133125,1.295760417574478,0 103.8579374412161,1.296269662735743,0 103.8583143919444,1.296682150874961,0 103.8589306001986,1.297269436291967,0 103.8594368299105,1.297735466698713,0 103.8598847852323,1.298019451205803,0 103.8602817527761,1.298197850066754,0 103.8605512363423,1.297440529717279,0 103.8606240682142,1.297145612428036,0 103.8606386305436,1.29686161883326,0 103.8606240579556,1.29657034344424,0 103.8606604711873,1.296228092583567,0 103.860759283744,1.29602030575811,0 103.8609162368987,1.295788851166813,0 103.8617245396165,1.294745347869443,0 103.8619599673698,1.294490355925152,0 103.8623955130175,1.294223590687877,0 103.8627172696394,1.294109819714122,0 103.8630782674303,1.294074505269151,0 103.8638355842747,1.294098023610247,0 103.8645850628792,1.294133308612657,0 103.8655710682434,1.294268446169029,0 103.866669341395,1.294448419441782,0 103.8692796812903,1.294917334050453,0 103.8708964370282,1.295228501783727,0 103.8712331251775,1.295281293839277,0 103.8719461083916,1.295347276760273,0 103.8728241309834,1.295380255605813,0 103.875278121696,1.295419643924028,0 103.8772985933134,1.295476693710098,0 103.8792477205568,1.295569434123434,0 103.8823034771117,1.295681939165853,0 103.8842800958415,1.295742173489838,0 103.8851619733897,1.295775292755864,0 103.8859178693523,1.295795158151836,0 103.8864549551805,1.295795143119092,0 103.8873103195599,1.295768603569629,0 103.8884498010524,1.295725463916161,0 103.8894629862621,1.295688694541385,0 103.890455173048,1.295630932474772,0 103.8910483889505,1.295599424112374,0 103.8916731085669,1.295578411244018,0 103.8924815812578,1.295583634246815,0 103.893200243082,1.295648362789062,0 103.8938131947842,1.295796898155463,0 103.8947790624973,1.296075407691797,0 103.8958197337819,1.296463606087161,0 103.8965700746887,1.296753550759775,0 103.8973014998209,1.297018281542196,0 103.8982897843033,1.297365198629676,0 103.8990081915817,1.295349946533906,0 
					</coordinates>
				</LineString>
			</Placemark>
			<Placemark>
				<name>Untitled Path</name>
				<styleUrl>#msn_ylw-pushpin21</styleUrl>
				<LineString>
					<tessellate>1</tessellate>
					<coordinates>
						103.8396204603528,1.279708400567005,0 103.840447366021,1.280738430596233,0 103.8413184018627,1.281801105691651,0 103.8411009502661,1.281937879026135,0 103.8409752859061,1.282063511567394,0 103.8408381966858,1.282349040822131,0 103.8408062088741,1.282472389848857,0 103.8408107781637,1.282545485631889,0 103.8408610437793,1.282598023190004,0 103.8409650259523,1.282647745811607,0 103.8410267158675,1.282670588346984,0 103.8411181082065,1.28272312593316,0 103.8411638042888,1.28278936875118,0 103.8411797978395,1.282903580253744,0 103.8411935065682,1.283033781313472,0 103.8412620504479,1.283173119320523,0 103.8413740055839,1.283310173118147,0 103.8415156629843,1.283476921967217,0 103.8416139092486,1.28360255477614,0 103.8416749276335,1.283715006080485,0 103.841725067391,1.283860830879813,0 103.8417364626304,1.284022605113803,0 103.841736462412,1.284175265296644,0 103.8417179111038,1.284406249252569,0 103.8428802446491,1.285771080613858,0 103.8426228966261,1.285977748904475,0 103.8424619797771,1.286211278307187,0 103.8424152617605,1.286346206540938,0 103.8423685435787,1.28653043566408,0 103.8423296113568,1.286745802460803,0 103.842358160641,1.286906679039427,0 103.8424126641558,1.287077935102153,0 103.8425301593361,1.287304489390149,0 103.8428052496183,1.287811034561693,0 103.8432542842543,1.287618457398793,0 103.8434748957448,1.287514666423892,0 103.8438226834048,1.287346006425036,0 103.8445102064062,1.28696547021665,0 103.8452734403699,1.286474469854897,0 103.8472326532524,1.285414623505082,0 103.8484434975642,1.284730443465585,0 103.848783223669,1.284555676302038,0 103.8489547362788,1.284466643794727,0 103.8492350941534,1.284258901000663,0 103.8493901162587,1.284084132906355,0 103.8496449384946,1.28378393714621,0 103.8493538493138,1.283495952864602,0 103.8492507554451,1.283389853650168,0 103.8488626373348,1.282759322056626,0 103.8485048399176,1.282216700054645,0 103.8490415335537,1.281892688992332,0 103.8484684521806,1.280955985037695,0 103.8475978646543,1.279525404033789,0 103.8473125178196,1.279687768145685,0 103.8466657539206,1.279874738735409,0 103.8464401450366,1.279056336431395,0 103.8464833627119,1.278840301276915,0 103.8464929664722,1.278655471151035,0 103.8464521492136,1.278379425834683,0 103.8463793596052,1.278172503283816,0 103.8462790068222,1.27780079837476,0 
					</coordinates>
				</LineString>
			</Placemark>
			<Placemark>
				<name>Untitled Path</name>
				<styleUrl>#msn_ylw-pushpin21</styleUrl>
				<LineString>
					<tessellate>1</tessellate>
					<coordinates>
						103.8542844745065,1.288947598469543,0 103.8531023832699,1.287359324148258,0 103.852601780848,1.286785642368675,0 103.8522693100796,1.286480334811965,0 103.8519725054716,1.286294436813174,0 103.851693582614,1.286197913834138,0 103.8514861794064,1.286158590295279,0 103.851264473358,1.286165741483193,0 103.8510213127986,1.286237242110168,0 103.8507638496028,1.286344492142536,0 103.8505993596757,1.286433866761037,0 103.8500659546318,1.285767945632974,0 103.8499175908102,1.2856961001892,0 103.8497182269275,1.285645113184898,0 103.8496069540314,1.285640478019347,0 103.8493820902006,1.285730864748917,0 103.848719168462,1.286070681941688,0 103.8483366446334,1.286251591539956,0 103.8478006526183,1.286496620801991,0 103.8471658776451,1.285451434587729,0 
					</coordinates>
				</LineString>
			</Placemark>
			<Placemark>
				<name>Untitled Path</name>
				<styleUrl>#msn_ylw-pushpin21</styleUrl>
				<LineString>
					<tessellate>1</tessellate>
					<coordinates>
						103.8428073991684,1.287815051672823,0 103.8426257346212,1.287859893082712,0 103.842391287492,1.287891495771941,0 103.8421805485645,1.287965235554278,0 103.8419355644332,1.288070578158317,0 103.8416537004912,1.288212790899428,0 103.8412559280381,1.288436645155683,0 103.8417087460124,1.289314744140695,0 103.842274694677,1.290423508956675,0 103.8427854123377,1.291367281181936,0 103.8437210684856,1.293037890005589,0 103.8439450104077,1.292887689462218,0 103.8443046600535,1.29261933986409,0 103.8446040372165,1.292376906034206,0 103.8448315639948,1.292194332403126,0 103.845154892344,1.291939926068572,0 103.845475228365,1.291697490787152,0 103.8459798818285,1.291360206679765,0 103.846366077966,1.291108793629801,0 103.8466564737237,1.290911254529518,0 103.8469319012534,1.290725686976583,0 103.8470965595641,1.290608958650788,0 103.8473031315381,1.290471278512829,0 103.8474588095785,1.290372507505312,0 103.8476593953298,1.290291694045263,0 103.8479647662876,1.290201899850346,0 103.8483300253886,1.290121008141838,0 103.8480170818873,1.289749936818603,0 103.8487484939804,1.289407968750177,0 103.8491305757151,1.289167863626609,0 103.8494726313196,1.288905930194154,0 103.8495988462714,1.288688917003522,0 103.8497043725426,1.288361501023752,0 103.8497698715843,1.288121396218258,0 103.8498608428687,1.28778306672477,0 103.8500100368049,1.287368339463273,0 103.850126660427,1.287072753501956,0 103.8502945658431,1.28672890323418,0 103.8504218495736,1.286559685041459,0 103.8505965268756,1.286432432102647,0 
					</coordinates>
				</LineString>
			</Placemark>
			<Placemark>
				<name>Untitled Path</name>
				<styleUrl>#msn_ylw-pushpin21</styleUrl>
				<LineString>
					<tessellate>1</tessellate>
					<coordinates>
						103.8344407464627,1.276090083428296,0 103.8341990278504,1.276185281667636,0 103.8339664654369,1.276306109875482,0 103.8337833451643,1.276476368136787,0 103.8336002245867,1.276666764450101,0 103.8334354157976,1.27680956165224,0 103.8331266156576,1.277035111815361,0 103.8328018314459,1.2772049090895,0 103.8323101849031,1.277449178597894,0 103.8317301745678,1.277725008464699,0 103.8311771770238,1.277999759568601,0 103.8308956505956,1.278106979090142,0 103.8306040689437,1.278177341375497,0 103.8303862198032,1.278251054861504,0 103.8301449088204,1.278354924458879,0 103.8299270573556,1.278475547901879,0 103.8292766953477,1.278827605645499,0 103.8290023532997,1.279058149687327,0 103.8293403050353,1.279483467661494,0 103.8296623518176,1.27985711167589,0 103.8300620582935,1.280240032358866,0 103.8304159154788,1.280558027397427,0 103.8308015781419,1.280868072197688,0 103.8313065166475,1.281221841847494,0 103.8318353105652,1.281535863929205,0 103.8324678940734,1.281861737272911,0 103.8331557260673,1.282163832841923,0 103.8339509049759,1.282446054416372,0 103.8346466883141,1.282704428161853,0 103.8352159364509,1.282940976609125,0 103.8357089471929,1.283171522857857,0 103.8360468978705,1.283378218841278,0 103.8363093068771,1.283588889592479,0 103.836512077852,1.283787635726832,0 103.8367428317846,1.284030956340066,0 103.8369615066951,1.284400624593818,0 103.8372239155637,1.284817990592538,0 103.837494275838,1.285187657157493,0 103.837712949701,1.285461926071121,0 103.8380111420514,1.285760045263998,0 103.8384425915966,1.286044599075151,0 103.8388043995835,1.286283094532696,0 103.8392178932648,1.286541464061856,0 103.8395121097287,1.286724310124487,0 103.8397904228406,1.286899206528178,0 103.8401403030101,1.287109877804031,0 103.8404416335853,1.287308340676057,0 103.8407576020831,1.28756208814768,0 103.8409388953222,1.287771817968608,0 103.8410399015698,1.287950476740907,0 103.841257023028,1.288437686268785,0 
					</coordinates>
				</LineString>
			</Placemark>
			<Placemark>
				<name>Untitled Path</name>
				<styleUrl>#msn_ylw-pushpin21</styleUrl>
				<LineString>
					<tessellate>1</tessellate>
					<coordinates>
						103.8573760416288,1.295511626725043,0 103.8570801190822,1.295732766494317,0 103.8563984841088,1.296254470684686,0 103.8562352048642,1.296364326600629,0 103.8555697179957,1.295331843751166,0 103.8541312313858,1.296450700031984,0 103.8543658002311,1.296750190109273,0 103.8532851049567,1.29759871830073,0 103.851906406462,1.295970609773084,0 103.8514659490829,1.295444354536439,0 103.8510729097993,1.295016489529164,0 103.8505881608663,1.294466377636908,0 103.8502824610884,1.293911897689572,0 103.8498233409744,1.293049186997212,0 103.8494739710578,1.292241481152379,0 103.8492337770911,1.291700096959792,0 103.8488556320783,1.290950519161778,0 103.8485915746308,1.290498743631844,0 103.8483277135908,1.290122047613512,0 
					</coordinates>
				</LineString>
			</Placemark>
			<Placemark>
				<name>Untitled Path</name>
				<styleUrl>#msn_ylw-pushpin21</styleUrl>
				<LineString>
					<tessellate>1</tessellate>
					<coordinates>
						103.8506066129635,1.294484564111594,0 103.8491078597988,1.295378289589628,0 103.8486825537448,1.295685173314642,0 103.8481211332304,1.296112835925044,0 103.8479214245257,1.296342073983689,0 103.8476292584907,1.296693325155095,0 103.8473962649709,1.296881891748548,0 103.847141081172,1.297066761219667,0 103.8467934383557,1.297270118381641,0 103.8464568889649,1.297395831200313,0 103.8460759572292,1.297454991885427,0 103.8457135152168,1.297369954169762,0 103.8453540804224,1.297235854969347,0 103.8449074211368,1.297027184563851,0 103.8446837865013,1.296857803881738,0 103.8444247157602,1.296636032972575,0 103.8442757641407,1.29652773521238,0 103.8440641671279,1.296465139477653,0 103.843871152708,1.296461755391427,0 103.8440152835312,1.295462614907431,0 103.8440929477937,1.294863228017322,0 103.8441373272891,1.294523069275429,0 103.8441595166583,1.294275344972371,0 103.8441558177726,1.294101568079335,0 103.8441410239027,1.293957370127841,0 103.8440855479203,1.293742921458076,0 103.8439685853941,1.293495777790083,0 103.8437204640851,1.293036463949602,0 
					</coordinates>
				</LineString>
			</Placemark>
			<Placemark>
				<name>Untitled Path</name>
				<styleUrl>#msn_ylw-pushpin352</styleUrl>
				<LineString>
					<tessellate>1</tessellate>
					<coordinates>
						103.8532850252666,1.297596300897103,0 103.8540518170923,1.298494985463826,0 103.8521959881559,1.300021598049118,0 103.8519608096242,1.30021427606127,0 103.851632550288,1.300459461499724,0 103.8510522680815,1.299781086225159,0 103.8499290937556,1.298431412032938,0 103.8495489827809,1.29871613811558,0 103.8496406406028,1.298834635353245,0 103.8491708639483,1.299204883643495,0 103.8486718299944,1.298583260391389,0 103.848534786027,1.298658040867876,0 103.8484440128849,1.298693657541679,0 103.8483140760968,1.298720386791511,0 103.8482037140953,1.298725755509216,0 103.8480061282028,1.298727588581958,0 103.8477729373146,1.29871697400274,0 103.8474418366229,1.298686810010819,0 103.8474464945882,1.298311815366771,0 103.8473724934945,1.298298710206462,0 103.8472770069997,1.298277258456766,0 103.8471922527009,1.298221200937474,0 103.8471277877074,1.298163944731017,0 103.8470808106003,1.298083777379692,0 103.8467873947218,1.297577632459816,0 103.8463500253995,1.297525398820556,0 103.8460729451326,1.297454278366258,0 
					</coordinates>
				</LineString>
			</Placemark>
			<Placemark>
				<name>Untitled Path</name>
				<styleUrl>#msn_ylw-pushpin21</styleUrl>
				<LineString>
					<tessellate>1</tessellate>
					<coordinates>
						103.8516326046406,1.300459354341186,0 103.8522012729547,1.301175076869775,0 103.8526780260461,1.301742365303138,0 103.8530478529307,1.30221384470898,0 103.8534408187959,1.302693075562267,0 103.8535564383912,1.302819597819068,0 103.8536564334762,1.302918003850751,0 103.8537298671768,1.302967987715007,0 103.8538142376284,1.303000789413246,0 103.8538829839407,1.303036715214807,0 103.8539611047982,1.303086699032469,0 103.854001727709,1.303124187003287,0 103.8540470378983,1.303167922993463,0 103.854089223381,1.303230403130079,0 103.8541587446131,1.303386764896428,0 103.8543719872956,1.303288265409505,0 103.8545325946351,1.303228895448959,0 103.854730329345,1.30319203072297,0 103.8549623547788,1.303176074075449,0 103.8551207214376,1.303158890506974,0 103.8552471693878,1.303135570441103,0 103.8553502921323,1.303112250480583,0 103.8554779681515,1.303066838301991,0 103.8555933082553,1.30301494006832,0 103.8556718774373,1.302964619028033,0 103.855783592939,1.302872568497746,0 103.8559519178459,1.302719153532797,0 103.856135384347,1.302583980311684,0 103.8562160876218,1.302522289851723,0 103.8563078568569,1.302471674835265,0 103.8563837934235,1.302460603239737,0 103.8565483171645,1.30245427689998,0 103.8566416523698,1.302449532118872,0 103.8567175859185,1.30244320568508,0 103.8567650444353,1.302432134352705,0 103.856831485664,1.302402084066666,0 103.8569295617268,1.302348311993734,0 103.8570054862013,1.302280309990865,0 103.8570671697265,1.302210731076941,0 103.8571134128438,1.302149614338189,0 103.8571751313051,1.302032581304607,0 103.8572368433614,1.301912398872132,0 103.8573222712448,1.301806460091374,0 103.8574013615044,1.301728989270523,0 103.8574883531059,1.301662590319059,0 103.857581665219,1.301593033950181,0 103.8576385981763,1.301540869666182,0 103.8576923654622,1.30148870794351,0 103.8579860634633,1.30125942963301,0 103.8585173154724,1.300820372298499,0 103.8586093537299,1.30075551103027,0 103.8587028961153,1.300663505744181,0 103.8587919044494,1.300557936344626,0 103.8589608419014,1.300334769071617,0 103.8591327643782,1.300150844090746,0 103.8592126884354,1.300095070146691,0 103.8593031569776,1.300006139628325,0 103.8593992292078,1.299895982318012,0 103.8594717066159,1.299769208687635,0 103.8595230573161,1.299613782389307,0 103.8595532659584,1.299499114583043,0 103.8595970512238,1.299378425976464,0 103.8596393149018,1.299292444320084,0 103.8597087293915,1.299209486631743,0 103.8597902097047,1.299103914127958,0 103.8598867674551,1.298981765609654,0 103.860004432234,1.298803847493396,0 103.8601115186181,1.298612394490152,0 103.860192947795,1.298413442439243,0 103.8602818607656,1.298197241909343,0 
					</coordinates>
				</LineString>
			</Placemark>
			<Placemark>
				<name>Untitled Path</name>
				<styleUrl>#msn_ylw-pushpin352</styleUrl>
				<LineString>
					<tessellate>1</tessellate>
					<coordinates>
						103.8491723140721,1.29920716731937,0 103.8495000038761,1.299638591897416,0 103.8495744641116,1.299793251230319,0 103.8496703858456,1.300078708667279,0 103.8497780202342,1.300466983774943,0 103.8499258576358,1.30097712238517,0 103.8499973922207,1.301298939167326,0 103.8500426981709,1.301697432320664,0 103.8500450835662,1.301950118116751,0 103.8500546227847,1.302307692265093,0 103.8500641628348,1.302893758542282,0 103.8500832395545,1.303184585454592,0 103.8500903937282,1.303382443256228,0 103.850114238919,1.303547004394465,0 103.8501523908171,1.303761549049679,0 103.8501976960033,1.303954638992975,0 103.8502763834819,1.30414296109759,0 103.850371762251,1.304328899414777,0 103.850444703092,1.304457258311156,0 103.850537697177,1.304616974581854,0 103.8505949243013,1.304719478998641,0 103.8506140001707,1.304793377586009,0 103.8506473827652,1.304879195244339,0 103.850752298967,1.305015072980835,0 103.8508834432488,1.304936406107019,0 103.8510908899575,1.304814829891276,0 103.8512796585631,1.304720570886531,0 103.851508217797,1.304592346540734,0 103.8517630860668,1.304442751362348,0 103.8520442641459,1.304296443330737,0 103.8522070520899,1.304209315687531,0 103.8524639640567,1.304076657383781,0 103.8526679464161,1.304012799502416,0 103.8528327808626,1.303967480773532,0 103.8530264616462,1.303915981998289,0 103.8531830549474,1.303852123885707,0 103.8533520113564,1.303767666327098,0 103.8535745404265,1.303617290576229,0 103.8537393777298,1.303522532378247,0 103.8539446486927,1.303433950344268,0 103.8541066477665,1.303398858611301,0 103.8541588325233,1.303385856253501,0 
					</coordinates>
				</LineString>
			</Placemark>
			<Placemark>
				<name>Untitled Path</name>
				<styleUrl>#msn_ylw-pushpin352</styleUrl>
				<LineString>
					<tessellate>1</tessellate>
					<coordinates>
						103.8438717981152,1.296461985871969,0 103.8437453215531,1.296473774343377,0 103.843563707098,1.296540481924931,0 103.8433706150532,1.296673850712217,0 103.8432005382042,1.296894558344352,0 103.843039689086,1.297230190786207,0 103.8427631289822,1.297740372249017,0 103.8425702354523,1.298136831774771,0 103.8423869355643,1.29843455109865,0 103.8422529024943,1.298625805540439,0 103.8421011092329,1.298767781752815,0 103.8419512758186,1.298866388426566,0 103.8418310065821,1.298915704075494,0 103.841631865465,1.298974897780308,0 103.8414839873012,1.299016335782327,0 103.8413262486901,1.299055805245502,0 103.8414426808089,1.299402728824292,0 103.8416616678861,1.299822564440212,0 103.8422551599913,1.299692293259465,0 103.8428407284835,1.299443746676145,0 103.8430025897945,1.300078473407253,0 103.8442900893774,1.299662177019553,0 103.8451531257062,1.301801581607361,0 103.8464170704856,1.300149917522043,0 103.8467779026985,1.300468536308635,0 103.8469582263633,1.300286064065342,0 103.846998078501,1.300294440531501,0 103.8472580811171,1.300032266937142,0 103.8473105063251,1.299998703457723,0 103.8473566410819,1.299971432101209,0 103.8474027798911,1.299958838528124,0 103.8474594090165,1.299958823037916,0 103.8475391121157,1.299969285346588,0 103.847948122227,1.30004465912506,0 103.8481220682577,1.299769930250754,0 103.8489233402061,1.300063267305192,0 103.8489568748286,1.299977288356797,0 103.8489883178116,1.299912278141922,0 103.8490260546386,1.299853556683164,0 103.8490868648178,1.299803216123822,0 103.849151872027,1.29976126164032,0 103.8492504402123,1.299729782049135,0 103.8493699818539,1.299696199792794,0 103.8495046475474,1.299649217355975,0 
					</coordinates>
				</LineString>
			</Placemark>
			<Placemark>
				<name>Untitled Path</name>
				<styleUrl>#msn_ylw-pushpin352</styleUrl>
				<LineString>
					<tessellate>1</tessellate>
					<coordinates>
						103.8454557207912,1.301406621431172,0 103.8455909545307,1.30169684303253,0 103.8456992666713,1.301659509401021,0 103.8458831646483,1.302067250076692,0 103.8454012547891,1.302285737472218,0 103.8458364558608,1.303357482469335,0 103.8454386204336,1.3039532620979,0 103.8454339832601,1.304026285605644,0 103.8458924745401,1.304795899662147,0 103.8460173317608,1.304825050800441,0 103.8467761294134,1.304379551787429,0 103.8471508938663,1.304084888737135,0 103.8481790141284,1.303520798902442,0 103.8482521496063,1.303598437302677,0 103.8482544540767,1.303664660974351,0 103.8484075938415,1.303829086286649,0 103.848409948332,1.304036920945028,0 103.8484741445364,1.304646839278682,0 103.8485016327361,1.304822766308799,0 103.8483508123351,1.304889028406015,0 103.8483074039872,1.304941582542227,0 103.8486841425957,1.305470398163757,0 103.8465703448193,1.306960075223634,0 103.8471347654674,1.308365307574284,0 103.8477283094571,1.307649937013111,0 103.8478582103108,1.307469740861181,0 103.8480871809536,1.307161101951287,0 103.8484415386874,1.30680374132422,0 103.8491617235606,1.306191579605189,0 103.8497404072236,1.305723841832235,0 103.8500613635975,1.305524096466897,0 103.8502843287392,1.305380785328494,0 103.8504451205931,1.305274136295624,0 103.8506121815965,1.305135700261127,0 103.850752536824,1.30501416667887,0 
					</coordinates>
				</LineString>
			</Placemark>
			<Placemark>
				<name>Untitled Path</name>
				<styleUrl>#msn_ylw-pushpin352</styleUrl>
				<LineString>
					<tessellate>1</tessellate>
					<coordinates>
						103.8471680872952,1.308327098126904,0 103.8468504456346,1.308687095093194,0 103.8465688092745,1.309040751778587,0 103.8464316329779,1.309247574240328,0 103.8462857669383,1.309417789864143,0 103.8458972357775,1.309898048547293,0 103.8456655140813,1.310097244783271,0 103.8454312795599,1.310231743973533,0 103.845207019044,1.310308971818711,0 103.8448830507257,1.310406145572302,0 103.8444839129659,1.310503009255455,0 103.8442986868713,1.310567753587102,0 103.8440597064497,1.310216821001102,0 103.8438329979702,1.309942288960912,0 103.8435383063932,1.309623888760733,0 103.843183236081,1.3092906998243,0 103.8429283860784,1.309052161145299,0 103.8424732318324,1.308655555428641,0 103.8421266301935,1.308341331940958,0 103.8413180118151,1.307762119747554,0 103.8410775033414,1.307575712075925,0 103.8408010909015,1.307281230702114,0 103.8405789463405,1.306980944411035,0 103.8403790256679,1.306634870413332,0 103.8402312804956,1.306301058459593,0 103.8400760676566,1.305721700542556,0 103.8400404003168,1.305313313879692,0 103.8400507313861,1.304983280680808,0 103.8401091112127,1.304621531155675,0 103.840253556906,1.304111478539993,0 103.8404074866246,1.303766583765877,0 103.8406350955,1.303414271284524,0 103.8408572557389,1.303154414413701,0 103.8411253223991,1.30290341539873,0 103.8415318947686,1.302553071962647,0 103.8418941052782,1.302257005465898,0 103.8422280768592,1.301985124314093,0 103.8425538459184,1.301719406444551,0 103.8427935506276,1.301503755604991,0 103.8430371249101,1.301262274058176,0 103.8431343320578,1.301135025547559,0 103.8431719237688,1.301052528676097,0 103.8431888923982,1.300984593861718,0 103.8431876522071,1.300885124928641,0 103.8431779149371,1.300772314813115,0 103.8431414733796,1.300620694502978,0 103.8430027590378,1.300078354827547,0 
					</coordinates>
				</LineString>
			</Placemark>
			<Placemark>
				<name>Untitled Path</name>
				<styleUrl>#msn_ylw-pushpin352</styleUrl>
				<LineString>
					<tessellate>1</tessellate>
					<coordinates>
						103.8411135771173,1.302915226035108,0 103.8398375610955,1.303304903022282,0 103.839541149428,1.302610246172159,0 103.83945722268,1.302280593999524,0 103.8394142752862,1.301924853687487,0 103.8394197893247,1.301651052655415,0 103.838825191179,1.301852425436149,0 103.8388641548062,1.30202926130363,0 103.837748064286,1.302390323260151,0 103.8377750969584,1.302484457574203,0 103.8377863792268,1.30259487519341,0 103.8377656565447,1.303424134040125,0 103.837748787312,1.303689871512763,0 103.8377263276393,1.303795354219606,0 103.8376855954648,1.303889340114251,0 103.8376258051232,1.303977004481436,0 103.8375494867771,1.304060883483255,0 103.8374324784662,1.304198253102797,0 103.8372762727268,1.304368389690311,0 103.8372000595873,1.304415386074154,0 103.8371467009089,1.304450956252371,0 103.8370856821055,1.304529735551238,0 103.837022112951,1.304599639279329,0 103.836959841984,1.30462506302267,0 103.8368950426331,1.304633961773737,0 103.8368302582393,1.304628876320507,0 103.8367655141423,1.30459455365896,0 103.8367084068975,1.304555151509963,0 103.8366792640205,1.304506859920595,0 103.836636232152,1.304410302151,0 103.8358526421636,1.304797370922995,0 103.8357817603252,1.304623367123911,0 103.8357324105631,1.304510386955225,0 103.835674203313,1.304393647018065,0 103.8356033109653,1.3042896376364,0 103.8355399835053,1.304226236301286,0 103.8354728012779,1.304195808498246,0 103.8353738776651,1.304181862933631,0 103.8352723983722,1.304178059028754,0 103.8351634226485,1.304199610214434,0 103.8350187329644,1.30424778762883,0 103.8349197160738,1.304283292236993,0 103.8348118149552,1.304312459975643,0 103.8346963306424,1.304320068766038,0 103.834674398048,1.304387378477364,0 103.8346465035647,1.304445655452554,0 103.8345868930217,1.304511548380952,0 103.8344803218154,1.304619291754526,0 103.8343470522803,1.304747370912639,0 103.8340609509233,1.305057242700815,0 103.8339091098047,1.305231856134842,0 103.8338478801716,1.305317564338726,0 103.8337996600547,1.305407897654866,0 103.833745372071,1.305544058988829,0 103.8336946431641,1.305721295731573,0 103.8336824910023,1.305860034423593,0 103.8336884481899,1.305961420737398,0 103.8336944184569,1.306047147080866,0 103.8341249022709,1.306039320766692,0 103.8345216548693,1.30651200985586,0 103.8350365207594,1.306518050104157,0 103.8350249788392,1.306726900454916,0 103.8358646182081,1.306842519313439,0 103.835780101515,1.30736783087307,0 103.8351440417786,1.308415866435871,0 103.8355113554977,1.3091151506382,0 103.8352536560055,1.309291059523845,0 103.8349005529946,1.309499652663013,0 103.8341900403924,1.309819498476764,0 103.834085012947,1.309713238094234,0 103.833933061405,1.309471903569507,0 103.8335618709653,1.308957710812924,0 103.8332481710949,1.308036749204185,0 103.8324986595681,1.30824677086783,0 103.8323458997184,1.307802635467759,0 103.8316890599368,1.308028981026322,0 103.831290568148,1.307129754741528,0 103.8297166600585,1.307940744535388,0 103.8295938195864,1.307978759860792,0 103.8295191221579,1.307983828738208,0 103.8294343327124,1.307967353750581,0 103.8293407615271,1.307911600630432,0 103.8292776330797,1.307831792251321,0 103.829206356319,1.30768996604779,0 103.8286543562593,1.307989111760347,0 103.8281553733,1.308242431328439,0 103.8277285031103,1.307341661158345,0 103.8275570673062,1.30712450073421,0 103.8275558039653,1.307124500717514,0 103.8269869043524,1.306826414146249,0 103.8263212142737,1.306369689002877,0 103.8253070258915,1.3056806402226,0 103.8249677538232,1.305505510400484,0 103.8246984373341,1.30539550558422,0 103.8245138779053,1.305347470568202,0 103.8242547295227,1.3053310372337,0 103.8240297241068,1.305317132754214,0 103.8238767757864,1.305308284668301,0 103.823755435375,1.305299437204356,0 103.8235888231811,1.305280281065731,0 103.8233814540066,1.305220827820473,0 103.8227765889043,1.30501628980276,0 103.8229704415945,1.304831622656382,0 103.8231528286513,1.304616755812387,0 103.8232553710811,1.304485390780264,0 103.8233262984554,1.304336417505112,0 103.823399757281,1.304140854667905,0 103.8234428158429,1.304002152292977,0 103.8234753155539,1.303824507562031,0 103.8234880734578,1.303667999638373,0 103.8234752629431,1.303345783005069,0 103.8234678287687,1.303165253554349,0 103.8234628456403,1.303080710549582,0 103.8234037366174,1.302610401436275,0 103.8241144684541,1.302710045770114,0 103.824298303506,1.302780811209133,0 103.8244194965688,1.302804591194069,0 103.8246211068549,1.302839694916234,0 103.8249246540667,1.302899710469895,0 103.8251534468606,1.302934813900034,0 103.825395063447,1.302997093562551,0 103.8256363880041,1.303089946490185,0 103.8258481919449,1.303212240532418,0 103.8261109638354,1.303409269339154,0 103.8263352258385,1.303582518895018,0 103.8266048754192,1.303815444007408,0 103.8268042193662,1.303983031560631,0 103.8269627885686,1.304099663591716,0 103.8271404653281,1.304222719550122,0 103.8274372167002,1.304386910219419,0 103.8276671422155,1.304482027735563,0 103.8279004658257,1.30457488078911,0 103.8282098393871,1.304652522461461,0 103.8284531271876,1.304687265614316,0 103.8286600372752,1.304685613352341,0 103.8289397779437,1.304682307361716,0 103.8290771625458,1.30466411108681,0 103.8292211568103,1.304632682410442,0 103.8294875860631,1.304559909971649,0 103.8297191976326,1.304473924132927,0 103.8300577485707,1.304319899985502,0 103.8303127432471,1.304170922204926,0 103.8305940871613,1.303964110141479,0 103.8307777069605,1.303836772911095,0 103.8310241393702,1.303714439533929,0 103.8311994002266,1.303625195106159,0 103.8313762252701,1.303506236169036,0 103.8317915000491,1.303201000340766,0 103.8320199561723,1.303032149587717,0 103.8321308416934,1.302962645938854,0 103.832575118908,1.303487576613159,0 103.8326414779108,1.303560498564531,0 103.83269950261,1.303587019660899,0 103.832754191676,1.303595308347819,0 103.8328154971056,1.303595309032698,0 103.8328585504987,1.303578733565468,0 103.8329264184069,1.303540612571241,0 103.8330107780349,1.303464382057061,0 103.8333484454533,1.303163390939267,0 103.8335850918609,1.302909895946254,0 103.8339555254932,1.302560597376045,0 103.8346684947435,1.301936265692661,0 103.834863604035,1.301790639203147,0 103.83508328298,1.30166211882075,0 103.8351858859328,1.301607486027323,0 103.8352338422987,1.301557826688153,0 103.8352734776344,1.301480040554538,0 103.8352981909904,1.301390689838956,0 103.8353047009649,1.301307977347718,0 103.8352797877149,1.301241820879485,0 103.8348495344838,1.300449390919065,0 103.8352701814261,1.300265642845474,0 103.8355433238762,1.300158086391048,0 103.8357717155505,1.300081989052939,0 103.8362284108589,1.299976141693201,0 103.8373713210035,1.299746666869091,0 103.837775416785,1.298536130231399,0 103.8388504591105,1.29832992247702,0 103.839633201349,1.299253939500026,0 103.8399733519614,1.299276122267492,0 103.8402318064945,1.299295357123307,0 103.8404174764974,1.299305701872932,0 103.8405481849177,1.299301211867633,0 103.8406759182033,1.299280388179501,0 103.8408036466692,1.299241745064059,0 103.8413264127402,1.299057203936185,0 
					</coordinates>
				</LineString>
			</Placemark>
			<Placemark>
				<name>Untitled Path</name>
				<styleUrl>#msn_ylw-pushpin352</styleUrl>
				<LineString>
					<tessellate>1</tessellate>
					<coordinates>
						103.8234050005819,1.302610030611901,0 103.8233242489624,1.301993727445525,0 103.8232676485174,1.301595603748309,0 103.8232494551379,1.301375321786572,0 103.8232555192432,1.301187374564613,0 103.8232777549685,1.301015594781661,0 103.823344463245,1.300864024653168,0 103.8234334077293,1.300740747913198,0 103.8236124727245,1.30057948249521,0 103.8237883409437,1.300474395021084,0 103.8240208094687,1.300357182469773,0 103.8241986977655,1.300272304534898,0 103.8243907357728,1.300171259355349,0 103.8246535239853,1.300045963419688,0 103.8249037023304,1.299916753982523,0 103.8252129845295,1.299734872342887,0 103.8254838583735,1.299597450772365,0 103.8257749462525,1.299455987163485,0 103.8260539053906,1.299348878773976,0 103.8263106288202,1.299272083822933,0 103.8266421463182,1.299181141828151,0 103.8273151851666,1.299068808604956,0 103.82772452491,1.299010882418834,0 103.8281245174533,1.298986591393947,0 103.8285712373235,1.298949219446795,0 103.8289076792055,1.298951088331524,0 103.8291693566045,1.298990329795064,0 103.8295282295759,1.299087498986735,0 103.8299076110694,1.299249578100068,0 103.8299830743855,1.298987443579429,0 103.8300048182094,1.298795637705,0 103.8300150507058,1.298638356692365,0 103.8300713294362,1.297514428764302,0 103.830135281956,1.296821091888195,0 103.8302169307268,1.296152084447764,0 103.8303182111213,1.295675123395907,0 103.8305500893716,1.295070263847741,0 103.8307952944499,1.294529353688259,0 103.8310778128856,1.293802979564271,0 103.8312190727611,1.293416614922487,0 103.8314080006877,1.29286384516372,0 103.8314835033532,1.29263739552403,0 103.8316075434808,1.292419032878847,0 103.8317662507419,1.292222716532946,0 103.8334353782858,1.292385170668239,0 103.8341682840509,1.290959583205558,0 103.8345834049681,1.290257994293829,0 103.8347975545702,1.289780386023022,0 103.8349161609063,1.289490526203044,0 103.8349985262829,1.289203959752544,0 103.8350545344664,1.288891041360318,0 103.8350497245272,1.28817447616981,0 103.8350618680356,1.287307847350653,0 103.8350274328443,1.286931221659574,0 103.8349464142767,1.286582944251247,0 103.8349059040555,1.286307561219841,0 103.8348694448068,1.286054451102858,0 103.8348572899413,1.285824914138266,0 103.8348572871372,1.285531307542628,0 103.8348653869873,1.285353118374259,0 103.8348896901947,1.285203277047849,0 103.8349808303099,1.284954215249543,0 103.835103764471,1.284614873195283,0 103.8352373151485,1.284319623482232,0 103.8353896757819,1.284011210011033,0 103.8355664901333,1.283732885166851,0 103.8357414239492,1.283480887664389,0 103.8358807742258,1.28327688669563,0 
					</coordinates>
				</LineString>
			</Placemark>
			<Placemark>
				<name>Untitled Path</name>
				<styleUrl>#msn_ylw-pushpin21</styleUrl>
				<LineString>
					<tessellate>1</tessellate>
					<coordinates>
						103.8290690454856,1.275101393371477,0 103.8285393990758,1.275567730570395,0 103.8279245546579,1.276087288361871,0 103.8274012013243,1.27648976415678,0 103.8267693519394,1.276948701439481,0 103.8262350215486,1.277274338932782,0 103.8256531097747,1.277596318145633,0 103.8249221395183,1.278028062814337,0 103.8242780096927,1.278353702829146,0 103.8239303231626,1.278507376835702,0 103.8235531773942,1.278624454422397,0 103.8230225076533,1.278730558632984,0 103.8224881794016,1.278770803645552,0 103.8219501916269,1.278778119357269,0 103.8214524604605,1.278800071468526,0 103.8208888503754,1.278876907688279,0 103.820387453376,1.278975698511118,0 103.8198095307669,1.279172589505601,0 103.8191719820629,1.279481237757188,0 103.8186221490638,1.279802051772701,0 103.8172558056108,1.280679821135112,0 103.816506008274,1.281149720106689,0 103.8158401415643,1.281569275087947,0 103.815364519912,1.281888139220487,0 103.8149616386683,1.282128687323728,0 103.8144359228135,1.282426185884701,0 103.8136861237565,1.282767419109796,0 103.8129698987151,1.283047118666593,0 103.8124383251378,1.283203750491305,0 103.8118004353524,1.283349194685689,0 103.8111625430225,1.283455481685466,0 103.8105282829069,1.283517006546544,0 103.809784080067,1.283578534403898,0 103.808939157717,1.283623281386727,0 103.8079319604531,1.283690407214217,0 103.8069389640987,1.283740739804959,0 103.8060548720186,1.283807858335776,0 103.8050532744285,1.283858196468213,0 103.8040628629211,1.283930915411995,0 103.8032179286334,1.283975667818233,0 103.8024513242489,1.284020423214304,0 103.8015392190656,1.284081965141344,0 103.8013881412526,1.283819035868053,0 103.8012588163403,1.283526031050075,0 103.8012162552372,1.283270694097245,0 103.8012535082019,1.282983440792008,0 103.8013705748694,1.282637674312632,0 103.8016313070223,1.282121687476729,0 103.8019292829856,1.281547189607161,0 103.8023815586364,1.280727964463993,0 103.8026369652391,1.280233257239163,0 103.8027912725782,1.279935370082521,0 103.80289237091,1.279674718995575,0 103.8030307148539,1.279366193781011,0 103.803089245637,1.279169375773486,0 103.8030998890745,1.278999154314489,0 103.8030892497564,1.278797016016676,0 103.8030307241213,1.278520404939119,0 103.8029668764472,1.278350182128962,0 103.802733192859,1.277693958974834,0 103.8024460893186,1.276843655737332,0 103.8022212806648,1.276220823756674,0 103.8020939784624,1.275890451420751,0 103.80202084855,1.275554663110959,0 103.8019856382453,1.275308237428992,0 103.801968813153,1.274950889381602,0 103.8019931951432,1.274606979107425,0 103.8020284117054,1.274211617647736,0 103.8020988405302,1.273753972643307,0 103.8022022197793,1.272703389983027,0 
					</coordinates>
				</LineString>
			</Placemark>
			<Placemark>
				<name>Untitled Path</name>
				<styleUrl>#msn_ylw-pushpin352</styleUrl>
				<LineString>
					<tessellate>1</tessellate>
					<coordinates>
						103.8317668947511,1.292222734203309,0 103.8315687964535,1.292171332075463,0 103.8312557712967,1.292112370689603,0 103.830912502008,1.292124464499984,0 103.8305571340474,1.292234826357809,0 103.8301291778357,1.292384495904855,0 103.8292093820918,1.292605055601978,0 103.8285794418459,1.292757526772504,0 103.8275693235205,1.292620519699171,0 103.8263948425716,1.292454783586309,0 103.8256436660694,1.292350921559826,0 103.8250535024565,1.29221391327485,0 103.8250446609402,1.292211703463851,0 103.8249846801506,1.292184606334299,0 103.8244172344489,1.291951629734142,0 103.824015112086,1.29187639227621,0 103.8156396190163,1.292718355517908,0 103.8153942518203,1.291576885707637,0 103.8131403236465,1.291923990146091,0 103.8108546515198,1.292282087559355,0 103.8096662526732,1.292492829176366,0 103.809365096968,1.292532197863007,0 103.8092307350406,1.29252524865163,0 103.8091010061572,1.292499771631711,0 103.8089666440688,1.292451134690877,0 103.8088206988116,1.292383969657286,0 103.8086840196422,1.292295960682958,0 103.8085774563542,1.292184791958337,0 103.8084338269534,1.292022670645419,0 103.8072643691425,1.290615324068507,0 103.8054203844963,1.288374231072209,0 103.8051507030541,1.288087761407113,0 103.8049723281204,1.287965011368754,0 103.8047939537951,1.287837629743428,0 103.8045020691381,1.287652347591932,0 103.8042125017023,1.287480961827047,0 103.8039692652888,1.287339684522427,0 103.8034248797532,1.28694133068113,0 103.803214074892,1.286756049952848,0 103.8031098307225,1.286647197595021,0 103.8029777877795,1.286510552902902,0 103.80287354347,1.28636464438636,0 103.8027556562601,1.286213696411768,0 103.8019787960855,1.284908976230857,0 103.8015396601973,1.28408238796423,0 
					</coordinates>
				</LineString>
			</Placemark>
			<Placemark>
				<name>Untitled Path</name>
				<styleUrl>#msn_ylw-pushpin21</styleUrl>
				<LineString>
					<tessellate>1</tessellate>
					<coordinates>
						103.8853238635148,1.295781959353026,0 103.8853165008865,1.297003761456612,0 103.8853362471366,1.297374763926228,0 103.8853915292314,1.298033882173587,0 103.8854112773407,1.29850749908764,0 103.8854112856092,1.298941648016821,0 103.8854349815253,1.299410223971792,0 103.8854784171007,1.299911468382808,0 103.885510008499,1.300373244402438,0 103.885553443357,1.300829131267339,0 103.8855503349056,1.301019434179422,0 103.8854942346219,1.30128696243636,0 103.8853947153677,1.301508990374215,0 103.8851975974184,1.301838818416937,0 103.885000479198,1.30210434084031,0 103.8848967325231,1.302257846364814,0 103.8847788570305,1.302505210445122,0 103.8846979346591,1.302849559490383,0 103.8846398363112,1.303156570282451,0 103.8843691689624,1.303846545802764,0 103.8841907248675,1.30413696082353,0 103.8839375825917,1.304435674533148,0 103.8837773093908,1.304587066467538,0 103.8817860245525,1.302505224044441,0 103.8788721251825,1.29966178553916,0 103.8779409610411,1.298952181922406,0 103.877327018561,1.298750272906324,0 103.8768948327103,1.298653353766174,0 103.8763657045518,1.298600850911536,0 103.8758729249647,1.298600842456401,0 103.875368023757,1.298677556964819,0 103.8743346989421,1.298923894992534,0 103.8736682412891,1.299186361400752,0 103.8730744827326,1.299602275788825,0 103.8724475415332,1.299917664291805,0 103.8716104103585,1.300064335530673,0 103.8715931498519,1.300072963435959,0 103.8708336898333,1.300133354379045,0 103.8701777906656,1.300124721548233,0 103.8683913112586,1.300038425072845,0 103.867485112344,1.299839968847573,0 103.8666134226324,1.299589741119093,0 103.8659143342984,1.299235973767275,0 103.8656036241564,1.298908094954635,0 103.8653446935851,1.298364507879589,0 103.865136347016,1.297488708537016,0 103.8650889018642,1.296555553811693,0 103.8651311002288,1.295717304178342,0 103.86527876378,1.294794708150213,0 103.8653680429587,1.294242152360378,0 
					</coordinates>
				</LineString>
			</Placemark>
			<Placemark>
				<name>Untitled Path</name>
				<styleUrl>#msn_ylw-pushpin21</styleUrl>
				<LineString>
					<tessellate>1</tessellate>
					<coordinates>
						103.8492616004398,1.306111637097759,0 103.8493948723649,1.306279069633929,0 103.8495094916426,1.306429469015569,0 103.8496375978673,1.306609969376071,0 103.8497820641822,1.306833189849297,0 103.8499409888227,1.307117726294017,0 103.8500738840691,1.307341234786379,0 103.8503594145659,1.307743322895186,0 103.8505824447657,1.308047250130851,0 103.8508312089545,1.308386372705957,0 103.8511166249433,1.308785863283488,0 103.8517702812144,1.309647959473274,0 103.8520932531035,1.310063338743447,0 103.8523852447187,1.310424672566918,0 103.8525782659147,1.310743895680087,0 103.8526991629455,1.311005452015015,0 103.852700611108,1.311007066805472,0 103.8528296902955,1.311372014788719,0 103.8529886949058,1.311780108654087,0 103.853077647083,1.311980073736916,0 103.8532295940735,1.312274643679376,0 103.8534193222297,1.312625943017437,0 103.8536000508802,1.312889215435483,0 103.8537353396746,1.313056320964954,0 103.8539294505952,1.313243516797345,0 103.8541568662445,1.31346785044145,0 103.8543400552439,1.313629869432665,0 103.8545981986805,1.313092402228094,0 103.854701051011,1.312910164381212,0 103.855139050401,1.313301067410335,0 103.855631996871,1.312567449588378,0 103.8558051213482,1.312348058104928,0 103.8561394124901,1.31277926180489,0 103.8563768126714,1.312553853741284,0 103.8564937148089,1.312352839080816,0 103.8566069865135,1.312190051609865,0 103.8567185287957,1.312087079468594,0 103.857084193167,1.311770709757134,0 103.8573331050819,1.311565611717357,0 103.8574215735896,1.31149207586745,0 103.8575253457645,1.311419376772652,0 103.8575796821219,1.311408503054809,0 103.8585981100268,1.310518173291794,0 103.8578067641569,1.309305803915335,0 103.8568860121128,1.307834441626875,0 103.8560402946654,1.306549512267591,0 103.8552056576691,1.3052245358746,0 103.8540449533846,1.303413120776002,0 
					</coordinates>
				</LineString>
			</Placemark>
			<Placemark>
				<name>Untitled Path</name>
				<styleUrl>#msn_ylw-pushpin3501</styleUrl>
				<LineString>
					<tessellate>1</tessellate>
					<coordinates>
						103.8571319978489,1.30211341285562,0 103.8572166717568,1.302189032664085,0 103.8573152856615,1.302302200135604,0 103.8574150587286,1.302436277097384,0 103.857514858051,1.302567269531409,0 103.8576170243016,1.302674115393335,0 103.8577348141581,1.302786444470962,0 103.8583522104338,1.303411779136741,0 103.8586287193803,1.303661343676378,0 103.8589761287892,1.303975065060646,0 103.8594029479147,1.304321023589886,0 103.8598498787221,1.304697152237701,0 103.8602122147682,1.304982115591999,0 103.8609065609058,1.305519003051764,0 103.861658970469,1.304620679310335,0 103.8616728438282,1.304498382645797,0 103.8617112087373,1.304363262254123,0 103.8627554775992,1.30256292650708,0 103.8628146630671,1.302462033324064,0 103.8628770883158,1.302311410889419,0 103.862927243098,1.302127762722086,0 103.8629550156832,1.3019433703733,0 103.8626825523376,1.301772261840596,0 
					</coordinates>
				</LineString>
			</Placemark>
			<Placemark>
				<name>Untitled Path</name>
				<styleUrl>#msn_ylw-pushpin21</styleUrl>
				<LineString>
					<tessellate>1</tessellate>
					<coordinates>
						103.8571123741762,1.308197951951437,0 103.857341549657,1.308012764142479,0 103.8576809769301,1.307717062540215,0 103.8580817754667,1.307368538264503,0 103.8586216128792,1.306916492163596,0 103.8588690122426,1.306673404832163,0 103.8591194831054,1.306389284010908,0 103.8593768572428,1.306127712981887,0 103.8595844108883,1.305915950230943,0 103.859700955711,1.305773853978879,0 103.859855924623,1.305571800382177,0 103.8599796413171,1.305391249755522,0 103.8601090171268,1.305166675909297,0 103.860217766661,1.304985590426552,0 
					</coordinates>
				</LineString>
			</Placemark>
			<Placemark>
				<name>Untitled Path</name>
				<styleUrl>#msn_ylw-pushpin21</styleUrl>
				<LineString>
					<tessellate>1</tessellate>
					<coordinates>
						103.8633308211932,1.300774379184607,0 103.863744425158,1.301080990434572,0 103.8648459211276,1.301866157137578,0 103.8658885479041,1.302607554312694,0 103.8667368685982,1.303170796478763,0 103.8677842149586,1.303872161262865,0 103.8685429374509,1.304356932213592,0 103.8690879293128,1.303593937371422,0 103.8697656254054,1.302206157158355,0 103.8699446861184,1.301750663845631,0 103.8701083535686,1.301248347063333,0 103.8701889152444,1.300947237581725,0 103.8702084769123,1.300689480497467,0 103.870233758157,1.300126675237388,0 
					</coordinates>
				</LineString>
			</Placemark>
			<Placemark>
				<name>Untitled Path</name>
				<styleUrl>#msn_ylw-pushpin21</styleUrl>
				<LineString>
					<tessellate>1</tessellate>
					<coordinates>
						103.8543403687815,1.313629756304068,0 103.8550944231003,1.314262996195606,0 103.855695090244,1.314810566225503,0 103.8561574083636,1.315253109344408,0 103.8567558355986,1.315862254476689,0 103.857703986874,1.316794280269594,0 103.8579684829238,1.316628735237025,0 103.8582887093714,1.316438027759761,0 103.858529743454,1.316288721686191,0 103.8586538426431,1.316200585857804,0 103.8587779209464,1.316081882478863,0 103.8589127531359,1.315903849357987,0 103.8591607852342,1.315562243308597,0 103.859715561736,1.314824527378345,0 103.8600229389703,1.314421801182282,0 103.8608517446263,1.313284305040124,0 103.8612712548738,1.312716754761681,0 103.8618144197748,1.311953513160684,0 103.8623995500782,1.311164651265787,0 103.863365036615,1.309871551825194,0 103.8636375528042,1.309488345218299,0 103.8637452221177,1.309251967775657,0 103.8637875832353,1.309133797245988,0 103.8638440620459,1.308955682360819,0 103.8639234733889,1.308687679713994,0 103.863974646959,1.308463803600623,0 103.8640457393291,1.308083397148993,0 103.8640810944384,1.307850678816848,0 103.8641111458599,1.30763739434562,0 103.8641605727446,1.307466442216486,0 103.864206458955,1.307320183294674,0 103.864280557379,1.307133421226825,0 103.8643193593035,1.307062952671001,0 103.8645361752923,1.307173942893311,0 103.864707173231,1.307276133248912,0 103.8648499771364,1.307339566068497,0 103.8649929861816,1.307354156262074,0 103.865061774474,1.307348865725528,0 103.8651287996342,1.30733652141043,0 103.8651623136051,1.307317123630934,0 103.8652117037439,1.307267748995052,0 103.865261094453,1.30718663811679,0 103.8652840286423,1.307094954416846,0 103.8652822713464,1.307010329726431,0 103.865278750722,1.3069257111737,0 103.8652734694135,1.306809370603995,0 103.8652734746198,1.306742391890455,0 103.8652704707876,1.306613727688306,0 103.865286388786,1.306511435381263,0 103.8653093488302,1.306437367256714,0 103.8653870119736,1.30628571865878,0 103.8655069957538,1.306116459883688,0 103.8656904580956,1.305890819777082,0 103.8658650640346,1.305693420424203,0 103.8660079003234,1.305541868383886,0 103.866129559448,1.305443193699793,0 103.8662847044417,1.305349812604859,0 103.86648214723,1.305265247134821,0 103.8673910731852,1.305078621435458,0 103.8680611871962,1.304958738748934,0 103.8685426885338,1.304356900070683,0 
					</coordinates>
				</LineString>
			</Placemark>
			<Placemark>
				<name>Untitled Path</name>
				<styleUrl>#msn_ylw-pushpin352</styleUrl>
				<LineString>
					<tessellate>1</tessellate>
					<coordinates>
						103.7626779922054,1.293973792490706,0 103.7638158165105,1.293262123303838,0 103.763499947927,1.29272157963971,0 103.7667197081959,1.290830969844408,0 103.7689671586037,1.293592941173862,0 103.7699076775481,1.292685294304245,0 103.7702719427831,1.292589786304175,0 103.7702181184148,1.292413677943937,0 103.7726471179549,1.292446605142471,0 103.7733606761332,1.292297396436408,0 103.7732320569022,1.291894517210324,0 103.7750288013005,1.29104261007588,0 103.7752408076027,1.291030677858362,0 103.7756588053899,1.290869510000902,0 103.7765455466751,1.290708369750749,0 103.7774359502468,1.290268795625617,0 103.7781465448168,1.290021073699285,0 103.7783228749404,1.290397190015823,0 103.7787530705832,1.290731586353442,0 103.7791274147187,1.291083954171781,0 103.7799221990827,1.289970399831711,0 103.7800028904587,1.28969285114222,0 103.780423839554,1.289857005639445,0 103.7813165816558,1.289871959620503,0 103.781609195087,1.289928675597777,0 103.7824212362955,1.290254234682604,0 103.7823626262457,1.289944822748846,0 103.7824059919358,1.28984272895544,0 103.7824740925144,1.289759202485361,0 103.782570010069,1.289715895505172,0 103.7827092265096,1.289684964655042,0 103.7828082149236,1.289681874083628,0 103.7829381503565,1.289644756743203,0 103.7829938520102,1.289589078128434,0 103.7829846240889,1.289459163256399,0 103.7830248976899,1.289298329537012,0 103.783099186624,1.28914678756753,0 103.7831920008742,1.289069476449338,0 103.7833095440669,1.289023093237618,0 103.7833961520791,1.288992171964073,0 103.783504398884,1.28899526793654,0 103.7836621282493,1.289007642724893,0 103.7838662415523,1.289069498558064,0 103.7838693344103,1.289069498660907,0 103.784054896001,1.289134448323801,0 103.784194072178,1.289171564496312,0 103.7842930463273,1.289159197302394,0 103.7843579996626,1.289118995626882,0 103.7843827483486,1.289010759289987,0 103.7843394735729,1.288627335443566,0 103.7842675322518,1.288266768507323,0 103.7841995426359,1.288031721539248,0 103.7840975364111,1.287815253647904,0 103.7840419173816,1.287639004842724,0 103.784038871695,1.28747204796058,0 103.7840543705127,1.287339111185628,0 103.7841193592505,1.287147451593506,0 103.7842492681188,1.286983630386778,0 103.7843915186937,1.286900182006542,0 103.7845244866435,1.286822918054394,0 103.7846450758813,1.286792015598484,0 103.7847811196706,1.286792020302829,0 103.784914066223,1.286872383059363,0 103.7849975454221,1.28695583809038,0 103.7851088569277,1.28703311539851,0 103.7852634629783,1.287128943821815,0 103.7853500443649,1.28715367603644,0 103.7854520868019,1.28716295300972,0 103.785529389862,1.287144408489391,0 103.7855912274307,1.287085679187211,0 103.7856314180634,1.287020768843751,0 103.7856592338898,1.286909497355979,0 103.7856252077087,1.286776595416065,0 103.785600459774,1.286649883106873,0 103.7855712647002,1.286442373741524,0 103.7855943718602,1.286301318788573,0 103.7856405662256,1.286121811886615,0 103.7856918786937,1.285993604955846,0 103.7857637057335,1.285852589042428,0 103.7858432161362,1.285765422585755,0 103.7859252868093,1.285680824277955,0 103.7860458193067,1.285632120501383,0 103.7861791707202,1.285593672361388,0 103.7862971335578,1.285570605112309,0 103.7864509959974,1.285542412487316,0 103.7865227948899,1.285506527619118,0 103.7865945875219,1.285437321001005,0 103.7866638109596,1.285355301377898,0 103.7867637961921,1.285245093917532,0 103.7868278798135,1.285145143498025,0 103.7868996512846,1.2850426363711,0 103.7870638587253,1.284802152402426,0 103.7872539226857,1.284469532467067,0 103.7873487876745,1.284198033428674,0 103.7874910498137,1.283941666476938,0 103.7876203585249,1.283752114201198,0 103.7876763885529,1.283698269163706,0 103.7873402153303,1.282461294413698,0 103.7877497378289,1.281877438169967,0 103.7885017609924,1.281466091986546,0 103.7887950433856,1.281955017685068,0 103.7891397342472,1.28168147053102,0 103.7894050766493,1.282088600574037,0 103.7912375506628,1.281332374817894,0 103.7910110011119,1.280772331575036,0 103.7910605558151,1.280750797173022,0 103.7911662689783,1.281007093951315,0 103.7918731047197,1.280929571538388,0 103.7925941500576,1.280351637394281,0 103.7929261387858,1.280961597621258,0 103.7938595087699,1.280437871561123,0 103.7936503118938,1.280112501225884,0 103.7941741341405,1.278537971585183,0 103.7939261333953,1.277700179221226,0 103.7942342927892,1.277842296816829,0 103.7944196136941,1.277865987611716,0 103.7945316774195,1.277900443864669,0 103.7946157306463,1.277934900148708,0 103.7946997906669,1.277980124683301,0 103.7947278226589,1.278021042193085,0 103.7956189943814,1.279561682934358,0 103.796421827968,1.279170213229878,0 103.7965210261305,1.279083956081117,0 103.7972994012174,1.278782110808953,0 103.7978081382809,1.278512654622593,0 103.7988998535608,1.278379590236304,0 103.7996047400875,1.277998036296334,0 103.8001022590732,1.278756957944779,0 103.80089995385,1.278325854882161,0 103.800968961999,1.278440092271611,0 103.8014689929734,1.278067257404292,0 103.8016478626884,1.277957365541199,0 103.8018698561993,1.277901348591875,0 103.802216198777,1.278856193471277,0 103.8030595041142,1.27865894626095,0 
					</coordinates>
				</LineString>
			</Placemark>
			<Placemark>
				<name>Untitled Path</name>
				<styleUrl>#msn_ylw-pushpin21</styleUrl>
				<LineString>
					<tessellate>1</tessellate>
					<coordinates>
						103.8837770807788,1.304586786401555,0 103.8828199123348,1.305489224261866,0 103.8823994478625,1.305833385611752,0 103.88201794662,1.306132774164635,0 103.881518714808,1.30650706218029,0 103.8810943138743,1.306767316477032,0 103.8804309647044,1.307056839078931,0 103.8797248575539,1.307342068569856,0 103.8789545483043,1.307629394233813,0 103.8784660089592,1.307818327958522,0 103.8777510036823,1.308035634632352,0 103.8775275099537,1.308087881412529,0 103.8772498595604,1.308139060317371,0 103.8770667206924,1.308184335427772,0 103.8768875112022,1.30824142359824,0 103.8767279860163,1.308300482921291,0 103.8765782953809,1.308373326413505,0 103.8763891942651,1.308479645926793,0 103.8762749188848,1.30858597413313,0 103.876178343779,1.308725789296806,0 103.8761191943203,1.308843954754082,0 103.8760185945364,1.309103956950844,0 103.8759751515467,1.309287171854167,0 103.8756814138101,1.310194299814507,0 103.8754806438523,1.310970609441057,0 103.8752929791861,1.311842392849691,0 103.8750870032275,1.312676499449077,0 103.8749917878905,1.313170563344974,0 103.8749362246952,1.313490328065543,0 103.8748485740767,1.313971705297111,0 103.8748221119775,1.314336127527255,0 103.8747691970127,1.314896114170421,0 103.8747164229893,1.315764055038813,0 103.8747057775461,1.316215783577864,0 103.8747109950611,1.31659363640216,0 103.8747452877223,1.316926639033753,0 103.874861712017,1.317681205037357,0 103.8749621669097,1.318355490643293,0 103.8749911791771,1.318764760279719,0 103.8750016880868,1.319388091769133,0 103.8749831590303,1.319776467530634,0 103.874924996285,1.32012000283115,0 103.8748217165379,1.320529180336455,0 103.874610378912,1.321025690360046,0 103.8743567199286,1.321458933254553,0 103.8740422037534,1.321976856245192,0 103.8735323978225,1.322702753586211,0 103.872712946457,1.323766541606479,0 103.8721238776306,1.3245353075934,0 103.8713193035914,1.325506984336541,0 103.8708519419722,1.326111542422754,0 103.8704636777832,1.326518218567355,0 103.869985487074,1.327009526999287,0 103.8691875974701,1.327644150625502,0 103.868743228248,1.327944554483448,0 103.868413511454,1.328115404079737,0 103.8682907266961,1.327455502641312,0 103.8681609271306,1.326577223751936,0 103.8680453990473,1.325462886238411,0 103.8679588826534,1.32503231002937,0 103.8678506963121,1.324743720111256,0 103.8676277108071,1.32427745382942,0 103.8673726423163,1.323899631527711,0 103.8670575070812,1.32340162118601,0 103.8667641008686,1.322963884660145,0 103.8664382184502,1.322470169520568,0 103.8655895789405,1.321189104246677,0 103.8646036162976,1.319711002886985,0 103.8633728728423,1.317927356709954,0 103.8626674806436,1.317037758022045,0 103.8611613460515,1.315059354207629,0 103.8603322290904,1.313998565594769,0 
					</coordinates>
				</LineString>
			</Placemark>
			<Placemark>
				<name>Untitled Path</name>
				<styleUrl>#msn_ylw-pushpin21</styleUrl>
				<LineString>
					<tessellate>1</tessellate>
					<coordinates>
						103.7689672588157,1.293592001433565,0 103.7693047939586,1.294192554716424,0 103.7694055635015,1.294415017530916,0 103.7694652974129,1.294608616868347,0 103.7695608123055,1.294970745505133,0 103.7695942855993,1.295247564789264,0 103.7696173491407,1.295627939959999,0 103.7696311015053,1.295988166759808,0 103.7696566112787,1.296539185923461,0 103.7696847717656,1.297004974444757,0 103.7697444175496,1.297754440233578,0 103.7698143082049,1.298517729086532,0 103.7698346935988,1.299035326833995,0 103.7698531881659,1.299613061364623,0 103.7698789198945,1.299858875387096,0 103.7698943372107,1.300045200012746,0 103.7699826472526,1.300447766624759,0 103.7700648944515,1.30069216498807,0 103.7701855918574,1.300972302892252,0 103.770317316664,1.30121951981121,0 103.7704600235326,1.301513476197258,0 103.7707048523235,1.302060320887208,0 103.7708256172297,1.302307518372227,0 103.7709134532402,1.302494311815693,0 103.7710069470317,1.302729411540755,0 103.7711276780483,1.303138719249379,0 103.7711935048743,1.303468429197044,0 103.7712400826553,1.303866908478412,0 103.7712399882287,1.304141772565898,0 103.7721025434675,1.303718298629046,0 103.7734009456493,1.303073436024221,0 103.7741135002075,1.302665616176326,0 103.7750998637201,1.30210576300356,0 103.7767918056362,1.301148606201973,0 103.7785637512931,1.300124416106342,0 103.7795994589501,1.299470127283651,0 103.7812068279203,1.298511960602966,0 103.7827117790013,1.297693891405908,0 103.7830891869863,1.297447422385281,0 103.7833630768876,1.297240531363027,0 103.783734290863,1.296915021899819,0 103.7841419119265,1.296467905900778,0 103.7852626419399,1.295165794656054,0 103.7855802091897,1.294763078931028,0 103.7860371415585,1.294271385839043,0 103.7863429943092,1.293907512304715,0 103.786629471282,1.293609482737331,0 103.7872749698085,1.292968656744933,0 103.7878174861765,1.292550231902182,0 103.7882708077445,1.292224839369103,0 103.7889487583375,1.291798794858374,0 103.791643814419,1.29009290411938,0 103.7919304308641,1.289895406797995,0 103.7923331952602,1.289585634824999,0 103.7926391124406,1.289353329038709,0 103.7930688927579,1.289008777513155,0 103.7934018255633,1.288718457391744,0 103.7941152043865,1.288223916919128,0 103.7947972253167,1.287809378664309,0 103.7953861559939,1.287499490555533,0 103.7959401460511,1.28717414621708,0 103.7965947699109,1.286775266067504,0 103.7974649653953,1.28619152371573,0 103.7981818447972,1.285695610891462,0 103.7988172326255,1.285257893568061,0 103.7996268114755,1.284700201026168,0 103.8001070958535,1.284471739228058,0 103.8005137774871,1.284320734357158,0 103.8008933477132,1.284216199008098,0 103.8015397661066,1.284083037132949,0 
					</coordinates>
				</LineString>
			</Placemark>
			<Placemark>
				<name>Untitled Path</name>
				<styleUrl>#msn_ylw-pushpin352</styleUrl>
				<LineString>
					<tessellate>1</tessellate>
					<coordinates>
						103.8156392053537,1.292718941897998,0 103.8157115163082,1.293051568579465,0 103.8155166036029,1.293133551817317,0 103.8152673630277,1.293252964400628,0 103.8150434428435,1.293386926838895,0 103.8147767945514,1.293605364233871,0 103.8145070780145,1.293849467454405,0 103.8142855300334,1.2940574543715,0 103.8140989101188,1.294310141899661,0 103.813972635762,1.294518409959221,0 103.8137724476554,1.294844803763117,0 103.8136135698756,1.295092912552502,0 103.8134611939365,1.295247458579023,0 103.813314765356,1.29537176174376,0 103.8131646456073,1.295452257393759,0 103.8128752482179,1.295578448872343,0 103.8129734533812,1.29672228545001,0 103.8122880542797,1.296727257826295,0 103.8119726814705,1.296757047859352,0 103.8116697239446,1.296801731860594,0 103.811232662171,1.296930821124737,0 103.8107359586648,1.297097161432799,0 103.8099063095629,1.297496940911623,0 103.8093696250528,1.297822299916214,0 103.8088078820035,1.298150724953151,0 103.8083379918104,1.298360972893568,0 103.8077858994615,1.298558099202175,0 103.8070201020458,1.29888011036566,0 103.8062038427827,1.299328303046632,0 103.8057635398077,1.299569148406616,0 103.8055122798769,1.299685698778147,0 103.8052532325793,1.299763403951851,0 103.8049786311672,1.299830751685228,0 103.8044315906421,1.299972357322888,0 103.8013982881773,1.302603822950462,0 103.8008395215642,1.300012536755083,0 103.8003947805419,1.29792190422598,0 103.8002706828504,1.297559652930985,0 103.8001169773323,1.297147866952519,0 103.799925429935,1.296728518984459,0 103.7997727419159,1.296397253989401,0 103.7996588920813,1.296148846353567,0 103.799594212089,1.296006545369669,0 103.7993854494923,1.295417407191529,0 103.7992410652304,1.294901212378154,0 103.7991218002353,1.294334056487191,0 103.7990621723784,1.293992300375526,0 103.7989792586784,1.293686848893305,0 103.7988652891506,1.293368512207519,0 103.7987150992416,1.293078695648913,0 103.7985105719986,1.292742361862466,0 103.7983119431364,1.29249403213408,0 103.7980600073579,1.292227470056214,0 103.7977172436763,1.291933855476679,0 103.7974289444579,1.291732703337552,0 103.7971841930636,1.291585930986537,0 103.7969149932361,1.291447323734257,0 103.7964942383186,1.291252254536603,0 103.796105393586,1.291083755973194,0 103.7957002743188,1.290923424909082,0 103.7953468444199,1.290773976073345,0 103.7949608194978,1.290638123543071,0 103.7946016321445,1.290484280303063,0 103.7941530550234,1.290245167870144,0 103.7939002528236,1.290057703280686,0 103.7936393261469,1.289845809276541,0 103.7931850842985,1.28939031678439,0 103.7929404584045,1.289112083544079,0 
					</coordinates>
				</LineString>
			</Placemark>
			<Placemark>
				<name>Untitled Path</name>
				<styleUrl>#msn_ylw-pushpin21</styleUrl>
				<LineString>
					<tessellate>1</tessellate>
					<coordinates>
						103.8013989663177,1.302601697771922,0 103.8014941342032,1.303210958344626,0 103.8015392305537,1.303724205429217,0 103.8015729400697,1.304399887542435,0 103.8016067111177,1.304939808990954,0 103.801648103821,1.30532499932745,0 103.8017121866833,1.305657368468633,0 103.8018784324176,1.306149777093514,0 103.802080351715,1.306690751627564,0 103.8023793255508,1.307485498687648,0 103.8027073866424,1.308346202343254,0 103.8030430758657,1.309278963011677,0 103.803227947867,1.309785141890787,0 103.8034241477568,1.310401008370985,0 103.8035297964122,1.310778918299735,0 103.8045229483187,1.310512964323067,0 103.8052407770035,1.310327831687103,0 103.8055883349913,1.310244716041476,0 103.8060756532937,1.310078496129708,0 103.8067442454985,1.30985562925285,0 103.8072428200235,1.309700768014502,0 103.8077413682106,1.309557246777785,0 103.8081643372589,1.309379745730249,0 103.8084890951268,1.309236243278118,0 103.808847767423,1.308975694263521,0 103.8094583411446,1.308583345012297,0 103.810028644799,1.308232183741114,0 103.81062152717,1.307903722537081,0 103.811146363557,1.307571529564606,0 103.8115956415961,1.307326186441975,0 103.8120222196549,1.307069544457636,0 103.812504390168,1.306773883120607,0 103.8129306702531,1.306559215756566,0 103.8131421608424,1.306484412126159,0 103.8134382261918,1.306451888162329,0 103.8137538038769,1.30648440772841,0 103.8141572307157,1.306552702003678,0 103.8144533012825,1.306594979953261,0 103.8148372268801,1.306653520126726,0 103.8150812529518,1.306689295319315,0 103.8154131260731,1.306708807400733,0 103.8157547589258,1.306715309173098,0 103.816011788713,1.306699043718343,0 103.8163111042197,1.306663262704695,0 103.8166136664302,1.306620977093182,0 103.8169133170435,1.306581948561367,0 103.8171931169962,1.306588450862223,0 103.8174664091712,1.306614467518759,0 103.8177787469682,1.30664698887539,0 103.8181756862304,1.306718540184181,0 103.8184912949646,1.306773831294244,0 103.8187580954463,1.306780333820996,0 103.8189825928926,1.306764068186592,0 103.8192298613496,1.306738044500857,0 103.8194478385293,1.306695758601182,0 103.8196885826036,1.306643715667491,0 103.8199000317903,1.306575412243822,0 103.8201635146778,1.306477839768294,0 103.8204280978337,1.306318860721105,0 103.8209975262865,1.306045631814819,0 103.8214985620849,1.305788698304379,0 103.8219735134088,1.305531794929168,0 103.8224451542965,1.305265166862833,0 103.8227767429132,1.305016246447864,0 
					</coordinates>
				</LineString>
			</Placemark>
			<Placemark>
				<name>Untitled Path</name>
				<styleUrl>#msn_ylw-pushpin352</styleUrl>
				<LineString>
					<tessellate>1</tessellate>
					<coordinates>
						103.8442986937949,1.310567379894271,0 103.8444873961442,1.311029935477946,0 103.8446785833334,1.31164256900353,0 103.8448419306348,1.312326815659818,0 103.8449734142523,1.312919563548661,0 103.8451606076492,1.313508316568388,0 103.8453368822924,1.313911184030451,0 103.8455956823816,1.314392504017918,0 103.8458664120641,1.314849948618006,0 103.8462096112535,1.315315226964655,0 103.8466156542289,1.315784573446099,0 103.8470614697669,1.316186273373843,0 103.8474993063962,1.316528297755635,0 103.8478893624733,1.316778831165445,0 103.8484505583229,1.317120821276065,0 103.848916213917,1.317343485759267,0 103.8495549867727,1.31762310292834,0 103.8505539518456,1.318076368913755,0 103.8518514141282,1.318680734439133,0 103.8534684448468,1.319438096888229,0 103.854727532929,1.318672564592427,0 103.8563617161938,1.317652291235885,0 103.8577039086005,1.316794121494393,0 
					</coordinates>
				</LineString>
			</Placemark>
			<Placemark>
				<name>Untitled Path</name>
				<styleUrl>#msn_ylw-pushpin352</styleUrl>
				<LineString>
					<tessellate>1</tessellate>
					<coordinates>
						103.798984532004,1.293706798199996,0 103.7988225069704,1.294156542351269,0 103.7986813406798,1.294600511926022,0 103.7983679525946,1.295158378289274,0 103.7979928209514,1.295615068427382,0 103.7973095160257,1.296379159490902,0 103.7967369329083,1.297033347269356,0 103.7964053575237,1.297463529681238,0 103.7961659984531,1.297895505214193,0 103.7959192645806,1.29846076219702,0 103.7956444309384,1.299410849190838,0 103.7954199637435,1.300171079095745,0 103.7952191735449,1.300697770620389,0 103.7948589058062,1.301366711962735,0 103.7942778222097,1.302420192269755,0 103.7925630852557,1.305530111842946,0 103.7919923749455,1.305230834998716,0 103.7917265146617,1.305083849530791,0 103.791517369003,1.304959882060032,0 103.7913667118981,1.304866018936844,0 103.7911983451803,1.304821767721137,0 103.791040622581,1.304823578096677,0 103.7907907600648,1.304880333900725,0 103.7905869799609,1.304963654096064,0 103.7903795035039,1.305103670341234,0 103.7901066497045,1.305346460800949,0 103.7899560391052,1.305443941770701,0 103.7896909526023,1.305177298796397,0 103.7891574453795,1.30482486155707,0 103.7887763729228,1.304589318794427,0 103.7879966504166,1.30406786788269,0 103.7876782019807,1.303758685464278,0 103.7873868328936,1.303388545952632,0 103.7871669371674,1.302926894998952,0 103.7870109976432,1.302355817244839,0 103.786836041097,1.301713664512173,0 103.7866304685624,1.301311902283708,0 103.7862916513842,1.300806333344637,0 103.7859912479997,1.30042039437856,0 103.7857482737106,1.300045421169475,0 103.785572057232,1.299652681175026,0 103.7854771436727,1.299327642635219,0 103.7854070541988,1.298948420557247,0 103.7853818204807,1.298660117417393,0 103.7853952941221,1.298357625648157,0 103.785503537337,1.29779099841273,0 103.7857200596823,1.29680442884887,0 103.7858463622446,1.29621896563792,0 103.7859207388277,1.295663633043366,0 103.7859860797168,1.295087985251726,0 103.7859950120178,1.294684877310677,0 103.7859613192945,1.294354366295465,0 
					</coordinates>
				</LineString>
			</Placemark>
			<Placemark>
				<name>Untitled Path</name>
				<styleUrl>#msn_ylw-pushpin352</styleUrl>
				<LineString>
					<tessellate>1</tessellate>
					<coordinates>
						103.7874621469061,1.303483498369979,0 103.7873916698033,1.303559751016849,0 103.787218808419,1.303640600290871,0 103.7869247003653,1.303703521729491,0 103.7865542520783,1.303761971814927,0 103.7863364740584,1.303802427777444,0 103.7861793254162,1.303876538849279,0 103.7860087132159,1.3039843229475,0 103.7859930020125,1.304006773170889,0 103.7860356947518,1.304136952434163,0 103.786123295309,1.304278343767824,0 103.7862198590179,1.304350148770124,0 103.7863366242104,1.304399502362285,0 103.7863591345828,1.304632938915352,0 103.7860335885771,1.304693624087315,0 103.7859011375736,1.304772219094211,0 103.7866398322033,1.304807951099527,0 103.7867274066547,1.304850577431453,0 103.7867790578834,1.304895457240798,0 103.786839698851,1.304976248846425,0 103.7868442063617,1.305045831215118,0 103.7868599532827,1.305169281894641,0 103.7868846721442,1.305256816337055,0 103.786934082958,1.305321898296328,0 103.7864559597832,1.305709846849296,0 103.7861530132578,1.305711384720694,0 103.7856043365575,1.306295311645947,0 103.7853467286076,1.306185640570175,0 103.785242886952,1.306473906133732,0 103.7851126420796,1.306517833652182,0 103.7852993515755,1.30695418348199,0 103.7853301324778,1.307714050113289,0 103.7855745494904,1.307701209483161,0 103.7857388045821,1.307704388297093,0 103.7859191667583,1.307725272075624,0 103.7861800499661,1.30776867442303,0 103.7864361037392,1.307821737433071,0 103.7867855564751,1.307879607135158,0 103.7885178532638,1.308212073399988,0 103.7891852646905,1.308306242732608,0 103.7894171529185,1.308319064417811,0 103.789615223142,1.308325454923754,0 103.7898261717619,1.30831413340319,0 103.7899936385971,1.308288333585432,0 103.7901755954955,1.30824965095543,0 103.7903736515108,1.308191645446462,0 103.7905797532211,1.308106269422167,0 103.7915116521205,1.307774805759435,0 103.7918845222262,1.307618185670435,0 103.7921083301867,1.307515096518078,0 103.7922773914952,1.307428120121671,0 103.7925156807838,1.307278340684636,0 103.7927394768881,1.307125345025648,0 103.7929471687933,1.306965913578981,0 103.7931439495579,1.306817393451229,0 103.7934450192648,1.306579053949623,0 103.7932323802332,1.306271616650981,0 103.793119894445,1.306091609060826,0 103.7930211120273,1.305957202095323,0 103.7929391469407,1.305858499423536,0 103.7928718970227,1.305791300487781,0 103.792779429976,1.305705203430728,0 103.7926754045936,1.305608606768302,0 103.7925634998579,1.305529745862534,0 
					</coordinates>
				</LineString>
			</Placemark>
			<Placemark>
				<name>Untitled Path</name>
				<styleUrl>#msn_ylw-pushpin352</styleUrl>
				<LineString>
					<tessellate>1</tessellate>
					<coordinates>
						103.8022739463805,1.307211774766263,0 103.8003451918696,1.30873079037399,0 103.7997909214028,1.309605970747305,0 103.7993952525539,1.30850779245923,0 103.7990661414745,1.307953041246394,0 103.7984581536824,1.306923854048407,0 103.7979617223981,1.307184054122213,0 103.795847208592,1.304657918449433,0 103.7944634507869,1.305916830475516,0 103.7937478404247,1.306404886212633,0 103.7934448253784,1.30657895623468,0 
					</coordinates>
				</LineString>
			</Placemark>
			<Placemark>
				<name>Untitled Path</name>
				<styleUrl>#msn_ylw-pushpin352</styleUrl>
				<LineString>
					<tessellate>1</tessellate>
					<coordinates>
						103.7911688332847,1.307897647858941,0 103.7912685698042,1.308187197706732,0 103.7914490726413,1.308723529255144,0 103.7914981246802,1.308896170623824,0 103.7915378557101,1.30912481028153,0 103.7915192240029,1.309278803546672,0 103.7914912461445,1.309388469167717,0 103.7914422818478,1.309568135226403,0 103.7911400729785,1.310374603092759,0 103.7908613603447,1.310958652333921,0 103.7904742947329,1.311687808985132,0 103.7901360596923,1.31234028967074,0 103.789965869334,1.312580967144229,0 103.7898132839627,1.312792294170072,0 103.7896460183721,1.31298895178403,0 103.7894611327524,1.31315333346083,0 103.7892439626411,1.313335330616718,0 103.7888543563859,1.313616515287837,0 103.7884199983187,1.313913015331161,0 103.787976831491,1.314194843714918,0 103.7877743335895,1.314359229636844,0 103.7875160762295,1.314573517094936,0 103.7871609854476,1.31492575399962,0 103.7868616668028,1.315286782218936,0 103.7866063808691,1.315665409216258,0 103.784734002313,1.314932227304927,0 103.7848249656236,1.314785474221629,0 103.7849628632452,1.314506652784035,0 103.7851302042413,1.314594649306327,0 103.7854736444167,1.314582825865527,0 103.785564633034,1.314547588292366,0 103.7856262655229,1.314503554268332,0 103.7856908238015,1.314421369949497,0 103.7858726465297,1.313731698049814,0 103.785573141774,1.313353207829211,0 103.7857039270331,1.313075026642311,0 103.78563927005,1.312749302374399,0 103.7855805353573,1.312637802566567,0 103.7853631148871,1.311813236915413,0 103.7854774076281,1.311059019212077,0 103.7848933094236,1.311252843671409,0 103.7849050180068,1.311120783632999,0 103.7848286559823,1.310959398488001,0 103.7848374637824,1.310965265585517,0 103.7850728994817,1.310736751379661,0 103.7846193466035,1.310535627719966,0 103.7843404179229,1.310387800832057,0 103.7841027041235,1.310189048933459,0 103.7839110697493,1.309997559121888,0 103.783721849254,1.309762427055374,0 103.7835447461239,1.30949577258257,0 103.78339917421,1.309248505797518,0 103.783088611419,1.308695784248539,0 103.7836967204895,1.308345795413695,0 103.7841682235473,1.308083766037331,0 103.7844584935056,1.307943535180027,0 103.7847360308458,1.307851442483081,0 103.7851948287968,1.307736651648703,0 103.7853301496213,1.307713738589201,0 
					</coordinates>
				</LineString>
			</Placemark>
			<Placemark>
				<name>Untitled Path</name>
				<styleUrl>#msn_ylw-pushpin352</styleUrl>
				<LineString>
					<tessellate>1</tessellate>
					<coordinates>
						103.7911375214829,1.310381359561809,0 103.7910680877228,1.310748437129136,0 103.7910673519861,1.310931186334056,0 103.7910922327286,1.311089972221446,0 103.7911461715458,1.311239125819129,0 103.7912219853748,1.311396083826737,0 103.7913458676401,1.311544617524082,0 103.7916303613135,1.31185555554053,0 103.7924315657326,1.31267660043462,0 103.7927285548663,1.31298391585766,0 103.7931323172348,1.313401826684153,0 103.7934337915289,1.313217944010019,0 103.7936927557476,1.313024415082207,0 103.793923440258,1.312847263867023,0 103.7941184053908,1.31269690907046,0 103.7943163464696,1.312542089010921,0 103.7944681512721,1.312424484859669,0 103.7946110255948,1.312309859129036,0 103.7947822373032,1.312208073727473,0 103.7950486629135,1.312094905492847,0 103.7953255220658,1.312035308977524,0 103.7955964420059,1.312033752817658,0 103.7958792825866,1.312076839012721,0 103.7961910161367,1.312227067467879,0 103.7965051443754,1.312386223906923,0 103.7969175313371,1.312597442132792,0 103.7972569708572,1.312774451153502,0 103.7975997941966,1.312902440113751,0 103.7977828987151,1.312941086563604,0 103.7979898145123,1.312957404312417,0 103.7981699279314,1.312942477115475,0 103.7983351491851,1.312902254639385,0 103.7985152504792,1.312839705785925,0 103.7987712498876,1.312701240719007,0 103.7991272678365,1.312486984635405,0 103.7994492765492,1.312299086683163,0 103.7998283069361,1.312077636048471,0 103.8001301877324,1.311893097252178,0 103.8003716972433,1.311762235219195,0 103.8006560418143,1.311635812377109,0 103.8009763900732,1.311514992391627,0 103.8032057513349,1.310872160925164,0 103.8035299105963,1.310779024158529,0 
					</coordinates>
				</LineString>
			</Placemark>
			<Placemark>
				<name>Untitled Path</name>
				<styleUrl>#msn_ylw-pushpin352</styleUrl>
				<LineString>
					<tessellate>1</tessellate>
					<coordinates>
						103.8244022732346,1.26020705836181,0 103.8242242397249,1.260121517317737,0 
					</coordinates>
				</LineString>
			</Placemark>
			<Placemark>
				<name>Untitled Path</name>
				<styleUrl>#msn_ylw-pushpin352</styleUrl>
				<LineString>
					<tessellate>1</tessellate>
					<coordinates>
						103.868413783854,1.328114624897518,0 103.8677224712147,1.328439250648953,0 103.867331922211,1.328591633634567,0 103.8668905439337,1.328740849625761,0 103.8663125893568,1.328893248847908,0 103.8656774389061,1.32908058345195,0 103.8650930588656,1.329277456771252,0 103.8643685845544,1.329571664786353,0 103.8640918050418,1.329705132014341,0 103.8637058994384,1.329902099109198,0 103.8633215734194,1.330084439476906,0 103.862919288325,1.33025540495079,0 103.8625658275033,1.330395449742431,0 103.8623573341673,1.330447563924041,0 103.8623500900982,1.329532858400469,0 103.8622420519663,1.328784086386673,0 103.8620548155663,1.328143378291266,0 103.8618243912842,1.327610701613073,0 103.8615867802783,1.327207622874596,0 103.8612339840749,1.326703807248202,0 103.8603536161448,1.325774017441366,0 103.8595904824452,1.32508040578735,0 103.8590616101451,1.324594986102187,0 103.8584172597397,1.324020106721003,0 103.8578323440898,1.323394262143341,0 103.8572309990918,1.322761291410262,0 103.8564679719886,1.321868456501551,0 103.8556293494489,1.321018384838757,0 103.8550974400931,1.320570433907891,0 103.8545742880631,1.320206349947885,0 103.853857595158,1.319723870008473,0 103.8534686075809,1.319437618320042,0 
					</coordinates>
				</LineString>
			</Placemark>
			<Placemark>
				<name>Untitled Path</name>
				<styleUrl>#msn_ylw-pushpin352</styleUrl>
				<LineString>
					<tessellate>1</tessellate>
					<coordinates>
						103.8020226393154,1.281382087030607,0 103.8021242224798,1.281414999100558,0 103.8021891226742,1.281420641145064,0 103.8023142200149,1.281420641081076,0 103.8037511616028,1.281297040348883,0 103.8038404831566,1.28129088148396,0 103.8039051643478,1.281301658742495,0 103.8039944861431,1.281324753012665,0 103.8044368711582,1.281455621902985,0 103.8058044131877,1.281946763185034,0 103.8059186376872,1.281974475544233,0 103.8060495395081,1.281999109373118,0 103.80671020972,1.28210996196439,0 103.8065669862426,1.281828208517866,0 103.806523865379,1.28176816282751,0 103.8064699644227,1.281715815354134,0 103.8064391638461,1.281665007470654,0 103.8064299235478,1.281606501353002,0 103.8064422435817,1.281552614074269,0 103.8064715038912,1.281517202365436,0 103.8065084643794,1.281484869890299,0 103.8065654452093,1.281463314782176,0 103.8066285861619,1.281443299285549,0 103.8067117474781,1.281415585500728,0 103.8068423521669,1.281244405365739,0 103.8070102156997,1.281178200402175,0 103.8072119593547,1.281128931460828,0 103.8072473799112,1.281102757540387,0 103.8082085127964,1.280839474978256,0 103.8084795590564,1.280796364772191,0 103.8093604527222,1.28065779526322,0 103.8104815912871,1.280516141256778,0 103.8104850319264,1.280434638625272,0 103.8112165439612,1.280345337489615,0 103.8120404551572,1.280260652940954,0 103.8132194347405,1.280140554782572,0 103.8135813412826,1.280105139819963,0 103.8135813413637,1.280151329189456,0 103.8135305204842,1.280209836161599,0 103.8136029050891,1.280976576203219,0 103.8136383257694,1.280973496750741,0 103.8136583470482,1.281098207421877,0 103.815312672684,1.280921138968107,0 103.8158054812238,1.280921135939323,0 103.8159410041484,1.280910357619696,0 103.8160896790385,1.280883308491237,0 103.8161778334494,1.280864079047311,0 103.8162772074383,1.280825620623886,0 103.8163509366155,1.280793571982865,0 103.8164086376595,1.280759921021551,0 103.8164919836415,1.280694221677629,0 103.8174402158982,1.280017995828405,0 103.8176788863344,1.280408135751183,0 
					</coordinates>
				</LineString>
			</Placemark>
			<Placemark>
				<name>Untitled Path</name>
				<styleUrl>#msn_ylw-pushpin352</styleUrl>
				<LineString>
					<tessellate>1</tessellate>
					<coordinates>
						103.8259292408248,1.292390399153527,0 103.8259330039929,1.292126486281253,0 103.8259624901902,1.291898639854675,0 103.8259885747387,1.291792057687096,0 103.826050951039,1.291575491796134,0 103.8261110590675,1.29135552420761,0 103.8261450826278,1.291248941822751,0 103.8262065136229,1.290976663312096,0 103.8262263261884,1.290809391107408,0 103.8262241234709,1.290591497700407,0 103.8261866968171,1.29037580592093,0 103.8261316584632,1.290199731359797,0 103.8260391945614,1.290003848742139,0 103.8258652736617,1.28955926093446,0 103.8257524342455,1.289167787235638,0 103.8257062016988,1.288993912865837,0 103.825657766809,1.288747407288565,0 103.8255851124606,1.288238988835328,0 103.825576305325,1.288126740366059,0 103.8265031420963,1.288084919520243,0 103.8272560512238,1.287781185335744,0 103.8280828373757,1.287280273351711,0 103.8288005236537,1.287245053539394,0 103.829941854823,1.287432124443289,0 103.8310315917527,1.287203218011995,0 103.8318395434003,1.287104166232543,0 103.8327075661968,1.287240619917031,0 103.8336806311531,1.287247211368851,0 103.8336420670497,1.286019053055641,0 103.8348702617881,1.286061585377118,0 
					</coordinates>
				</LineString>
			</Placemark>
			<Placemark>
				<name>Untitled Path</name>
				<styleUrl>#msn_ylw-pushpin352</styleUrl>
				<LineString>
					<tessellate>1</tessellate>
					<coordinates>
						103.815393349905,1.291576021825499,0 103.8170446717439,1.291398415523151,0 103.8209651875016,1.291042908702428,0 103.8262221913476,1.290578386933358,0 
					</coordinates>
				</LineString>
			</Placemark>
			<Placemark>
				<name>Untitled Path</name>
				<styleUrl>#msn_ylw-pushpin352</styleUrl>
				<LineString>
					<tessellate>1</tessellate>
					<coordinates>
						103.8153939538209,1.291576472273942,0 103.8153205393888,1.29106187092607,0 103.8152777469795,1.290676841608724,0 103.8152723977405,1.29056186760298,0 103.8153232128311,1.290382721966482,0 103.8153954239812,1.290254378762061,0 103.8154783330166,1.290139404639409,0 103.8157136880434,1.289978975443975,0 103.816187072297,1.289708919034258,0 103.8158155167872,1.289112534747086,0 103.8156925417157,1.288931534683356,0 103.8155763989298,1.288832497147091,0 103.8154670881388,1.288750535122645,0 103.8152638384071,1.28859856392418,0 103.8150281368214,1.288446592694311,0 103.8149375614756,1.288383922484913,0 103.8148658261267,1.288313912927383,0 103.8147957987684,1.288230243013574,0 103.8147035676103,1.288071441095129,0 103.8146608680015,1.287982648696846,0 103.8146062125291,1.287873365779932,0 103.8145208134465,1.287752130146989,0 103.8144166265808,1.287629186985758,0 103.8143431833296,1.287533564477384,0 103.8142577834921,1.287394626225271,0 103.8141826322871,1.287237531531937,0 103.8141313928235,1.287025795378256,0 103.8141057729943,1.286873823602797,0 103.8141057728391,1.286721851830573,0 103.8141365161992,1.286520361171807,0 103.8141843385548,1.286355934267948,0 103.8142714456292,1.286193716337429,0 103.8143295169212,1.286079310214889,0 103.8143790481514,1.285905140072397,0 103.8144012517051,1.285775366414075,0 103.8144029595222,1.285652423031332,0 103.8144012513918,1.285560215527609,0 103.8143841714149,1.285435564660811,0 103.8143363476794,1.28525627225506,0 103.8142748598849,1.28501721540339,0 103.8137419694892,1.285148696765373,0 103.8130000560455,1.283036400090582,0 
					</coordinates>
				</LineString>
			</Placemark>
			<Placemark>
				<name>Untitled Path</name>
				<styleUrl>#msn_ylw-pushpin352</styleUrl>
				<LineString>
					<tessellate>1</tessellate>
					<coordinates>
						103.8188130939722,1.306778017529982,0 103.8188104515713,1.307489621874772,0 103.8187359660244,1.307840240186911,0 103.8186397539667,1.308135715226699,0 103.8185000921837,1.308442894992403,0 103.8183542228889,1.308743868714617,0 103.8181524878997,1.309051048157747,0 103.8179755813123,1.309361330658123,0 103.8178651642215,1.309649555610406,0 103.8177937819975,1.309922605235559,0 103.8177565399105,1.310242196446484,0 103.8177441268672,1.310583506613328,0 103.8177348169179,1.310834834667695,0 103.8177068845577,1.310927919185297,0 103.817635501516,1.311061340413349,0 103.8175330821321,1.311231995583344,0 103.817425927091,1.311370098216698,0 103.8173217840956,1.311528675814798,0 103.8172192433215,1.311703271126693,0 103.8171519510302,1.31185383943576,0 103.8171167027329,1.311962761154501,0 103.8170894654415,1.312062072135871,0 103.8170686369971,1.312185409959865,0 103.8170494107649,1.312353597988786,0 103.8170478090888,1.312484492162395,0 103.8170478098212,1.312724760520476,0 103.8170606281669,1.312944168185611,0 103.8170990820325,1.313198852494885,0 103.8171407402693,1.313551246122124,0 103.8172032283546,1.314115873033564,0 103.8172096380011,1.314337086276817,0 103.817209638455,1.314510079432131,0 103.8172320698525,1.314716710219125,0 103.8172689210199,1.314860871312963,0 103.8173153853951,1.314982607402946,0 103.8173954967603,1.315116250036812,0 103.8174788120192,1.315236383881802,0 103.8176358290243,1.315370933681763,0 103.8178008571598,1.315494271073304,0 103.818063816172,1.315675392342819,0 103.8183057504769,1.315832366723697,0 103.8184643696732,1.315950898449604,0 103.8186101713225,1.316083846403401,0 103.8187351444437,1.316219998172862,0 103.8188216644852,1.316333725144907,0 103.818900171566,1.316443094203831,0 103.8190059181444,1.316622494032027,0 103.8191308915981,1.316899602836042,0 103.8196675774284,1.318177058960414,0 103.8200246640736,1.319023293871431,0 103.8206578468664,1.320535921539014,0 103.8212074428994,1.321829804518386,0 103.8212896160029,1.322060859599928,0 103.8225851425781,1.321708691451296,0 103.8241871227304,1.32119533283936,0 103.8254866402693,1.320737300806112,0 103.8287240727755,1.319685973484329,0 103.8325065007577,1.318460438943542,0 103.834488139599,1.317832990516229,0 103.8348540380238,1.317676215000114,0 103.835075422064,1.317531736433332,0 103.8354474710893,1.317218187434636,0 103.8360132365326,1.316603383164056,0 103.8362733744019,1.316291816086128,0 
					</coordinates>
				</LineString>
			</Placemark>
			<Placemark>
				<name>Untitled Path</name>
				<styleUrl>#msn_ylw-pushpin3501</styleUrl>
				<LineString>
					<tessellate>1</tessellate>
					<coordinates>
						103.8456687061637,1.314513640487787,0 103.8455633572047,1.314622475543956,0 103.8453854342658,1.314801526988566,0 103.8451817589866,1.315055476259654,0 103.8450951381147,1.315188887898872,0 103.8450119166179,1.315399363515067,0 103.8446340028209,1.316554352893311,0 103.844397415042,1.317279308736118,0 103.8443101358863,1.317591643456009,0 103.84428248534,1.317766733625549,0 103.8442241102838,1.318021690376208,0 103.8441442277691,1.318322724974415,0 103.8440305464509,1.318614546564715,0 103.843895355833,1.318860293546279,0 103.843643796046,1.319190873546116,0 103.8433152128984,1.319034313229129,0 103.8430589606282,1.319006042292251,0 103.8429174038197,1.318980494806528,0 103.8427575875816,1.318898683732479,0 103.8423681317566,1.318611648743816,0 103.8421253416213,1.31839476941262,0 103.8421253414218,1.318393493829916,0 103.8419648902807,1.318228353604592,0 103.8418149415229,1.318016838171934,0 103.8416738339098,1.317744570407733,0 103.8415259993422,1.317277844182401,0 103.8411374647825,1.315870772868602,0 103.8409228789502,1.315085457109336,0 103.8408567192678,1.314879454119543,0 103.8407719385176,1.314716627082439,0 103.8406208037635,1.314502670338414,0 103.8404302757766,1.314291393154865,0 103.839617512273,1.313673468498014,0 103.8389055705958,1.313205840976429,0 103.8383545750101,1.313926544417694,0 103.8362732920025,1.316291259992745,0 103.8348308215253,1.314552631175194,0 103.8352332125713,1.314232327702894,0 103.8355766512364,1.313963277011551,0 103.8357791251521,1.313783911659271,0 103.8359123984467,1.313627608730355,0 103.8360738639741,1.313432871239534,0 103.8361815071964,1.313261195450738,0 103.8362430174279,1.313143328686478,0 103.836278897966,1.313035711434773,0 103.8363096523675,1.312910158125212,0 103.8363122141511,1.312802541249851,0 103.8362993980434,1.312689799935946,0 103.8362532626219,1.312513001321054,0 103.8361119942709,1.312030383749302,0 103.8359864045121,1.31180490123597,0 103.8356564870607,1.311444123541263,0 103.8353833650059,1.311235982953581,0 103.8344789405953,1.310757043282434,0 103.8340334446219,1.310531002127556,0 103.8338207684125,1.310327338646669,0 103.8336706402543,1.310049424128002,0 103.8341902081611,1.309819585220977,0 
					</coordinates>
				</LineString>
			</Placemark>
			<Placemark>
				<name>Untitled Path</name>
				<styleUrl>#msn_ylw-pushpin352</styleUrl>
				<LineString>
					<tessellate>1</tessellate>
					<coordinates>
						103.8254055225371,1.320767007854645,0 103.825456620678,1.321034587008071,0 103.8255198659297,1.321285925011549,0 103.8256621677649,1.321690595436838,0 103.8257997258631,1.322047844671009,0 103.8260621972822,1.322773919582838,0 103.8261839449761,1.323022095742619,0 103.8263499647812,1.323312952423229,0 103.8267111230697,1.323974547835492,0 103.8267456008756,1.324066516205655,0 103.8267680680692,1.324193119020506,0 103.8267721525839,1.324307469815146,0 103.8267680664939,1.324495331783844,0 103.8267272147501,1.324695445553264,0 103.8266700225719,1.324954175687256,0 103.82664551096,1.325227800785869,0 103.8266495947239,1.325472838266823,0 103.8266638910898,1.325689288194846,0 103.826694527389,1.325934326167701,0 103.8267292490042,1.326122188979317,0 103.8267782681421,1.326334555991436,0 103.8268191174577,1.32649791570377,0 103.8268558821174,1.326616351703172,0 103.8270861431468,1.326588602186322,0 103.8273823129865,1.326606980313129,0 103.8277029914734,1.32666211445078,0 103.8280093710655,1.326729500727375,0 103.8283177927102,1.326784635298913,0 103.8285526832076,1.326825475902287,0 103.8288815301018,1.326870401347124,0 103.8291123360004,1.326890822627788,0 103.8293043341554,1.326892865929941,0 103.8294370990814,1.326896950964241,0 103.8296188851818,1.326878574524986,0 103.8298905437963,1.326829569093469,0 103.8301233949425,1.326747891501051,0 103.8303153957918,1.326684591398989,0 103.8305073973745,1.326596787359637,0 103.8306891869614,1.32650694109065,0 103.8309781959862,1.326348248726977,0 103.8313346103513,1.326126161505877,0 103.831686141536,1.325987052365358,0 103.8319473486527,1.325913837164336,0 103.8322427326191,1.325862586670812,0 103.8326064704418,1.325852825172581,0 103.8330190335901,1.325918720193554,0 103.8334364813723,1.326040747752367,0 103.8338734627518,1.326174978496738,0 103.8347003981962,1.326429953019041,0 103.8353326710152,1.326634958010181,0 103.8358892722117,1.326820439008561,0 103.8374573271283,1.327275731237778,0 103.838011478144,1.327463652307141,0 103.8383019813825,1.327593000678698,0 103.8385778387236,1.327756516895082,0 103.8405830170817,1.328914456386315,0 103.8408024236942,1.329025050568625,0 103.8410904843646,1.329139755845563,0 103.8413516917058,1.329242258159653,0 103.8416446345879,1.329354522403,0 103.8419204894878,1.329432619078793,0 103.842179256506,1.329488750910634,0 103.8427041166703,1.329561966017188,0 103.8449633868073,1.329699341828917,0 103.8468005725425,1.329755469590302,0 103.8485354089706,1.32969570291034,0 103.8505393685067,1.329517535165487,0 103.8535871968814,1.329261261830007,0 103.8559570720918,1.329046482767204,0 103.8563501059506,1.329058681704801,0 103.8567065235663,1.329095286090192,0 103.8571410630493,1.329209986979294,0 103.8600884826864,1.330205707292767,0 103.8605718418801,1.33036189695805,0 103.8609209335391,1.330474158316286,0 103.8611577294518,1.330510764195777,0 103.8614824082,1.330540047843014,0 103.8617582630141,1.330537605083526,0 103.862097589073,1.330498553932164,0 103.862357244725,1.330447492009789,0 
					</coordinates>
				</LineString>
			</Placemark>
			<Placemark>
				<name>Untitled Path</name>
				<styleUrl>#msn_ylw-pushpin352</styleUrl>
				<LineString>
					<tessellate>1</tessellate>
					<coordinates>
						103.8494059800258,1.329618253310531,0 103.849334320934,1.328849519535809,0 103.8525376949015,1.327146558098785,0 103.853996373952,1.326369046538513,0 103.8544415000546,1.326097665145421,0 103.8536396297922,1.325159057959342,0 103.8544777535662,1.324490474402964,0 103.8527877100869,1.322531939165028,0 103.8530597361236,1.319246943785785,0 
					</coordinates>
				</LineString>
			</Placemark>
			<Placemark>
				<name>Untitled Path</name>
				<styleUrl>#msn_ylw-pushpin352</styleUrl>
				<LineString>
					<tessellate>1</tessellate>
					<coordinates>
						103.8212895605713,1.32206052401706,0 103.8201703208236,1.322355726100603,0 103.8188352319619,1.322704951324415,0 103.8185584228916,1.322745600029572,0 103.8181737051789,1.322789375158171,0 103.8176388518071,1.322837840199695,0 103.8169288723631,1.322922262844963,0 103.8164221709527,1.322959782820232,0 103.8158857547546,1.322994176236112,0 103.8152710471631,1.323073908956155,0 103.8147228776178,1.323146548514918,0 103.8143118950617,1.321172935643501,0 103.8142103040087,1.32073434687,0 103.8141987600706,1.320623545658713,0 103.8141918339096,1.320524286279942,0 103.8142103064002,1.320427335452367,0 103.8142641740711,1.320280257935506,0 103.8150021078022,1.318949925624112,0 103.8151352877739,1.31871204341219,0 103.815220883814,1.318542185539509,0 103.8152528477451,1.31840371694721,0 103.8152652784927,1.318302528320574,0 103.8152706065472,1.318174711057231,0 103.8153700536885,1.317169029932992,0 103.8153647273774,1.317048313576469,0 103.8153363168834,1.316909844599383,0 103.8152670654602,1.316673736756843,0 103.8152013648843,1.316490885791216,0 103.8149819779623,1.315934634874844,0 103.8149375857677,1.315858299203569,0 103.8148292682257,1.315750008541048,0 103.8142104476317,1.315129453910942,0 103.814142971207,1.315049567284018,0 103.8141110089171,1.314973231439826,0 103.8140843737854,1.31488269354416,0 103.814018251277,1.314685577656387,0 103.8139259151446,1.314508052264914,0 103.8135707771501,1.31396837625097,0 103.813494422344,1.313897366100957,0 103.8128764797563,1.313487280436662,0 103.8127928882321,1.31341440877849,0 103.8127258940994,1.313324134565445,0 103.8126792899843,1.31320619599911,0 103.8124753961085,1.312795594086233,0 103.8120166240575,1.313136301019393,0 103.8117413602395,1.313356158789841,0 103.8114669548635,1.313661537803992,0 103.8112120798799,1.313984773691534,0 103.8109644848857,1.314372076049553,0 103.8108379745992,1.314563470112759,0 103.8107127203173,1.314882339067148,0 103.8105102733057,1.315378843647744,0 103.8103126899076,1.315420441040839,0 103.8101360229702,1.315473270335032,0 103.810030145162,1.315480135966058,0 103.8099616937417,1.315469943213284,0 103.8098431366825,1.315443281127394,0 103.8095237856534,1.315305692888937,0 103.8092036463096,1.315107551858876,0 103.8089771219127,1.314873273533285,0 103.8088623831747,1.313901943302786,0 103.8084522956364,1.312871533174357,0 103.808252982756,1.312395634497699,0 103.8081732572773,1.312259663971566,0 103.8080724274357,1.312147136488003,0 103.8079575286095,1.311997100231648,0 103.8078871827237,1.311877540437613,0 103.8078238717541,1.311741570726563,0 103.8077582160523,1.311586846767365,0 103.8077253887797,1.311455566101172,0 103.8077042857062,1.31135241709208,0 103.8076878727942,1.311216448072359,0 103.8076855291771,1.311092200655056,0 103.8076925651335,1.310967953318112,0 103.8077207056317,1.310801508924014,0 103.807751190572,1.310672573179246,0 103.8077699516828,1.310466275428866,0 103.8077887120942,1.310330306408434,0 103.8077910576111,1.310252944474614,0 103.8077934034485,1.310138073707789,0 103.8077582307498,1.310006792072819,0 103.8076667809962,1.309720784645483,0 103.8076238234632,1.309591543433003,0 
					</coordinates>
				</LineString>
			</Placemark>
			<Placemark>
				<name>Untitled Path</name>
				<styleUrl>#msn_ylw-pushpin352</styleUrl>
				<LineString>
					<tessellate>1</tessellate>
					<coordinates>
						103.814723616844,1.32314533812268,0 103.8133583916371,1.323321225333635,0 103.8131146525178,1.322097978179087,0 103.813083279333,1.322001469258817,0 103.8130277725923,1.321851880235219,0 103.8129529587797,1.321707116152003,0 103.8128564241414,1.321564764156513,0 103.8126888389204,1.32136629158683,0 103.8117533864922,1.320338292875803,0 103.810254682072,1.3216966378683,0 103.8095910154168,1.320946277398005,0 103.8086787361784,1.321797969876918,0 103.8068477826061,1.321810009749685,0 103.8060974913323,1.321602508490337,0 103.8060202683761,1.321264724619235,0 103.8066212130131,1.320707388845402,0 103.8048264282803,1.318684905611602,0 103.8043069631662,1.318318167702995,0 103.8041023983421,1.318605282619475,0 103.8021585456095,1.318586466085288,0 103.8020443678597,1.316297929051938,0 103.8020105832108,1.316090435055391,0 103.8019719712138,1.315919131613364,0 103.8016624496044,1.315313313576493,0 103.8014935168775,1.315190262979539,0 103.8014838651034,1.3150816905326,0 103.8014404260205,1.314997245001216,0 103.8014380137838,1.314922450789952,0 103.8012087504752,1.314570192202004,0 103.8012015113848,1.314500223527695,0 103.80029781645,1.31235740987243,0 103.8001299217925,1.312243609679062,0 103.7999446691717,1.312007264486867,0 
					</coordinates>
				</LineString>
			</Placemark>
			<Placemark>
				<name>Untitled Path</name>
				<styleUrl>#msn_ylw-pushpin352</styleUrl>
				<LineString>
					<tessellate>1</tessellate>
					<coordinates>
						103.7830888178296,1.308696217209249,0 103.7818396659121,1.309435720970957,0 103.7810829699989,1.30989773190601,0 103.7803471552512,1.310363447257211,0 103.779788356797,1.310704007500191,0 103.7794418728105,1.31091691616259,0 103.7792034653921,1.311055147833255,0 103.7781107640388,1.31171881298318,0 103.7774947276881,1.312072735164661,0 103.7771720866567,1.312217319981641,0 103.7768462666369,1.312342837721397,0 103.7765713060491,1.31241751110952,0 103.7762931662498,1.31246040599704,0 103.7759403238759,1.312501710582249,0 103.7755312227041,1.312514409640851,0 103.7750830277043,1.312468319265745,0 103.7745998669835,1.312415872536188,0 103.7740308789999,1.312345945476884,0 103.7732325222091,1.312242643873111,0 103.7726921450751,1.312177483670297,0 103.7722646644128,1.312126167724244,0 103.7722315511864,1.311813246958739,0 103.77218519067,1.311435192258244,0 103.7721520754619,1.311173597289695,0 103.7720262299712,1.310514186445048,0 103.7718209000609,1.309482704376699,0 103.7716453770478,1.308606272205946,0 103.7714152078878,1.307501058022511,0 103.7712894000018,1.306861238617634,0 103.7712496596735,1.306631100625829,0 103.7712181998697,1.306389373045308,0 103.7711933644997,1.306126121556684,0 103.7711734974037,1.305841345688179,0 103.7711821405103,1.305302915342209,0 103.7712028558885,1.304790321403809,0 103.7712251610351,1.304327078130924,0 103.7712400863199,1.304141291029643,0 
					</coordinates>
				</LineString>
			</Placemark>
			<Placemark>
				<name>Untitled Path</name>
				<styleUrl>#msn_ylw-pushpin352</styleUrl>
				<LineString>
					<tessellate>1</tessellate>
					<coordinates>
						103.772264318507,1.312124984545663,0 103.7722596415455,1.312602883717926,0 103.7722422389517,1.31291011107416,0 103.7721958408326,1.313339069902006,0 103.7721165801952,1.314026232973891,0 103.7719793235046,1.315175993647083,0 103.7718556060351,1.315940142828457,0 103.7717299561453,1.3165545993835,0 103.7715954500355,1.317295666106292,0 103.7714333379426,1.31796185115285,0 103.7713386197056,1.318357962061618,0 103.7712381007351,1.318771465238789,0 103.7711810289787,1.319062983241067,0 103.7716324151287,1.319143192602409,0 103.7719592793475,1.319197065209752,0 103.7721616231306,1.319247343917191,0 103.7724645395048,1.319353884069006,0 103.7731778962214,1.319683388352614,0 103.7741601843707,1.32011615701604,0 103.7749431456049,1.32050519334375,0 103.7752005657755,1.320614126505236,0 103.7753598078918,1.3206751776414,0 103.7754903152676,1.320718273237051,0 103.7756177841896,1.320744607840264,0 103.7757375149202,1.320758974791937,0 103.7758668246773,1.320754190154392,0 103.7761733375309,1.320739834339099,0 103.7767359740309,1.32073745359904,0 103.777101600466,1.320739855460464,0 103.7773398657916,1.320755422615872,0 103.7777087503771,1.320788946596928,0 103.7779530023137,1.320822468988735,0 103.7782990281338,1.320869161754627,0 103.7788587601568,1.320955356924653,0 103.7791352729726,1.320980162909335,0 103.7792897267477,1.320989742873449,0 103.7794166427212,1.320992140170458,0 103.7795232046511,1.320983764046161,0 103.7796537135866,1.320970600565791,0 103.7798466786016,1.320940677080651,0 103.7800885361665,1.320888014804037,0 103.7802884881456,1.320826972776377,0 103.7805315440839,1.320744385960458,0 103.7808312959326,1.320619959632344,0 103.7810768405185,1.320498395549763,0 103.7813083539887,1.320374493369067,0 103.7815164833827,1.320210846842426,0 103.781703566509,1.320047199736568,0 103.7822045710888,1.319518026478889,0 103.7825296278371,1.319230475054313,0 103.7827190496273,1.319066827921893,0 103.7829084717585,1.318907856316601,0 103.7830862014217,1.318767587211042,0 103.7832756240869,1.318631993702119,0 103.7834603698705,1.318522116428518,0 103.7836053606265,1.318442630715583,0 103.7837830912437,1.318370158877097,0 103.784080088732,1.318302364224871,0 103.7849509400225,1.318172657789907,0 103.7853367919306,1.31812590812587,0 103.7856758739577,1.318086171056048,0 103.7859915714276,1.318055784898812,0 103.7862651767954,1.318018384159924,0 103.7864873359851,1.317971630796148,0 103.786749251468,1.31788980974418,0 103.7869573823493,1.317796297948758,0 103.78714914473,1.317686420284379,0 103.7874765473111,1.317454973272888,0 103.7879386985612,1.316992981317983,0 103.788368989328,1.316597886494646,0 103.7888109717334,1.316184090812042,0 103.7892178757993,1.315852120434183,0 103.7895979578673,1.315479441032317,0 103.7899143674883,1.315164883591275,0 103.7901376124354,1.314927647205031,0 103.7903046068502,1.314760702983588,0 103.7905155470858,1.314583215027978,0 103.7907106668901,1.31444790245187,0 103.7909796165455,1.314296774016225,0 103.7912959459727,1.314127101773563,0 103.7917389153381,1.313898655649867,0 103.7920553215482,1.313780919715854,0 103.7923383298363,1.313693057840623,0 103.7925738777696,1.313629797717543,0 103.7928322787587,1.313550721686077,0 103.7929870360406,1.31348555792209,0 103.7931325079809,1.313401657603248,0 
					</coordinates>
				</LineString>
			</Placemark>
			<Placemark>
				<name>Untitled Path</name>
				<styleUrl>#msn_ylw-pushpin352</styleUrl>
				<LineString>
					<tessellate>1</tessellate>
					<coordinates>
						103.8405407539234,1.32888785750513,0 103.8404103301893,1.329079917094777,0 103.8403310185393,1.32928431065718,0 103.8402746190932,1.329506324362285,0 103.8401847320035,1.32966666783229,0 103.8400736946677,1.329818201520178,0 103.8399150692695,1.330006738252608,0 103.839785028346,1.330199458260023,0 103.8396087792675,1.330440854321941,0 103.8394025668449,1.330742159290839,0 103.8392228253094,1.331045237876489,0 103.8391188384401,1.331313063911841,0 103.8390052647251,1.331660198984832,0 103.8389065653437,1.331920976901702,0 103.8388149156128,1.332158848977868,0 103.8387162155653,1.33232447886548,0 103.8384742890845,1.332717924127021,0 103.8382804145182,1.333020990850552,0 103.8382187269155,1.333117901900702,0 103.8382240144273,1.333112615833299,0 103.8382240144149,1.333119663916947,0 103.8381182639438,1.33325886378317,0 103.8379613680438,1.333446079421855,0 103.837795693716,1.333680427155787,0 103.8377146188865,1.333786148008841,0 103.8376723188611,1.33388834488158,0 103.8376300187927,1.334004637933582,0 103.8375530783178,1.334383610442325,0 103.8375054909804,1.334524571519821,0 103.8373662530977,1.334945693338892,0 103.837316898725,1.335165875889998,0 103.8372971254358,1.335315232898198,0 103.8372905342253,1.335429447142477,0 103.8372927310611,1.335538170402834,0 103.8373026174299,1.335667759887387,0 103.8373212925805,1.336318654482382,0 103.8373223911604,1.33685667376969,0 103.8373103075572,1.337259461436554,0 103.8373070116482,1.337420899227482,0 103.8372839429484,1.338031257429251,0 103.837257579318,1.338225439381783,0 103.8372531851673,1.338349537506147,0 103.8372696627996,1.33846814461403,0 103.8373070121358,1.338613108895297,0 103.837383907734,1.338858011165605,0 103.8374511607237,1.339002690782894,0 103.8375429980361,1.339183304549917,0 103.8376047246759,1.339276621560816,0 103.837687528575,1.339384989658213,0 103.8377883987527,1.33948884237979,0 103.8379269069917,1.339627312706214,0 103.8380368102959,1.339720629702083,0 103.8381602633862,1.339803411003141,0 103.838288233174,1.339887697516988,0 103.8383906091601,1.339965963713625,0 103.8384538414651,1.340020148069498,0 103.8385155683694,1.340087878584196,0 103.8386226718967,1.340210369358885,0 103.8387031460163,1.340313921385802,0 103.8387987589366,1.340428625285371,0 103.8389358045148,1.340596698733759,0 103.8390570198547,1.340736757386346,0 103.839102435977,1.340788533459039,0 103.8391470553051,1.340841902618513,0 103.8391829101303,1.34090244073939,0 103.8392187649702,1.34098846857553,0 103.8392474488669,1.341084055060526,0 103.8392697586034,1.341186810562798,0 103.8392761328832,1.341276024689815,0 103.8392761330001,1.341374001003053,0 103.8392339047127,1.342139770650296,0 103.8392163757835,1.3422258425194,0 103.8391988468687,1.342323818712182,0 103.8391572399726,1.342724442827461,0 103.8391115539674,1.343065093090139,0 103.8390791928643,1.343207823690326,0 103.8390163741083,1.343337232917895,0 103.8389973381155,1.343365779095077,0 103.8391872267806,1.343508302266395,0 103.8393517575873,1.343655004826314,0 103.8395096178628,1.343806152772699,0 103.8396630312316,1.343981751116205,0 103.8398364549128,1.344219587009851,0 103.8400187721541,1.344432972773915,0 103.840142289917,1.344560076895117,0 103.8403223846738,1.344688997174224,0 103.8404468943331,1.34476457101477,0 103.8406447755879,1.344873486172498,0 103.8408537734509,1.344944614261175,0 103.8410183035644,1.344986846511875,0 103.8412008638049,1.345020187997189,0 103.8413876278325,1.345037969622398,0 103.841572168315,1.345037969177157,0 103.8417700489825,1.345017963854219,0 103.8419657062268,1.344977953692654,0 103.8421502465786,1.344922384210197,0 103.8423859247525,1.344820136588797,0 103.8426860814666,1.344666765162186,0 103.8430084730864,1.344491165682677,0 103.8434398592156,1.344283656271494,0 103.8436933239166,1.344194744982431,0 103.8439312250007,1.344116947557773,0 103.8441424457352,1.344050263975334,0 103.8443581135571,1.343994694122802,0 103.8445760051781,1.343950237988249,0 103.8447774018925,1.343921341527934,0 103.845030867177,1.343905781471877,0 103.8454021711716,1.343914671349037,0 103.846413809619,1.344001355221859,0 103.8467028509428,1.344014690542882,0 103.8471208513026,1.344010242986225,0 103.8474989731124,1.343996905335063,0 103.8485083869488,1.343952445672354,0 103.8488374467724,1.343932439121798,0 103.8491042525398,1.343910209991051,0 103.8493621652822,1.343874644172342,0 103.8496956744753,1.343827963780313,0 103.8501092287205,1.343776836818395,0 103.8505250101258,1.343723486411382,0 103.8518977056245,1.343507902906698,0 103.8529271443046,1.343316736323941,0 103.8535183001953,1.34322476042341,0 103.8538905494563,1.343201973363777,0 103.8543894148414,1.343209564559591,0 103.8553061171995,1.343217152011339,0 103.8573113879982,1.343282958365721,0 103.8580172341527,1.343299964470838,0 103.8590751866909,1.343332373882063,0 103.8598493991193,1.343340470906414,0 103.860412834569,1.343372883778559,0 103.8613632335414,1.340737717337797,0 103.861738508917,1.33968482221415,0 103.8618682144656,1.339182330220586,0 103.8619573869292,1.338785199087013,0 103.8620303456462,1.33834754367707,0 103.862066824524,1.338023353600488,0 103.8621007279279,1.337378009498229,0 103.8621278977004,1.336558932374468,0 103.862155068959,1.33569715735316,0 103.8621900091537,1.334944073419166,0 103.8622094196479,1.334233686438227,0 103.8622598819443,1.333094798967859,0 103.862314236878,1.332182555138714,0 103.862333648822,1.331452753948198,0 103.8623576861357,1.330447442455373,0 
					</coordinates>
				</LineString>
			</Placemark>
			<Placemark>
				<name>Untitled Path</name>
				<styleUrl>#msn_ylw-pushpin352</styleUrl>
				<LineString>
					<tessellate>1</tessellate>
					<coordinates>
						103.8982899770816,1.297365118271089,0 103.8991181530487,1.297679052553971,0 103.901440688684,1.298566712353868,0 103.9041002963788,1.299571534265993,0 103.9051880980572,1.299973827803437,0 103.9066833655839,1.300438514017438,0 103.9094185294164,1.301208678219021,0 103.9114068531703,1.301773386466154,0 103.9139413926316,1.302471541216525,0 103.9162273139947,1.303116165903252,0 103.9184994313408,1.303754369241941,0 103.9188188576049,1.303891430258041,0 103.9190067556046,1.303966569628443,0 103.9191452070117,1.304016003467087,0 103.9193172826808,1.30407334678886,0 103.9194616683948,1.304114871334371,0 103.9196060544738,1.304148486504382,0 103.9197484631559,1.304180124404963,0 103.9199660326603,1.304219671903008,0 103.9201658020376,1.3042513101018,0 103.9208308704869,1.304412950971339,0 103.9222157523047,1.304806442382856,0 103.9245655285423,1.305474788461172,0 103.9259221632663,1.305855399330873,0 103.9264265893573,1.306035044632467,0 103.9267153586864,1.306161594210718,0 103.9270337964895,1.306327691091082,0 103.9282097498701,1.306955767362889,0 103.928750314794,1.307244188536105,0 103.9291320446843,1.30741028472608,0 103.9294287262499,1.307530902559903,0 103.9297214526326,1.30762779252381,0 103.9299944010509,1.307712818893146,0 103.9310769799629,1.308004631666551,0 103.9318226458518,1.308212253714034,0 103.9336943455427,1.308750775785153,0 103.9357188000552,1.30932455462628,0 103.9377015755195,1.309869339785766,0 103.9400718555663,1.310548635856626,0 103.9424703222948,1.311240543708331,0 103.9435852618977,1.311533589532822,0 103.9439646062607,1.311602539401304,0 103.9443365619739,1.311654251348755,0 103.9446321570261,1.311681337956126,0 103.9449967260565,1.311703499125433,0 103.9464578014748,1.311747809724264,0 103.9478663465463,1.311784732240833,0 103.9495284608097,1.311831500867719,0 103.9500453236216,1.311873611891738,0 103.95047393853,1.311937633179913,0 103.9508089460377,1.311999193385854,0 103.9511488792027,1.312090305227187,0 103.9516839943009,1.312268137508016,0 103.9521815772674,1.312452826797984,0 103.9538629544361,1.313140817313529,0 103.9550542070192,1.313625162159847,0 103.9563268877345,1.314150885594016,0 103.957940408435,1.314817303897011,0 103.9598810258356,1.315593666298872,0 103.9619555170831,1.316453411987031,0 103.9625734550708,1.316693732683721,0 103.963792734404,1.313950335349322,0 
					</coordinates>
				</LineString>
			</Placemark>
			<Placemark>
				<name>Untitled Path</name>
				<styleUrl>#msn_ylw-pushpin3510</styleUrl>
				<LineString>
					<tessellate>1</tessellate>
					<coordinates>
						103.8941122182781,1.315505844776953,0 103.8921849832474,1.315103475369156,0 103.8920154603356,1.314059164393273,0 103.8920125129303,1.313950102078085,0 103.8919918753075,1.31381598463417,0 103.8919623924286,1.313681866874668,0 103.891921115588,1.313575751359135,0 103.8918709934086,1.313475530820783,0 103.8918149743539,1.313366467115724,0 103.8914351430467,1.312643758170819,0 103.8913452182086,1.312508166120963,0 103.8912847768189,1.312427105507889,0 103.8912081190229,1.312359308970128,0 103.8911270382995,1.312319514972279,0 103.8909766700878,1.312270877224157,0 103.8885667898178,1.311783559869927,0 103.8864524246486,1.31137428258856,0 103.8842852113425,1.310933180584775,0 103.8824451130757,1.310539430067817,0 103.8809537049915,1.310237834955165,0 103.8794403500921,1.309906204764739,0 103.8792604982047,1.309866408912233,0 103.8790939139413,1.309816296441337,0 103.8789759779993,1.309779448979181,0 103.8788329804913,1.309721967498535,0 103.8786929312051,1.309652695271924,0 103.8785794171238,1.309599635413692,0 103.8783584330878,1.309461481504287,0 103.8781201609529,1.309279921059034,0 103.8779501510927,1.309118963933766,0 103.8778484032087,1.308988911067199,0 103.8776912735076,1.308772585406494,0 103.877260433503,1.308137511875219,0 
					</coordinates>
				</LineString>
			</Placemark>
			<Placemark>
				<name>Untitled Path</name>
				<styleUrl>#msn_ylw-pushpin351</styleUrl>
				<LineString>
					<tessellate>1</tessellate>
					<coordinates>
						103.9007970538422,1.298320796505564,0 103.9001271601058,1.299382295086703,0 103.9003087833103,1.299502286172068,0 103.9003770867666,1.29957967257871,0 103.9003842735396,1.299637652724007,0 103.9003385660899,1.299713263468365,0 103.900103249539,1.300032077094414,0 103.9007335654769,1.300429584477604,0 103.9011933818569,1.300681374702535,0 103.9013810193475,1.300808392718336,0 103.9014951136376,1.300835743351136,0 103.9015464576394,1.300818263362093,0 103.9015968918612,1.300771888193539,0 103.9019319044527,1.300423770808808,0 103.9022968507459,1.300656683785572,0 103.9044799951166,1.302172041694915,0 103.905807129385,1.303099843350806,0 103.9072957883187,1.304139781182931,0 103.9078465870454,1.304482671698736,0 103.9080908187433,1.304617546238077,0 103.9084280925404,1.304782651911986,0 103.9095995749363,1.305277755175258,0 103.9104949444405,1.305673402423255,0 103.9107042879157,1.305726886894398,0 103.9108973499436,1.30577804598951,0 103.9111788031432,1.305840832237184,0 103.9114602584631,1.305908269516513,0 103.9124934668258,1.306157385526278,0 103.9132866490261,1.306331791696577,0 103.9153073478739,1.306841798475653,0 103.9167875332681,1.307217578217377,0 103.9175333034084,1.307366404236455,0 103.9188722067486,1.307559238341035,0 103.9196866332181,1.307713578710969,0 103.9207864963912,1.307923840185717,0 103.9225850821555,1.308342127197222,0 103.9229854760582,1.308429226315404,0 103.9236746050879,1.308505276561319,0 103.9242966110576,1.30855895877741,0 103.9247105375791,1.308630536748788,0 103.9250365865296,1.308733284261979,0 103.9254245187154,1.308851087451526,0 103.9259845710812,1.309033749873937,0 103.9260626852525,1.308726661451824,0 103.926105052074,1.30851090580675,0 103.9261553628908,1.308255440647197,0 103.9262321537744,1.307911290209757,0 103.9263208594478,1.307453158906204,0 103.9263552828515,1.307246668585995,0 103.9264122134125,1.306955907268103,0 103.9265827587897,1.306103209994874,0 
					</coordinates>
				</LineString>
			</Placemark>
			<Placemark>
				<name>Untitled Path</name>
				<styleUrl>#msn_ylw-pushpin3510</styleUrl>
				<LineString>
					<tessellate>1</tessellate>
					<coordinates>
						103.8897279378184,1.308595344803526,0 103.8941942811446,1.309501667409236,0 103.8946850020267,1.30954975463455,0 103.8950475081529,1.309553439451855,0 103.895287425904,1.309545551129114,0 103.8989754301129,1.309479806332509,0 103.9011864520312,1.309528904851585,0 103.9013736102283,1.309545915213653,0 103.9014829884883,1.309582365169158,0 103.9015996586239,1.309633395037743,0 103.9042772313227,1.311564508398017,0 103.9064071931732,1.313114992060623,0 103.9064931917978,1.313151938329665,0 103.9066041420165,1.313180948816943,0 103.9066894883277,1.313199720337096,0 103.9067979549475,1.313213005870915,0 103.9075370609132,1.311477513705935,0 103.9078306885267,1.310788062566504,0 103.9079501742465,1.310429702050363,0 103.9080065033835,1.310218098177526,0 103.9081140413259,1.3096143285214,0 103.9081737845555,1.309353236646569,0 103.9082420620307,1.309111685228286,0 103.9083666684691,1.308729434138118,0 103.9084656709045,1.308466636507424,0 103.9085817429131,1.308210664401191,0 103.9087780419043,1.307838650100411,0 103.9094720010019,1.306519455014498,0 103.910051053423,1.305476825718328,0 
					</coordinates>
				</LineString>
			</Placemark>
			<Placemark>
				<name>Untitled Path</name>
				<styleUrl>#msn_ylw-pushpin352</styleUrl>
				<LineString>
					<tessellate>1</tessellate>
					<coordinates>
						103.90679860337,1.313212504504788,0 103.9063934754455,1.314157068881711,0 103.9058891545025,1.315332755828849,0 103.9055327205181,1.316201707953993,0 103.9053341158404,1.316699199188393,0 103.9052671703122,1.316902211069466,0 103.9051912981855,1.31724130803233,0 103.9051265829555,1.317647332795082,0 103.9032231904605,1.317283687053874,0 103.9013827388824,1.316935656577016,0 103.8993502245345,1.316518464289919,0 103.8980291729613,1.316273053993944,0 103.8962399197982,1.315920456109052,0 103.8948917067226,1.315639088337799,0 103.8941127674112,1.315505766660658,0 
					</coordinates>
				</LineString>
			</Placemark>
			<Placemark>
				<name>Untitled Path</name>
				<styleUrl>#msn_ylw-pushpin352</styleUrl>
				<LineString>
					<tessellate>1</tessellate>
					<coordinates>
						103.9183907239131,1.307489798780598,0 103.9179437601037,1.308600978146808,0 103.9173061574025,1.309965989153577,0 103.9165597180951,1.311615631463898,0 103.9159793501053,1.312951999745545,0 103.91526865575,1.314685964033406,0 103.9148406525455,1.315718475028401,0 103.9142171199584,1.317229081654081,0 103.9138068889286,1.318243650292988,0 103.9133818207847,1.319248087190335,0 103.9107423772799,1.318727948738222,0 103.9089215005678,1.318360225918047,0 103.9071167720929,1.317989855071193,0 103.9055651418147,1.317704137721496,0 103.9051265010334,1.317647284422765,0 
					</coordinates>
				</LineString>
			</Placemark>
			<Placemark>
				<name>Untitled Path</name>
				<styleUrl>#msn_ylw-pushpin352</styleUrl>
				<LineString>
					<tessellate>1</tessellate>
					<coordinates>
						103.8921855472604,1.315102634963372,0 103.8923015732473,1.31569637956702,0 103.8923406956095,1.315957734920207,0 103.8923549208619,1.316161948744887,0 103.8923478052589,1.316403746042287,0 103.8923086779693,1.316721994465051,0 103.8922659940803,1.317006463399296,0 103.8921592863625,1.317490076397096,0 103.8921041542633,1.317690982218328,0 103.8920632500658,1.317857306420847,0 103.8920319529022,1.317995174652635,0 103.8910437869664,1.317864263362275,0 103.8900575541954,1.317722079043557,0 103.8890367447654,1.317535707786938,0 103.8874152876958,1.317254674300732,0 103.8860038847291,1.317009138401533,0 103.8848346879375,1.31679909951843,0 103.8835606701706,1.316559477313236,0 103.8817356188179,1.316228146331876,0 103.8799808732613,1.315923436240561,0 103.8783458049692,1.315636478833562,0 103.8779593135158,1.315530527095334,0 103.8776022008974,1.315409169681707,0 103.877274995769,1.315271984916672,0 103.8769284410223,1.315082038830786,0 103.8766469756044,1.314897369917912,0 103.8763285671219,1.314682801974445,0 103.8760042716263,1.314463236734076,0 103.8756461871851,1.314218480353534,0 103.8753197687604,1.313994423914384,0 103.8748976040146,1.31370385756317,0 
					</coordinates>
				</LineString>
			</Placemark>
			<Placemark>
				<name>Untitled Path</name>
				<styleUrl>#msn_ylw-pushpin352</styleUrl>
				<LineString>
					<tessellate>1</tessellate>
					<coordinates>
						103.8690598395776,1.327729177330855,0 103.8691354654017,1.327840161968456,0 103.8692249681319,1.327924788208205,0 103.8693234906969,1.328000397151833,0 103.8694504602501,1.328073925625654,0 103.86957118594,1.328113465460074,0 103.8697071763363,1.328133583574575,0 103.8698341470407,1.328155782485942,0 103.8699257324531,1.328181449016403,0 103.8703134820289,1.328307851121823,0 103.870452415987,1.328364381701123,0 103.870667279208,1.328451600491285,0 103.8709564569446,1.328553356827404,0 103.872473987829,1.329072039815024,0 103.8734334888917,1.329405884632462,0 103.8744058614368,1.329737052935794,0 103.8755236324904,1.330135150563917,0 103.877889640267,1.330939092489811,0 103.8787357615368,1.331205083729841,0 103.8789909081865,1.331285753969305,0 103.8792329820962,1.330394076783621,0 103.8795000311926,1.329426193051625,0 103.8796526903536,1.328902960634758,0 103.8797879037047,1.328477833259635,0 103.8799885450831,1.327884831134628,0 103.8802964768756,1.327022582721814,0 103.8805102008951,1.326340197767111,0 103.8809619118253,1.324660311110148,0 103.8812607520427,1.323461215440264,0 103.8814348590387,1.322565758957246,0 103.8806810437977,1.322300238950778,0 103.8776589364633,1.321095080751719,0 103.8760926835179,1.320500933978446,0 103.8749953839487,1.319517755908746,0 
					</coordinates>
				</LineString>
			</Placemark>
			<Placemark>
				<name>Untitled Path</name>
				<styleUrl>#msn_ylw-pushpin352</styleUrl>
				<LineString>
					<tessellate>1</tessellate>
					<coordinates>
						103.8814346823901,1.322565704226681,0 103.8815497077003,1.321788790154485,0 103.8816605099447,1.320912186859134,0 103.8834300046946,1.321638493608952,0 103.8844529604828,1.32202300946735,0 103.8846967037289,1.322089470445973,0 103.8848850518334,1.322136943021464,0 103.8851050562352,1.322178087026997,0 103.8855923331434,1.322223977401088,0 103.8862570920609,1.322242975518522,0 103.8871571094105,1.322274629993333,0 103.8875132311498,1.322304699775375,0 103.8880255999481,1.322348063331139,0 103.8885795583582,1.322427184901391,0 103.889103448802,1.322514218223458,0 103.8899151893306,1.322692349282492,0 103.8909160688945,1.322922038950126,0 103.8907521843771,1.323802810159334,0 103.8906737432065,1.324299967362891,0 103.8906303194635,1.324714964858467,0 103.8905238642137,1.325335528715955,0 103.8904818412827,1.325691905540094,0 103.8904118060141,1.326029371260439,0 103.8903011503571,1.32647287519606,0 103.8902003002064,1.326853749558834,0 103.89010645245,1.32729808632949,0 103.8900546258564,1.327573361126678,0 103.8900182067052,1.327803006014226,0 103.8899663797125,1.328116307190238,0 103.88992996023,1.328362755879243,0 103.8898543216789,1.328753938370309,0 103.8897349276594,1.329360226726009,0 103.8896242702498,1.329981944434632,0 103.8894632898753,1.330727101349492,0 103.8893344967671,1.331371278535679,0 103.8892266410293,1.331935039433799,0 103.889120184207,1.332674898192501,0 103.8889647615997,1.333582178186938,0 103.8880329277848,1.333355998359808,0 103.8871194453794,1.333117591284427,0 103.8860489904556,1.332875514966133,0 103.884969507714,1.332643751950054,0 103.8837873988916,1.332385779904011,0 103.8827629841778,1.332164485467078,0 103.8815034192357,1.331879850351766,0 103.8803223458576,1.331628915119236,0 103.8799961361331,1.331560200276231,0 103.8798432770706,1.331522299275483,0 103.8797209897613,1.331492956536119,0 103.8794837520353,1.331430603508988,0 103.8791792552548,1.331342575965837,0 103.8789907900962,1.331285657902399,0 
					</coordinates>
				</LineString>
			</Placemark>
			<Placemark>
				<name>Untitled Path</name>
				<styleUrl>#msn_ylw-pushpin352</styleUrl>
				<LineString>
					<tessellate>1</tessellate>
					<coordinates>
						103.8909164626589,1.3229223887734,0 103.891094840336,1.322072719231921,0 103.8912566163955,1.321261538576354,0 103.8914087413493,1.320599417464459,0 103.8916137786135,1.319764780782649,0 103.8918436179666,1.318916296780115,0 103.8919593662276,1.318294496437123,0 103.8920318996859,1.317995193662422,0 
					</coordinates>
				</LineString>
			</Placemark>
			<Placemark>
				<name>Untitled Path</name>
				<styleUrl>#msn_ylw-pushpin352</styleUrl>
				<LineString>
					<tessellate>1</tessellate>
					<coordinates>
						103.8604122676022,1.343372689393831,0 103.8611181956585,1.34347145072505,0 103.8614881717676,1.343522385075254,0 103.8619289172846,1.343585136772862,0 103.8624445874878,1.343685948750164,0 103.8628207759473,1.343771199193888,0 103.8640145378335,1.344117128652834,0 103.8643078674329,1.34419869208274,0 103.8645626960459,1.344254160992158,0 103.8647527648539,1.344285667477213,0 103.8649589034953,1.344294885403257,0 103.8651225161094,1.344282065410753,0 103.8654806685441,1.344252245413952,0 103.8657794102913,1.344182286737083,0 103.8659932133315,1.344094511792787,0 103.8661828055242,1.344014920377806,0 103.8663724072573,1.343937348789239,0 103.8674308203768,1.343505658857625,0 103.8681622330355,1.343177144403998,0 103.8689675162434,1.342813416768682,0 103.8691759885188,1.342738852405847,0 103.8692905034999,1.342711758273228,0 103.8694050362045,1.342688756941305,0 103.869507357543,1.342682179286169,0 103.8696424744639,1.342685693240112,0 103.8697510161044,1.342697506793273,0 103.8698678075443,1.34272361004967,0 103.8700379262249,1.342769945698516,0 103.8706614021939,1.343047634292347,0 103.8707009210533,1.342218714531519,0 103.8707328706916,1.341642141777365,0 103.8707599794299,1.340940035604273,0 103.8707867208613,1.340653854028421,0 103.8707932511463,1.340169877756402,0 103.8707645311772,1.33949337614033,0 103.870668582224,1.338692477335261,0 103.8705674429863,1.337861950545197,0 103.8705223580429,1.337476195455034,0 103.8704072588387,1.336518415993187,0 103.8703174559568,1.335832772490697,0 103.8702698074181,1.335490229430743,0 103.8702351287396,1.335280518670866,0 103.870195552167,1.335053943260472,0 103.8701336385245,1.334808244056113,0 103.8680077459502,1.33528397371683,0 103.8660409161641,1.335984792865679,0 103.8657187344271,1.336080008366169,0 103.8655284882914,1.336108011443723,0 103.8653711144433,1.336100917926866,0 103.8650581925613,1.336059535256614,0 103.8644412495541,1.335993700884067,0 103.8642758667814,1.33663932160927,0 103.8640974292004,1.33709244221478,0 103.8639576609494,1.337294767984789,0 103.8633183885058,1.337939370075197,0 103.8622998749434,1.338664450935936,0 103.8619167803216,1.338971372613822,0 
					</coordinates>
				</LineString>
			</Placemark>
			<Placemark>
				<name>Untitled Path</name>
				<styleUrl>#msn_ylw-pushpin352</styleUrl>
				<LineString>
					<tessellate>1</tessellate>
					<coordinates>
						103.8705569383523,1.337770892347191,0 103.8709573697622,1.337761063811398,0 103.8713541851433,1.337744828267402,0 103.8717654129562,1.337699463177503,0 103.872592395615,1.337646501771754,0 103.8732167514005,1.337592955292333,0 103.8736639263978,1.337589584097017,0 103.8739765998894,1.337614404271322,0 103.874329690169,1.337649224602048,0 103.8750191505276,1.337733471404013,0 103.8754819511991,1.337770727595013,0 103.8756128214906,1.337777433300909,0 103.8757087827608,1.337779928551829,0 103.8758134417979,1.337776572914457,0 103.8759846540748,1.337761304192243,0 103.876188000169,1.337718283377246,0 103.8763999626095,1.337650517972653,0 103.8765683495304,1.337591659888481,0 103.8767526592844,1.33751674613798,0 103.8768977113436,1.337440547346367,0 103.8770411850885,1.337335287315853,0 103.8775550150191,1.336914762696131,0 103.877660709277,1.336814025013836,0 103.8777142302904,1.336751299359656,0 103.8777445410122,1.336700300452742,0 103.8777762306792,1.336631854803452,0 103.8778048818783,1.336532900809477,0 103.8779694992786,1.335751044301256,0 103.8781007502605,1.335190630175862,0 103.8782834186847,1.334390383057344,0 103.8785854664173,1.333022903782362,0 103.8788262960642,1.33197696587697,0 103.8789909785347,1.331285815543021,0 
					</coordinates>
				</LineString>
			</Placemark>
			<Placemark>
				<name>Untitled Path</name>
				<styleUrl>#msn_ylw-pushpin352</styleUrl>
				<LineString>
					<tessellate>1</tessellate>
					<coordinates>
						103.8755680879657,1.337775729548317,0 103.8756143165964,1.338142763087599,0 103.8756318416229,1.338397394692455,0 103.8756479756181,1.338675977925994,0 103.8756650388803,1.338823007280212,0 103.875688249812,1.338931976045012,0 103.8757193599717,1.339045342981989,0 103.8757684054411,1.339160873176439,0 103.8758234005439,1.339270404235506,0 103.875899853221,1.339374685984999,0 103.8759778869194,1.339457236449388,0 103.8760798664518,1.339550138290272,0 103.8761957510133,1.339634112887663,0 103.8763043148474,1.339694877664523,0 103.876441248233,1.339752533938831,0 103.8768283156618,1.339872846952498,0 103.8770792780603,1.339929891572844,0 103.8773393003436,1.339981448405717,0 103.8775229173677,1.340009721287879,0 103.8776612012642,1.340058167892947,0 103.8777922259764,1.340108461963658,0 103.8778922801269,1.34013890970546,0 103.8780395544856,1.340165522344012,0 103.8781868055866,1.340186686254607,0 103.8784564727727,1.340211398985247,0 103.8786531524386,1.340247794351244,0 103.8789822894005,1.34032086070826,0 103.8791764718748,1.340373960419323,0 103.8793552909297,1.34043868320359,0 103.879518735647,1.340512460925562,0 103.8798051678927,1.340684436682073,0 103.880076952228,1.340861762588242,0 103.8804738882723,1.341154263943139,0 103.8810646774745,1.341594265920922,0 103.8811453508533,1.341654599275567,0 103.8811925820807,1.341697156196157,0 103.8812205451427,1.341734807197623,0 103.881236362352,1.341766096390331,0 103.8813831276963,1.342078738546267,0 103.8818156244933,1.341865934653932,0 103.8821899396386,1.341682599545608,0 103.8826307439123,1.341451279138214,0 103.8830166803857,1.341256098928959,0 103.8834396429876,1.341078496020418,0 103.883769291214,1.340979039437074,0 103.8839978911305,1.340926033820246,0 103.8843874787046,1.340860849192629,0 103.8848068756039,1.340855486576374,0 103.8852272778397,1.340868072003863,0 103.8857139306005,1.340218369772289,0 103.8860230461218,1.339793936437772,0 103.8861976267557,1.339551411727941,0 103.8864465191215,1.339182203734316,0 103.8866495557669,1.338861843948092,0 103.8868355461651,1.338544701582566,0 103.8870582788167,1.338117760449014,0 103.8873689371335,1.337479388986486,0 103.8877023909288,1.336688261607581,0 103.8880246630316,1.335975941377678,0 103.888343707456,1.335343178633992,0 103.8885720979355,1.334893186022926,0 103.8886901118035,1.334636092574513,0 103.8887868226703,1.334362240678978,0 103.8888604393173,1.334074095949951,0 103.8889644369442,1.333581944959067,0 
					</coordinates>
				</LineString>
			</Placemark>
			<Placemark>
				<name>Untitled Path</name>
				<styleUrl>#msn_ylw-pushpin352</styleUrl>
				<LineString>
					<tessellate>1</tessellate>
					<coordinates>
						103.870661310229,1.343047579583823,0 103.8710702123067,1.343273088715182,0 103.8713688369806,1.343402970191467,0 103.8716430616671,1.34348870892291,0 103.8718518969522,1.343531270767811,0 103.8720867139389,1.343550544115146,0 103.8723793587403,1.343539149548183,0 103.872856648759,1.343504400251258,0 103.8731202839458,1.343485887128437,0 103.8734681087203,1.343462666301426,0 103.8736926591761,1.343453012082256,0 103.8738462485416,1.343452353633462,0 103.8740747817964,1.343473737224265,0 103.8742768065196,1.343506126842896,0 103.8744892482301,1.343560260340929,0 103.8747029208888,1.343633883678427,0 103.8757956760132,1.344061008959774,0 103.8761050559644,1.344179208240474,0 103.8763243167217,1.344218404731615,0 103.8764987244624,1.344230271311578,0 103.8766811376354,1.344236369847057,0 103.8768508647154,1.344226468105703,0 103.8770919711643,1.344185295716182,0 103.8772810790032,1.344147788260703,0 103.8774849714465,1.344080401434748,0 103.8778057197537,1.343905863393438,0 103.8780803496751,1.343749872037585,0 103.8783435397505,1.343600809800667,0 103.8794777090727,1.342978825147508,0 103.8805606626392,1.342462014154717,0 103.8813830894926,1.342078866956083,0 
					</coordinates>
				</LineString>
			</Placemark>
			<Placemark>
				<name>Untitled Path</name>
				<styleUrl>#msn_ylw-pushpin352</styleUrl>
				<LineString>
					<tessellate>1</tessellate>
					<coordinates>
						103.7712411164356,1.304141394779681,0 103.7704337798405,1.304500273280931,0 103.769925818301,1.304756754643469,0 103.7694489517712,1.305052101401543,0 103.7689617128234,1.305394085924959,0 103.7685094290642,1.305748449472686,0 103.7679029678875,1.306235521442815,0 103.7672347379757,1.306774917419909,0 103.7667779248386,1.307252059952981,0 103.7664415286257,1.307673341339178,0 103.7659390196104,1.308420352492516,0 103.7655534749217,1.308942174482879,0 103.7652610658147,1.309329752488997,0 103.7649536756935,1.309712111655873,0 103.7646807626264,1.310041226749058,0 103.7643710277762,1.310370341915615,0 103.7640875138287,1.310664603136956,0 103.7636651522803,1.311101977014668,0 103.7631905862343,1.311574458879073,0 103.7626085805251,1.312135742731603,0 103.7619856651654,1.312762872824317,0 103.761277392546,1.313483893756006,0 103.7604196739019,1.314371479107732,0 103.7594586032019,1.315346627326836,0 103.7584673750348,1.316498282828674,0 103.7578585517559,1.317200657695535,0 103.757298866333,1.317858198192525,0 103.7563064931716,1.319033745365648,0 103.7555345631785,1.319949333951925,0 103.7551568589455,1.320381387895874,0 103.754922933763,1.320619561200139,0 103.7546478569798,1.320833915364506,0 103.7542753134808,1.321043936383545,0 103.7539253890776,1.321205621839509,0 103.753362570176,1.321404404852197,0 103.7518563671535,1.321897187994491,0 103.7513944817439,1.320462735563803,0 103.7497560941351,1.317605492554208,0 103.7500874777035,1.31748297533068,0 103.7502100442986,1.317428522304432,0 103.7503189926241,1.317371799642623,0 103.7504960355321,1.317233392517047,0 103.7506390318533,1.317115405854184,0 103.7508887099425,1.316861278134648,0 103.7511905944636,1.316534541167705,0 103.752242749492,1.315372246322304,0 103.7535609832251,1.313965996656469,0 103.7542504102754,1.31321626590178,0 103.7547225329155,1.312630857155797,0 103.7555976030532,1.311425854413957,0 103.7563047953574,1.310484540685965,0 103.7573894400284,1.309058882589106,0 103.7583714884022,1.30775275429971,0 103.759334447843,1.30645275543358,0 103.760159950407,1.305307981958856,0 103.7605003239009,1.30481862406492,0 103.7607833308446,1.304409549796752,0 103.7610837263373,1.303941068743842,0 103.7612902517409,1.30350905405201,0 103.7618715772189,1.302300937977019,0 103.7623047418758,1.301355593007018,0 103.7610772024519,1.301041025618107,0 103.7586429459241,1.299168795227938,0 
					</coordinates>
				</LineString>
			</Placemark>
			<Placemark>
				<name>Untitled Path</name>
				<styleUrl>#msn_ylw-pushpin4</styleUrl>
				<LineString>
					<tessellate>1</tessellate>
					<coordinates>
						103.7497562203181,1.317604916944184,0 
					</coordinates>
				</LineString>
			</Placemark>
			<Placemark>
				<name>Untitled Path</name>
				<styleUrl>#msn_ylw-pushpin352</styleUrl>
				<LineString>
					<tessellate>1</tessellate>
					<coordinates>
						103.7518559911311,1.321897278532419,0 103.7520213550246,1.322381325642421,0 103.7521950063394,1.322638065504227,0 103.7523564284269,1.322789664251703,0 103.7525227419963,1.322909476130589,0 103.7527575372593,1.323034178351225,0 103.7554030862077,1.324622735663057,0 103.7557447611251,1.324757869477345,0 103.755992569651,1.324814175788142,0 103.756195322426,1.324851713846117,0 103.7564128713455,1.324904896719342,0 103.7565460178936,1.324970095089383,0 103.7566628605982,1.325111356802339,0 103.7567797029607,1.325363996734738,0 103.7569182827807,1.325812226810722,0 103.7569780616226,1.326255022087967,0 103.7570363018258,1.326771916041385,0 103.757097232547,1.327201803951223,0 103.7571442359958,1.327461129278786,0 103.7572187776271,1.327758542910882,0 103.7573267127385,1.328120554869768,0 103.7574851367066,1.328554170003349,0 103.7575861086724,1.328778686595672,0 103.7577055976571,1.328977921906748,0 103.7578709851897,1.329214622028781,0 103.7581163431709,1.329576264665337,0 103.7584139658982,1.330028886641945,0 103.7586935477618,1.330452653472447,0 103.7588865482874,1.330775436857576,0 103.7590345937225,1.331023764192985,0 103.7591374072887,1.331232942284815,0 103.759216771857,1.331433103957802,0 103.759269080031,1.331624249422732,0 103.7593159767681,1.331837034290575,0 103.7593340147761,1.332074316462815,0 103.7593286030689,1.332297920320565,0 103.7592907235685,1.332570212503817,0 103.7592366098379,1.332849718537103,0 103.7591879086586,1.333211959229841,0 103.7591770866667,1.333431517188786,0 103.7592185723627,1.333885724036123,0 103.7592690770159,1.334114737737405,0 103.7592690770343,1.334105721444726,0 103.7593340114032,1.334361784094744,0 103.7594115720535,1.334570962230231,0 103.759721500454,1.335417336788747,0 103.7609937800996,1.334723360021706,0 103.7622634156939,1.334010045906608,0 103.7634316248613,1.333324874816025,0 103.7639001375676,1.333054157324565,0 103.7642272796744,1.332884788845371,0 103.7644335946258,1.332792401761985,0 103.764669997192,1.332691420517979,0 103.7650847768801,1.332568953615912,0 103.7655103038018,1.332457228899986,0 103.76603548975,1.33233476241717,0 103.7664438218482,1.332266008428407,0 103.7668414095093,1.332248818938415,0 103.7672239551261,1.332244520306589,0 103.7678202873242,1.332272451289307,0 103.7683532713532,1.33235194519956,0 103.7689410623507,1.332485699186331,0 103.7694826399467,1.332642540682708,0 103.7701553162766,1.332876728763813,0 103.7713657942446,1.333388301115427,0 103.7726355047604,1.333925034259551,0 103.7737201723479,1.334529585496357,0 103.7750499031148,1.335418963446015,0 103.7762002503209,1.336307295464814,0 103.7766977017918,1.336774483648022,0 103.7770437139012,1.337167663852703,0 103.7772865692263,1.337539360145383,0 103.777596576739,1.338099951483325,0 103.7778261847945,1.337961522037105,0 103.7782258062346,1.33777227676362,0 103.7788585380211,1.337542728584162,0 103.7786184104152,1.336844464031738,0 103.7784238537716,1.336168124019475,0 103.7781854775645,1.335323753189886,0 103.7780139344823,1.33465764734028,0 103.7779666096929,1.33442505520119,0 103.7779385649507,1.334283123094329,0 103.7779122723225,1.334078109595702,0 103.777891619499,1.333736534141099,0 103.7778142748308,1.332006387098795,0 103.7777584118784,1.330328468192155,0 103.7777383030778,1.330098416407086,0 103.7776913846294,1.329875064911379,0 103.7776265925005,1.329607042522302,0 103.7775158223971,1.329319694164508,0 103.7773393255456,1.328993602384577,0 103.7769662240595,1.328497764648241,0 103.7766556761592,1.328120301043878,0 103.7763947431971,1.327776961604873,0 103.7762070749058,1.32749330621235,0 103.7760462154306,1.327247619816283,0 103.7757891219904,1.326778084616192,0 103.7755969862851,1.326398388897403,0 103.7754629375966,1.326119200409607,0 103.7752775035583,1.325842244782349,0 103.7751281164142,1.325656200783527,0 103.7749743190158,1.325508475667889,0 103.7748175059301,1.325380346684966,0 103.7746109346658,1.325246187947501,0 103.7744390430135,1.325169310323452,0 103.7742475491353,1.325095447304286,0 103.7738346123778,1.324962603948827,0 103.7735918534556,1.324897785805019,0 103.7734229770626,1.324840504262752,0 103.773273701812,1.324778700271795,0 103.7730588735439,1.324651260056786,0 103.7728281768963,1.32446886454006,0 103.7726487452872,1.324289483153378,0 103.7724979614758,1.324108593682624,0 103.772157816204,1.323573753503136,0 103.7717727910235,1.322941474784717,0 103.7713521008781,1.322300820596863,0 103.7709623404635,1.321617554865618,0 103.7708944874206,1.321462290995848,0 103.7708371885155,1.321276878265001,0 103.7707798213375,1.320968117801681,0 103.7707556949784,1.320669650774603,0 103.7707948962597,1.320342541991049,0 103.7709351217592,1.319854867141395,0 103.7711810379857,1.319062882269447,0 
					</coordinates>
				</LineString>
			</Placemark>
			<Placemark>
				<name>Untitled Path</name>
				<styleUrl>#msn_ylw-pushpin352</styleUrl>
				<LineString>
					<tessellate>1</tessellate>
					<coordinates>
						103.751856642144,1.321897107322873,0 103.7507738158911,1.322232572899991,0 103.7498278385172,1.322474115068706,0 103.7487671801407,1.32269928316993,0 103.7479235490857,1.322867138464877,0 103.7471760906005,1.3230285498779,0 103.7460048565176,1.323302851547666,0 103.7449687847786,1.323511642604185,0 103.7442398552696,1.323646740339338,0 103.7438467256256,1.323740899527807,0 103.7435027368134,1.323896468789349,0 103.7431792234038,1.324043850107602,0 103.74271647513,1.324314050315201,0 103.7421800120678,1.324666130740861,0 103.7417640994504,1.324973191114216,0 103.7401324983662,1.326080456264255,0 103.7396599555503,1.326409134528412,0 103.7393431628069,1.326623444545886,0 103.7390096958468,1.32679727447713,0 103.7386643175813,1.326947292990707,0 103.7382927357799,1.327092550429313,0 103.7378507258332,1.327213803489658,0 103.7375845025515,1.326013901995803,0 103.7371689779024,1.324146360452315,0 103.7366978499358,1.321984624054184,0 103.736366938185,1.320488467142277,0 103.7433455865779,1.319018072958483,0 103.7472775493414,1.318163189939839,0 103.748759475377,1.317866790481125,0 103.7493182156831,1.317724828417595,0 103.7497565167283,1.317605848051783,0 
					</coordinates>
				</LineString>
			</Placemark>
			<Placemark>
				<name>Untitled Path</name>
				<styleUrl>#msn_ylw-pushpin352</styleUrl>
				<LineString>
					<tessellate>1</tessellate>
					<coordinates>
						103.8389976800934,1.343365611464436,0 103.8386244735289,1.343123830174865,0 103.8382990826516,1.342953798649371,0 103.8378830338455,1.342758349196131,0 103.8376163986603,1.342644720902039,0 103.8371708810169,1.342390226920426,0 103.8369253905981,1.342231166874813,0 103.8361075413575,1.341737620131017,0 103.8350180498866,1.341108869634726,0 103.8344501459979,1.340781942336024,0 103.8342379952358,1.340691052290821,0 103.8340394823353,1.340612281018688,0 103.8337480615851,1.340516848776063,0 103.8334965127474,1.340459289041573,0 103.832927575049,1.340403250147096,0 103.8326039748052,1.340419925713767,0 103.8320796653632,1.340465386393016,0 103.8316386968232,1.34051993378642,0 103.8312616136939,1.340562054863359,0 103.8310698162234,1.340137041878905,0 103.8309186650729,1.339813996269652,0 103.8307935731234,1.339480529556611,0 103.8307549283476,1.339384852549679,0 103.8307487262139,1.339329060482323,0 103.8307631939393,1.339289798856214,0 103.8307900637184,1.339258802347221,0 103.830823134157,1.339225739275269,0 103.8308417358234,1.339186477539889,0 103.8308293332041,1.339149283152296,0 103.8308065958443,1.339112089079603,0 103.8307487195433,1.339045966816899,0 103.8301906178179,1.338285555007775,0 103.8301265388274,1.338200834756963,0 103.8301162020779,1.338145042582756,0 103.8301182674207,1.338091316508113,0 103.8301492708348,1.338047921709915,0 103.8302712192867,1.337940466981746,0 103.8312592021819,1.33712451393123,0 103.8324246096562,1.336149641467364,0 103.8335334719369,1.335310140675287,0 103.8335865706886,1.335271531683718,0 103.8336155337142,1.335252227122078,0 103.8336509330699,1.335232922389403,0 103.8336863324151,1.335213617653134,0 103.833732995542,1.335200747230934,0 103.8337828770371,1.3351943112945,0 103.833884249185,1.335186265303355,0 103.8354086589957,1.335049486210726,0 103.8356932291404,1.335016692937142,0 103.8357543739861,1.335007039294952,0 103.8357962097277,1.334994168922628,0 103.8358412634557,1.33497486388532,0 103.8361308938076,1.334830077416379,0 103.8361920382378,1.334807554598173,0 103.8362483557599,1.334796292404201,0 103.8363513365905,1.33478181153244,0 103.8374610805711,1.334659538550304,0 
					</coordinates>
				</LineString>
			</Placemark>
			<Placemark>
				<name>Untitled Path</name>
				<styleUrl>#msn_ylw-pushpin3500</styleUrl>
				<LineString>
					<tessellate>1</tessellate>
					<coordinates>
						103.7703061671248,1.348963194240653,0 103.7701925627549,1.349232681655474,0 103.7701308013543,1.349555027819405,0 103.7699438277051,1.351186914179879,0 103.7698471897167,1.35202156218813,0 103.7698135746244,1.352267299985473,0 103.7697895403875,1.352420776578153,0 103.7697024868395,1.352801531213941,0 103.769600197677,1.353143124077782,0 103.7693880354647,1.353857090576877,0 103.7691190689469,1.35455609039383,0 103.7689406052571,1.355078273007306,0 103.7687566733502,1.355513464251546,0 103.7685178030196,1.356045905581036,0 103.7684046315433,1.356224317749753,0 103.7682958122687,1.356361391188661,0 103.7677369786851,1.357086252019121,0 103.7676695113622,1.357205918655523,0 103.7675911617611,1.357364749117721,0 103.7675454573865,1.357527931275117,0 103.768544754901,1.357462910975603,0 103.7688876380403,1.357461026016693,0 103.7691118309793,1.357462908531536,0 103.7692324055763,1.357485509417394,0 103.7693096487349,1.357506227053517,0 103.7693642843863,1.357555196485777,0 103.7693548656214,1.357732240756954,0 103.7693379110121,1.357914935622168,0 103.7691702422947,1.35916862419502,0 103.7690779307777,1.359880693333414,0 103.7690873522037,1.360287096798774,0 103.7691325702314,1.360744774721904,0 103.7691779170698,1.361479754759256,0 103.768600772841,1.362641896361498,0 103.7687178404629,1.363448313929574,0 103.7692895449365,1.363505465650068,0 103.7698748443489,1.363602674035739,0 103.7702325020732,1.363722547062699,0 103.7706046298348,1.363906489422882,0 103.7709808908774,1.364065629704944,0 103.7713798924905,1.364235103429445,0 103.7717747597591,1.364385976238739,0 103.7720435182595,1.364478980117894,0 103.7723412209082,1.364561650236276,0 103.7726141163387,1.3646360536608,0 103.7729097545753,1.364695989881128,0 103.7731557766044,1.364729058255363,0 103.7733501001126,1.364739387180959,0 103.7736478017759,1.364735252503641,0 103.7740116610564,1.364743518516974,0 103.7744995669509,1.364745584158571,0 103.7753406203374,1.364762112537674,0 103.7757368369833,1.364770376250346,0 103.7759353071325,1.364784843240989,0 103.7761978681232,1.364809644202009,0 103.7767913473199,1.364886108989447,0 103.7771304010646,1.364952245563366,0 103.7779354307307,1.365115516131322,0 103.7788199537671,1.365287770606719,0 103.7795993566835,1.365409706123509,0 103.7798492689676,1.363730508561338,0 103.7800342547822,1.362917582444046,0 103.7801880070795,1.362394029977225,0 103.7804577166418,1.361591528921139,0 103.7807508039584,1.360847025962219,0 103.7811808259339,1.35993586516868,0 103.7817148718343,1.358980297102833,0 103.7820992463565,1.358389498082294,0 103.7826375003737,1.357664312415984,0 103.7831684132728,1.357047099512189,0 103.7838725461565,1.356310505021049,0 103.7844635156402,1.35577974942484,0 103.7852957881605,1.355135166086769,0 103.7860141746636,1.354642600371757,0 103.7876285255925,1.353607510714123,0 103.788849696078,1.352775411420574,0 103.7891908240569,1.352492020664606,0 103.7894430679039,1.352244652555645,0 103.789659278166,1.352018897587053,0 103.7898673834747,1.351794171783541,0 103.7901076149127,1.351498772299456,0 103.7903526520567,1.351186559738363,0 103.7910254554045,1.350240136747661,0 103.79131684798,1.349764160726931,0 103.7916108417329,1.349288183822459,0 103.7920089004688,1.349379220421772,0 103.7924017559705,1.349452049567306,0 103.7928440447572,1.349501469491137,0 103.7932160892422,1.349522278079138,0 103.7936271619617,1.349511874372477,0 103.7941397066502,1.349472858936326,0 103.7945625230802,1.349423444956743,0 103.7949241661206,1.34935321741334,0 103.7952962198129,1.349251776847395,0 103.7956335921335,1.349147741135758,0 103.796013451993,1.34900728426236,0 103.796346046165,1.348859315931228,0 103.7967441060449,1.348651239551883,0 103.7971525744406,1.348401546743912,0 103.7975142142062,1.348159655380666,0 103.7978160168111,1.347933368388974,0 103.7981683349889,1.347617410665406,0 103.798477939178,1.347318298655928,0 103.7987667314168,1.347016584076762,0 103.7990164996806,1.346743478523549,0 103.7993131023711,1.346415749171439,0 103.7995777163203,1.346130206981115,0 103.7998925222357,1.345784278123721,0 103.8002645674416,1.345394130873366,0 103.8005611650226,1.345089813768169,0 103.8008967918981,1.344741276647583,0 103.801442487401,1.344154499643582,0 103.8018899888858,1.343681113703742,0 103.8028846410566,1.342643541748725,0 103.8037010138843,1.341792030572736,0 103.8048082818091,1.340693651112156,0 103.8066760050052,1.338952210282531,0 103.8086011745783,1.337165797488008,0 103.8109553935038,1.335030623647173,0 103.8115191297185,1.334589324105333,0 103.8118631851083,1.334372070592751,0 103.8121745291471,1.334218651902156,0 103.8125522763021,1.334053430043658,0 103.8129702754416,1.333920062105418,0 103.8140774902422,1.333638732063213,0 103.8144847435188,1.333497115289664,0 103.8148740379727,1.333323163731387,0 103.8151853797561,1.333159419983708,0 103.8156546069974,1.332911590441098,0 103.8161577761656,1.332643105708115,0 103.8182649076947,1.331483319187131,0 103.8200963214053,1.330481827872303,0 103.8208017948249,1.330165223138229,0 103.8214608331645,1.329912690904491,0 103.8224858275897,1.329511062605964,0 103.8228371604343,1.329366431765715,0 103.8230507170581,1.329270010821538,0 103.8232849415649,1.329150632179516,0 103.8235283529113,1.329019774114139,0 103.8237694701804,1.328863662278746,0 103.8241033866683,1.328597124220352,0 103.8244501213845,1.328291799399268,0 103.8247761899379,1.327979587561453,0 103.8249277431018,1.327809707459895,0 103.8251642586423,1.327554886511143,0 103.8253594423457,1.327355161037571,0 103.8254857382458,1.327231192963607,0 103.8256556642101,1.327084267011027,0 103.8257957390171,1.326978663132915,0 103.8260861311303,1.326808958247542,0 103.8263256334447,1.32671153752266,0 103.8265064342891,1.326655197364985,0 103.8268558487028,1.326616298052555,0 
					</coordinates>
				</LineString>
			</Placemark>
			<Placemark>
				<name>Untitled Path</name>
				<styleUrl>#msn_ylw-pushpin352</styleUrl>
				<LineString>
					<tessellate>1</tessellate>
					<coordinates>
						103.8312619870866,1.340561465235895,0 103.8307503481319,1.340610709294364,0 103.8305607655205,1.340623452443,0 103.8303791487372,1.340628232120606,0 103.8301385863967,1.340625048959048,0 103.8299410385307,1.340613901998756,0 103.8296080744612,1.340575680731313,0 103.8293452074486,1.340526309995731,0 103.8290425109863,1.340457827323386,0 103.8287206952066,1.340368639655135,0 103.8281152010344,1.34018070683885,0 103.8273519858175,1.339895620174137,0 103.8268533781667,1.339664142192963,0 103.8262516563644,1.339353571387739,0 103.8256699197657,1.33900391551017,0 103.8251999389499,1.33868537917369,0 103.8244156829174,1.338155892689652,0 103.8235369981415,1.337591033935331,0 103.822679220741,1.337007315006285,0 103.8217291506896,1.336346971477617,0 103.8195048791839,1.335015807647498,0 103.818471299656,1.334491802115402,0 103.8177094047401,1.334025146761976,0 103.8174051144442,1.333770316106349,0 103.8171549886725,1.333504334702196,0 103.816817158063,1.33310503747381,0 103.8163993890963,1.332510262752488,0 
					</coordinates>
				</LineString>
			</Placemark>
			<Placemark>
				<name>Untitled Path</name>
				<styleUrl>#msn_ylw-pushpin352</styleUrl>
				<LineString>
					<tessellate>1</tessellate>
					<coordinates>
						103.9133817367179,1.319247571514428,0 103.9139350727925,1.319423384747565,0 103.914555296823,1.319653283393198,0 103.9155086982677,1.320005545884346,0 103.9162486235847,1.320268525058538,0 103.9170930360554,1.320564376778792,0 103.9181997023629,1.320943140955535,0 103.9189780367125,1.321211751000258,0 103.9194493350502,1.321347424558629,0 103.9204431985064,1.321684703747555,0 103.9215328802762,1.322042062110339,0 103.9224759660136,1.322372380989125,0 103.9232801209867,1.322682709987899,0 103.9235346244353,1.322767506527622,0 103.9238223473669,1.322847411679461,0 103.9241522554289,1.32294162737628,0 103.9244802795896,1.323020765901324,0 103.9249011593428,1.323109324564271,0 103.9254686019533,1.323201643687733,0 103.9260772265377,1.323305269595694,0 103.926677320124,1.323407010843914,0 103.9273433908609,1.323528433524687,0 103.9278075231191,1.320893110871877,0 103.9279336886113,1.320210975384753,0 103.9280869236978,1.319787649803054,0 103.9282875620426,1.31943224084896,0 103.9285735036554,1.319099648057107,0 103.9288136468653,1.318873760519474,0 103.9290490544487,1.318717372487691,0 103.9293018443342,1.318592573807145,0 103.9296699756332,1.318485142579226,0 103.9299542680497,1.318436201183224,0 103.9302623621354,1.318421968074761,0 103.9305862591988,1.318439324720341,0 103.9313376792309,1.318590923435594,0 103.9324246969942,1.31879936733223,0 103.9328551583685,1.318886220387091,0 103.933089912302,1.317317479169895,0 103.9332534474808,1.316353625777995,0 103.9334053004136,1.315559387532468,0 103.9334589713572,1.315329305109415,0 103.9335256581697,1.315096731698296,0 103.9335842094799,1.314823498919834,0 103.9336866668406,1.314248252442355,0 103.9337826279566,1.313818884441815,0 103.9338444275443,1.313527365695346,0 103.9339159929443,1.313237868052725,0 103.9339989449672,1.312902829773392,0 103.9341662584941,1.312280148092843,0 103.9343272819191,1.311719044818354,0 103.9346323540548,1.310646514340153,0 103.9348266429147,1.309836617875772,0 103.934991971191,1.309119007267936,0 
					</coordinates>
				</LineString>
			</Placemark>
			<Placemark>
				<name>Untitled Path</name>
				<styleUrl>#msn_ylw-pushpin352</styleUrl>
				<LineString>
					<tessellate>1</tessellate>
					<coordinates>
						103.9051267495197,1.317646819546588,0 103.9050829402968,1.317931642649912,0 103.9050554780714,1.31821775617851,0 103.9049913982399,1.318849849967864,0 103.9049753829207,1.31911921330226,0 103.9049799761961,1.319461827411668,0 103.9050086050146,1.31969529418919,0 103.9050463973145,1.320063093471443,0 103.9050841910698,1.320466378867634,0 103.9051174075534,1.320910367045959,0 103.9051448980823,1.32130124951754,0 103.9051792546606,1.321631686004549,0 103.9052170442041,1.321938908474566,0 103.9052548342411,1.322240655581729,0 103.905313234326,1.322653998121676,0 103.9053991139079,1.323190308303035,0 103.9054678208363,1.323692489997741,0 103.9056395977815,1.324861267656648,0 103.9057112232687,1.325468720887172,0 103.905749943329,1.325917109874277,0 103.905771240776,1.326164735131201,0 103.9046391996976,1.3258455756172,0 103.9041489884281,1.325694699590424,0 103.9037445505114,1.325576708038291,0 103.9035104020493,1.325518680877946,0 103.9032743178947,1.325464522927978,0 103.9029666329997,1.325392956746197,0 103.9025428374852,1.325298180177995,0 103.901567305696,1.325120238290809,0 103.9005373950504,1.32491714941456,0 103.8993368500876,1.324671505674015,0 103.8981192577476,1.324441338139035,0 103.8965797078716,1.324154552914274,0 103.8949608132732,1.323837345063114,0 103.8936104974704,1.323545275115795,0 103.8921226155123,1.323210271522181,0 103.8909162252527,1.322921843929488,0 
					</coordinates>
				</LineString>
			</Placemark>
			<Placemark>
				<name>Untitled Path</name>
				<styleUrl>#msn_ylw-pushpin352</styleUrl>
				<LineString>
					<tessellate>1</tessellate>
					<coordinates>
						103.9197234033329,1.321441345390973,0 103.9196601108311,1.321748226635513,0 103.9195943988861,1.322130942281233,0 103.9195659392017,1.322379658601906,0 103.9195269897023,1.322630701617763,0 103.9194910395357,1.322932462664877,0 103.9194715706689,1.323182306036669,0 103.9194536022594,1.323472968546772,0 103.9194566098892,1.323694920587246,0 103.9194716028141,1.323857830367513,0 103.9195195684711,1.324128161157405,0 103.9195975057059,1.324423515086476,0 103.9196769396464,1.324678719694218,0 103.9197219055336,1.324893450140537,0 103.9197338981192,1.324990827917527,0 103.9197324028123,1.325061240183689,0 103.9197114280818,1.325163114586792,0 103.9196679793375,1.325326521692135,0 103.919617036877,1.32546768413902,0 103.9195061559083,1.32568791483931,0 103.9193436490671,1.325927855036908,0 103.9191875575148,1.326141960179293,0 103.9190696948603,1.326281770766947,0 103.9189093623692,1.326461552437737,0 103.9187295481793,1.326629350820257,0 103.9185767049521,1.32675969568765,0 103.9183781330856,1.326895295799498,0 103.9184471094596,1.327016341903776,0 103.9185283469225,1.327129726158764,0 103.9186249117397,1.327253835793613,0 103.9187230083488,1.327356493768773,0 103.9188364321437,1.327462215852449,0 103.9189483224017,1.327544954166397,0 103.9190065666216,1.327584791095745,0 103.9188103094857,1.328217280322759,0 103.9187949867646,1.328300024538337,0 103.9187949918259,1.328399623440992,0 103.9171330856551,1.328492284312707,0 103.916969097272,1.328716005314164,0 103.9166392091847,1.329059787337791,0 103.9158756508514,1.329591115689067,0 103.9152520420992,1.330402005971259,0 103.9140389536638,1.329806857533474,0 103.9130026886547,1.329331783829337,0 103.9118435309494,1.32877669614351,0 103.9105899931331,1.32807133357288,0 103.9096602777896,1.327540432151612,0 103.9091204947063,1.327245801455936,0 103.9087223898749,1.327069904748118,0 103.9081495789535,1.326882231366007,0 103.9076753481192,1.326738775218802,0 103.9065899199741,1.326412704883941,0 103.9057710651403,1.326165031900284,0 
					</coordinates>
				</LineString>
			</Placemark>
			<Placemark>
				<name>Untitled Path</name>
				<styleUrl>#msn_ylw-pushpin352</styleUrl>
				<LineString>
					<tessellate>1</tessellate>
					<coordinates>
						103.9057711464033,1.326164555160527,0 103.905818237545,1.326743258209238,0 103.9058278903902,1.326908330063683,0 103.9058279470126,1.327084922033879,0 103.9058145661766,1.327269196568786,0 103.905770489454,1.3275283414648,0 103.9057206531575,1.32778964595137,0 103.9056496909433,1.328031523074004,0 103.905549934194,1.328290685471745,0 103.9054663328812,1.328491243253022,0 103.9053339296844,1.328729301219122,0 103.9051976806834,1.328950085757631,0 103.9050633372276,1.32912672223083,0 103.904555257074,1.32964924486323,0 103.9042020915391,1.330002541483748,0 103.9037855831709,1.330411525357692,0 103.9032409352488,1.330924733591659,0 103.9025282441771,1.331638622273188,0 103.9019539717917,1.33217036155398,0 103.9013714126605,1.332753134574133,0 103.9008419984241,1.333277387506381,0 103.900225542971,1.333879225726301,0 103.8993833859737,1.334680454024171,0 103.899232474842,1.334809615529232,0 103.8983295916757,1.335682918196399,0 103.8972988078087,1.336716782661038,0 103.8961850298455,1.337801388505239,0 103.8957407432812,1.337238947539161,0 103.8954941033129,1.336970739053466,0 103.8952239859061,1.336712599440406,0 103.8949924695852,1.336531579878987,0 103.8945721008205,1.336224171550814,0 103.8941040469375,1.335899021970417,0 103.8934913361761,1.335469893676076,0 103.8928703313523,1.335075738908127,0 103.8925473679252,1.334894401930326,0 103.8922504501695,1.334751967562094,0 103.8917083018068,1.334507334869597,0 103.8913660980207,1.334369943883384,0 103.8909186719343,1.334172955877085,0 103.8904303803071,1.334006827130892,0 103.8899164235048,1.33385583492403,0 103.8889643174624,1.333582063900908,0 
					</coordinates>
				</LineString>
			</Placemark>
			<Placemark>
				<name>Untitled Path</name>
				<styleUrl>#msn_ylw-pushpin352</styleUrl>
				<LineString>
					<tessellate>1</tessellate>
					<coordinates>
						103.8961850204005,1.337801066236556,0 103.8956856699234,1.338270109121861,0 103.8954119999839,1.338533624955697,0 103.8952492293099,1.33867554072526,0 103.8949819153317,1.338874235680948,0 103.8945962349781,1.339112177192509,0 103.8943542904519,1.339236198612958,0 103.8936277168788,1.339565692313621,0 103.8931886299038,1.33977638764803,0 103.8929690967841,1.339913841115423,0 103.8926719149956,1.340130464344745,0 103.8924464243776,1.340326159015194,0 103.8922642556007,1.340536773725619,0 103.8920969452179,1.340778790129393,0 103.891955115014,1.341011791068752,0 103.8918237474578,1.341267188501137,0 103.8917207564291,1.341510630940743,0 103.891664067287,1.341742118497847,0 103.8916163506554,1.342004857752618,0 103.8915761016841,1.342267694061632,0 103.8915403694186,1.342641283373027,0 103.8914664731524,1.34323331095388,0 103.8909901985371,1.343081853451334,0 103.89005360974,1.342769626921918,0 103.8893324319243,1.342530474907773,0 103.8891112319487,1.342449421653024,0 103.8889090097127,1.342372351912872,0 103.8887293996835,1.342291285208963,0 103.8884038954214,1.342131461108201,0 103.887792889359,1.341798071898929,0 103.8872434075123,1.341503010769862,0 103.8869806606202,1.341360956639298,0 103.8867367520778,1.341249423270069,0 103.886556803053,1.341172544457559,0 103.8863670999015,1.341100002735922,0 103.8861060123981,1.341024670901313,0 103.8858903018726,1.340970558249694,0 103.8856962735258,1.340932692413377,0 103.8852270479847,1.34086804959912,0 
					</coordinates>
				</LineString>
			</Placemark>
			<Placemark>
				<name>Untitled Path</name>
				<styleUrl>#msn_ylw-pushpin352</styleUrl>
				<LineString>
					<tessellate>1</tessellate>
					<coordinates>
						103.7378508288199,1.327213422502755,0 103.737485480748,1.327287732394636,0 103.7370281252307,1.327346735840421,0 103.7366400532999,1.32735029805233,0 103.7361792078194,1.327324434830936,0 103.7357446743021,1.32726932795686,0 103.7351534471915,1.327127229548527,0 103.7333334007657,1.32667918136034,0 103.7335564690065,1.325743707733968,0 103.7335872193641,1.325545743681239,0 103.7335959797629,1.325391775005986,0 103.7335871382815,1.325237810388748,0 103.7335474865433,1.325053059275417,0 103.7334550170119,1.324819930028972,0 103.7327058451132,1.322910091545437,0 103.7320587298049,1.320881868199723,0 103.7307028190824,1.318493067752867,0 103.7294515494851,1.316477731559255,0 103.7275311029523,1.313505352972709,0 103.7272114992918,1.312932385627968,0 103.7271014009996,1.312558497950074,0 103.726973678765,1.312096632123639,0 103.7263187270511,1.308931535405123,0 103.7263017414715,1.308484477601215,0 103.7263775757656,1.30807113741025,0 103.7265883531879,1.30743845076779,0 103.727279754579,1.305553271433738,0 103.7288733109111,1.301208763210547,0 
					</coordinates>
				</LineString>
			</Placemark>
			<Placemark>
				<name>Untitled Path</name>
				<styleUrl>#msn_ylw-pushpin352</styleUrl>
				<LineString>
					<tessellate>1</tessellate>
					<coordinates>
						103.770306208047,1.34896326593418,0 103.7697811816729,1.348681866762377,0 103.769398350828,1.348474232486529,0 103.7682041077459,1.347842520844425,0 103.7674081439076,1.347456007382023,0 103.7671370275357,1.347343851825436,0 103.7670254588943,1.347303325760064,0 103.7668481282631,1.347257024041376,0 103.7666945483078,1.347230992914526,0 103.7665018571843,1.347231043060738,0 103.7655425198348,1.347268668164303,0 103.7653107061266,1.347252796664809,0 103.7651411866955,1.347222424731365,0 103.7651310441663,1.347219530585715,0 103.7651295954091,1.34721953096582,0 103.764935444417,1.347186268579921,0 103.7643307901796,1.347037241913729,0 103.7636236674251,1.346889690050809,0 103.7631951950038,1.346785518223935,0 103.7629199073716,1.346724757103401,0 103.7625779775948,1.346678496787213,0 103.7622968995501,1.346645255908053,0 103.7620259683344,1.346638083337664,0 103.761404134955,1.346646937012885,0 103.7608561585693,1.346652873684105,0 103.7608916799536,1.345700793978741,0 103.7608840914008,1.345256298717885,0 103.7608877124488,1.34481927027079,0 103.7609005455119,1.343880926438156,0 103.760945071681,1.342693126803679,0 103.7609599129602,1.342292349818852,0 103.7610289273515,1.341887053491828,0 103.7611101996344,1.341226291734176,0 103.7612190883078,1.341021067406281,0 103.7614116535657,1.34080319409566,0 103.7614795217341,1.340714784387613,0 103.7617997674327,1.339702819028465,0 103.7620616192275,1.338782664114908,0 103.7620900004483,1.338637441117646,0 103.7621057583287,1.338520632869145,0 103.762097838626,1.338424350265881,0 103.7620384535237,1.338260287063508,0 103.7619566829652,1.338157681334186,0 103.7618444960063,1.338055083251682,0 103.7617380173809,1.337973389088262,0 103.7615459874416,1.337872711536522,0 103.7614395188239,1.337830927593299,0 103.7609661272117,1.337705613761837,0 103.7606486335648,1.337639175061476,0 103.7604185993244,1.337620227034083,0 103.7603497373518,1.337262403119273,0 103.760284076869,1.337019391570763,0 103.760215850397,1.336802097627981,0 103.7601450497131,1.336579660211212,0 103.7598856251895,1.335848274744916,0 103.7597215018217,1.335417260133461,0 
					</coordinates>
				</LineString>
			</Placemark>
			<Placemark>
				<name>Untitled Path</name>
				<styleUrl>#msn_ylw-pushpin4</styleUrl>
				<LineString>
					<tessellate>1</tessellate>
					<coordinates>
						103.9547812830144,1.332388886515038,0 103.9537066917903,1.333483230049593,0 103.9518241185309,1.335772821928125,0 103.9504027635654,1.337513110827016,0 103.9491333089821,1.338908645880482,0 103.9478677260377,1.34045360821051,0 103.9469161946949,1.341560397308257,0 103.9453094918411,1.340218462637409,0 103.9438425112245,1.338951596834632,0 103.9426145732729,1.337937371805157,0 103.940786514663,1.336372003299847,0 103.9403401122462,1.336013471280313,0 103.9397129234442,1.336133052832125,0 103.9393561473307,1.336199758273807,0 103.9389993891714,1.336291587616507,0 103.9387495725961,1.336405782148377,0 103.938513451568,1.336544946509505,0 103.9383591715007,1.336683928551362,0 103.9372063897045,1.337928655497292,0 103.9360828295366,1.339047140867561,0 103.9351742651173,1.339848731023966,0 103.9332790032744,1.341758149844022,0 103.9318320326716,1.343212652137722,0 103.9301639610738,1.344904081002518,0 103.9299386684539,1.345096677336237,0 103.9296253752575,1.345310230231939,0 103.9263012235757,1.347372563410213,0 103.9261007998423,1.347505961354144,0 103.9258981288017,1.347670488554933,0 103.9252092797074,1.348335093231429,0 103.9249565199978,1.348598851609415,0 103.9247323436461,1.348394835765244,0 103.9245684031994,1.348267270234839,0 103.9243748479469,1.348131938052668,0 103.924163048451,1.348013181386502,0 103.9239286031938,1.347889252930349,0 103.9229128819414,1.347460472269683,0 103.9219634692991,1.347056094827167,0 103.920810459967,1.34657341399836,0 103.9200728520541,1.346261565401121,0 103.9198942031846,1.346174934660041,0 103.9197329600718,1.346086524401573,0 103.9195161449589,1.345960571821648,0 103.9192014211369,1.34574979457082,0 103.9189659890104,1.345572781901947,0 103.918777621956,1.345421772595827,0 103.9186214806965,1.34527852377132,0 103.9186212140452,1.344726929543415,0 103.9186208171107,1.343894036474966,0 103.9186191035632,1.343045834664665,0 103.9186216597083,1.342277396561084,0 103.9186306938692,1.341780061444018,0 103.9186204594316,1.341555642945933,0 103.9186038495197,1.34139262875921,0 103.9185685770893,1.341223449665964,0 103.918504758051,1.34103859656799,0 103.9184062184181,1.340751236530156,0 103.9182450763557,1.340232917087953,0 103.9181094657977,1.339680163093967,0 103.9180023699915,1.339187886325578,0 103.917962094251,1.338990651195093,0 103.9179475964694,1.338897375383503,0 103.917918413041,1.338678521259651,0 103.9179072271777,1.338488222761623,0 103.9179104599695,1.338209559222744,0 103.918003298656,1.337733977941717,0 103.9180598774909,1.337491702964932,0 103.9180893200903,1.337298824103844,0 103.9181161021988,1.337087177994597,0 103.918130658643,1.336928001009014,0 103.9181386738187,1.336717092693569,0 103.9181466208775,1.336541887853813,0 103.9181852834041,1.335981814585423,0 103.9182134897622,1.335713739957713,0 103.9182488314152,1.335479976822463,0 103.9183264288709,1.33516582145671,0 103.9184263471948,1.33484703306584,0 103.9185206453946,1.334629753669174,0 103.9187228721794,1.334175881631502,0 103.9188149481892,1.333969251363618,0 103.9195579813664,1.332393031519784,0 103.9181865840834,1.331758650890251,0 103.9163715630817,1.330926298383679,0 103.9152522564928,1.330402477529269,0 
					</coordinates>
				</LineString>
			</Placemark>
			<Placemark>
				<name>Untitled Path</name>
				<styleUrl>#msn_ylw-pushpin352</styleUrl>
				<LineString>
					<tessellate>1</tessellate>
					<coordinates>
						103.896184878102,1.337801166953245,0 103.8966296498657,1.33839504727879,0 103.8969767574803,1.338860048897029,0 103.8974181283463,1.339499543118708,0 103.897586666772,1.339795075408988,0 103.897878489911,1.340345318556035,0 103.8993154275533,1.339571043424187,0 103.8998639811278,1.339305388666165,0 103.9003120491074,1.339142016420091,0 103.900758352706,1.33899440319109,0 103.9012124581491,1.338864848244704,0 103.9017166524053,1.338765323675644,0 103.9022561375726,1.338684617869536,0 103.9025481959235,1.33863142137317,0 103.9028518548302,1.338567862978805,0 103.9040490799898,1.338301347489632,0 103.9041655847616,1.338595690852316,0 103.9042472349451,1.338745760206427,0 103.9043350858491,1.338870050371655,0 103.9044346153195,1.338951585175325,0 103.9045173474886,1.339008245295222,0 103.9046136175465,1.339047799016172,0 103.9047248075399,1.339064500696447,0 103.9048611100006,1.339067790189452,0 103.9050473762897,1.339063033914325,0 103.9063049718906,1.339052473100842,0 103.9065315976706,1.339058048666649,0 103.9065590139782,1.341022919185011,0 103.9071589263041,1.34099446122088,0 103.9075275762886,1.340983673387012,0 103.9077271813829,1.340986734301395,0 103.9079105658608,1.341002742295168,0 103.908078716068,1.341043165497316,0 103.9082854264416,1.341112044860916,0 103.9085415698319,1.341232786835198,0 103.9087750119343,1.341377350335629,0 103.9093721994234,1.341820780672098,0 103.909612902518,1.341999378792008,0 103.9097748833129,1.342102429217941,0 103.9099174383398,1.342181155467194,0 103.9100039798146,1.342230037567295,0 103.9102533812732,1.342328516111011,0 103.9104443519406,1.342418671287384,0 103.91061456931,1.342512830454225,0 103.9109271696614,1.342775811651488,0 103.9111745162544,1.342992113221708,0 103.9118661711317,1.34362901108389,0 103.912777672946,1.344455791247792,0 103.9129570464476,1.344645330027288,0 103.9159673011491,1.342451529675641,0 103.916230823078,1.342891639848867,0 103.916337974867,1.343059399036443,0 103.9164837468242,1.343259654031781,0 103.9166637099532,1.34347355569058,0 103.916936160317,1.343774581024836,0 103.9171742881122,1.34401956660404,0 103.917488690452,1.344293811472602,0 103.9180610905366,1.344786523047981,0 103.9186215061659,1.345278130559913,0 
					</coordinates>
				</LineString>
			</Placemark>
			<Placemark>
				<name>Untitled Path</name>
				<styleUrl>#msn_ylw-pushpin352</styleUrl>
				<LineString>
					<tessellate>1</tessellate>
					<coordinates>
						103.9022919094635,1.331857595468769,0 103.9028255452353,1.332361974524145,0 103.9032909555843,1.332855616617775,0 103.9035376899029,1.333120447608563,0 103.9036854727508,1.333255696535737,0 103.9038551077991,1.333381176863107,0 103.9041232522285,1.333561343895752,0 103.9043704256914,1.333682132199085,0 103.9049854630737,1.33398860885469,0 103.9053072414453,1.334114689599669,0 103.9056382076569,1.334280551814297,0 103.9060808348424,1.334511186910225,0 103.906283032555,1.33460230496197,0 103.9065550708127,1.33467952913283,0 103.9068055540907,1.334724084050087,0 103.9071303327068,1.334772116490741,0 103.9075255683384,1.334827503046356,0 103.9077847743961,1.334866356903642,0 103.9080823696906,1.334921216533758,0 103.9085208284212,1.335015844191859,0 103.9089651924336,1.335119990659554,0 103.909520026978,1.335256540141331,0 103.9101846001256,1.335423842029729,0 103.9105891382661,1.335523542536138,0 103.9108184576542,1.335589096891196,0 103.9111031791007,1.335695609439655,0 103.9113307957052,1.335797507239678,0 103.9118141808252,1.33603125277801,0 103.9121580160932,1.336185458784844,0 103.9124402998583,1.33631885514088,0 103.9130600278318,1.336610111199011,0 103.9135586273908,1.33687087408952,0 103.9142818969255,1.33722955694752,0 103.9148782832823,1.337545466202502,0 103.9150876583943,1.337633773703089,0 103.9152863279079,1.33769670235953,0 103.915576059118,1.337779039725222,0 103.9159794535661,1.337876290198257,0 103.9164459133074,1.337971190062127,0 103.9170186918831,1.338055933582652,0 103.9175794360468,1.338149386494334,0 103.9179107747514,1.338208555650185,0 
					</coordinates>
				</LineString>
			</Placemark>
			<Placemark>
				<name>Untitled Path</name>
				<styleUrl>#msn_ylw-pushpin352</styleUrl>
				<LineString>
					<tessellate>1</tessellate>
					<coordinates>
						103.7333335291216,1.326679067184734,0 103.7312865076091,1.326245665242717,0 103.7295896014578,1.325840037557424,0 103.7285122602111,1.325571795408897,0 103.7269626368303,1.325221767402098,0 103.7259793329459,1.325026688007108,0 103.7257204071424,1.325828481906579,0 103.7254080061919,1.326694978616616,0 103.7251449411482,1.327232313960498,0 103.7249451157716,1.327792161450585,0 103.7248719409987,1.328054084653268,0 103.7248100182841,1.328346669402197,0 103.7247734213836,1.328653322477144,0 103.7247677840351,1.328858696789521,0 103.7247734022386,1.329075325253624,0 103.7247986879977,1.330148638605732,0 103.7248774560526,1.330855937120514,0 103.7249337119686,1.331501052334747,0 103.7249674507156,1.332278275987168,0 103.7249983637118,1.33333978174102,0 103.7250545888383,1.334788069108418,0 103.7250903740948,1.336113102876265,0 103.7250919121984,1.336312511037771,0 103.7250841732228,1.336501098439064,0 103.7250717968516,1.336655678276433,0 103.7250424111065,1.336867613259499,0 103.7249851928565,1.337056198852346,0 103.7249264284905,1.337235509918569,0 103.7248380812367,1.337449231914473,0 103.7247313832103,1.337654819225757,0 103.7246045839813,1.337857314707578,0 103.723984832361,1.338940065982287,0 103.7235347035369,1.339738180783308,0 103.7234146762524,1.339942192510941,0 103.7233087389088,1.340108868225771,0 103.723204643829,1.340270018780318,0 103.7231373970282,1.340359341941157,0 103.7229635222672,1.340561060276267,0 103.7228050802261,1.340719446046397,0 103.7226355847955,1.340859414045331,0 103.7223879361338,1.341052552813604,0 103.7222258117539,1.341144635016896,0 103.7220701354368,1.341221983549158,0 103.7217999135879,1.341384764374637,0 103.7217165237771,1.341453839318698,0 103.7216179572985,1.341561578874122,0 103.7215672916281,1.341629722395241,0 103.7215276792797,1.341705233515859,0 103.7214889868648,1.341807450466183,0 103.7214539786688,1.341913351322101,0 103.7214225210085,1.342037037819578,0 103.7213921164678,1.342207400301659,0 103.7213782940468,1.342336323650137,0 103.7213727634278,1.342428255043492,0 103.7213838117495,1.342559942069279,0 103.7213976216204,1.342733069048735,0 103.7214151159445,1.342905275437306,0 103.7214427441882,1.343044330474639,0 103.7214924787948,1.343222829865886,0 103.7215569534868,1.343355271987267,0 103.7216251125443,1.343465949280826,0 103.7216868256027,1.343560634447148,0 103.7217393268678,1.343648120574042,0 103.7217881424491,1.343761391337573,0 103.7218314305505,1.343894890313813,0 103.721859059148,1.344028419685315,0 103.7218802386547,1.344188654682888,0 103.7218839168273,1.344348756141223,0 103.721880224432,1.344538458294871,0 103.7218381622739,1.344909714907683,0 103.7222474495431,1.34497830251396,0 103.7226196326787,1.345018785820064,0 103.7229479654358,1.34504240572342,0 103.7234021348806,1.345044672222182,0 103.7238163832879,1.345039068243698,0 103.7242121864288,1.345004236698832,0 103.7247805987663,1.344918826200375,0 103.7252223546105,1.344806431808229,0 103.7257505449438,1.344673806587485,0 103.726209752214,1.344550171879014,0 103.7269448492966,1.344383059338001,0 103.7271584914255,1.344349344175812,0 103.7274150766136,1.344332802184824,0 103.7277793904876,1.344332816593391,0 103.7283643781191,1.344332838990206,0 103.7288232716001,1.3443385860871,0 103.7290920431934,1.344317580876688,0 103.7294268822202,1.344280066140826,0 103.7298022645512,1.344203524281709,0 103.7303052812521,1.344063940537446,0 103.730647636726,1.343948367702177,0 103.7311780039959,1.343701962510732,0 103.7315920810045,1.343454503556408,0 103.7319494524045,1.343223347252498,0 103.7322948146585,1.342971174404298,0 103.7330289272767,1.342437662505482,0 103.7335739958545,1.342042892059547,0 103.7341774355431,1.341579964579683,0 103.7348817822305,1.341053938958431,0 103.7345184617647,1.340535745163334,0 103.7344255322011,1.340369915259849,0 103.7343020188246,1.340130276385919,0 103.7342173256959,1.339918579742168,0 103.7341420445241,1.339678657479355,0 103.7340515961169,1.339295644664332,0 103.7340210184639,1.339042786825634,0 103.7340080935844,1.338606845442243,0 103.7340610456851,1.338216543733904,0 103.7342069383897,1.337688066239517,0 103.7343116475434,1.337420889661355,0 103.7345740021466,1.336921398931397,0 103.7347457666735,1.336615624453833,0 103.735023290821,1.336199995862693,0 103.7354141668666,1.335664511675777,0 103.7360688230484,1.334904936593712,0 103.7365910949596,1.334342958163106,0 103.7374305317858,1.333548952778635,0 103.7381431081617,1.33299305826136,0 103.7389573333531,1.332423838073553,0 103.7400971810517,1.331631512783913,0 103.7410822964701,1.330976261528227,0 103.7419690665971,1.33036171481696,0 103.743143351821,1.329595658098907,0 103.7433615728261,1.329427044618806,0 103.7435864370996,1.32922582162746,0 103.7438294356378,1.329004657810731,0 103.7440071512601,1.328837878419319,0 103.7442864190948,1.328582270851878,0 103.7445112860416,1.328341164045741,0 103.7447089524307,1.328125436065617,0 103.7449407741413,1.327869613694569,0 103.7450894776616,1.327639381751403,0 103.7452472502017,1.327333009490633,0 103.7454050240575,1.326984941284319,0 103.7455283436904,1.326651374872017,0 103.7455918213499,1.326352250868284,0 103.745653487141,1.326018680965049,0 103.7456953194896,1.325452025803831,0 103.745718908447,1.324958922687536,0 103.7457080392385,1.324596345005032,0 103.7456743903811,1.323726979870509,0 103.7456559721928,1.323373627128121,0 
					</coordinates>
				</LineString>
			</Placemark>
			<Placemark>
				<name>Untitled Path</name>
				<styleUrl>#msn_ylw-pushpin352</styleUrl>
				<LineString>
					<tessellate>1</tessellate>
					<coordinates>
						103.7281325964747,1.344332256589894,0 103.7280697287396,1.353629578471994,0 103.7286036169391,1.353322732334576,0 103.72953506115,1.352799441160952,0 103.7302210017622,1.3523844196651,0 103.7308094633396,1.352034360006612,0 103.7313233553656,1.351692902236697,0 103.7317769867126,1.351328679630883,0 103.7321147962145,1.351051292453277,0 103.7325298201986,1.350675009622073,0 103.7330606686213,1.350125053979019,0 103.7334395034646,1.349734293951354,0 103.7338641883912,1.349295288264439,0 103.7346781268311,1.348426022079113,0 103.7355972253721,1.347480223790539,0 103.7363418263783,1.346702748317001,0 103.7367206628411,1.346381938128606,0 103.7370005691591,1.346162435199817,0 103.7373166711033,1.345962228990987,0 103.7377809997078,1.345695198530189,0 103.738169485284,1.345516706303924,0 103.7385989938616,1.3453647474858,0 103.739337076931,1.345170055607891,0 103.7397110783235,1.345100114293193,0 103.7401936633376,1.345061534312564,0 103.7416280193072,1.344946977141346,0 103.7418934385602,1.344920452170691,0 103.7421829894963,1.344874630235582,0 103.7426536516745,1.344774979279565,0 103.7430710786393,1.344654385420109,0 103.7435174630266,1.344497609633621,0 103.7439131807793,1.344319121758506,0 103.7444753955613,1.344051387013271,0 103.7448421673323,1.343863246476528,0 103.7461452781697,1.343117317978264,0 103.7468860608802,1.342675904229848,0 103.7488956184637,1.341565964309425,0 103.7505926730342,1.340614151057221,0 103.7531882576579,1.339115602001837,0 103.7555441652038,1.337775252183547,0 103.7585360713579,1.336093480246118,0 103.7597217431287,1.335417803533018,0 
					</coordinates>
				</LineString>
			</Placemark>
			<Placemark>
				<name>Untitled Path</name>
				<styleUrl>#msn_ylw-pushpin352</styleUrl>
				<LineString>
					<tessellate>1</tessellate>
					<coordinates>
						103.7280698196404,1.353629427010638,0 103.727371198791,1.354014802677848,0 103.7268818963359,1.35427100614901,0 103.7264974466388,1.354460245472557,0 103.7261508609429,1.354614546477514,0 103.7257402020416,1.354771756149714,0 103.7251606205737,1.354960986342319,0 103.7246072504875,1.355118190246961,0 103.7240279054309,1.3552520993401,0 103.7234687113252,1.355359805925978,0 103.7228221388724,1.35547042148609,0 103.7220865019035,1.355522796982698,0 103.7206251604237,1.355583876347222,0 103.7188384558287,1.355662408048175,0 103.7185227965838,1.355701115136194,0 103.7182097698674,1.355750344669355,0 103.7179126324038,1.35581545995555,0 103.7176139051654,1.355898048784153,0 103.7173056428789,1.355999699434913,0 103.7170116802614,1.356101351053721,0 103.7166651861483,1.356225239403216,0 103.7162023782919,1.356432352575246,0 103.715627136384,1.356653128546895,0 103.7152632582789,1.356804020117566,0 103.7147301964363,1.35701685549826,0 103.7143809544996,1.357206973332514,0 103.7140726870529,1.357407111068895,0 103.7136702341351,1.357734962069828,0 103.7124205090341,1.358857685073357,0 103.7110788888762,1.360080160218617,0 103.709922864403,1.361095431433013,0 103.708995669886,1.361924206595984,0 103.7087234199806,1.362127567764999,0 103.7083674047384,1.362324942780768,0 103.7080532760836,1.362450540528887,0 103.7077421398878,1.362555202827137,0 103.7074339953337,1.362647902122973,0 103.7070211431158,1.362716669872613,0 103.7065993145821,1.362773474122871,0 103.7062057412723,1.362768623629656,0 103.705774050274,1.36269227820033,0 103.7052748192811,1.362571893075022,0 103.7049018666568,1.36244564017283,0 103.7044995494345,1.362269476914646,0 103.7040326290888,1.361978813013287,0 103.7035092112819,1.36159801574866,0 103.7030775368584,1.361148818310493,0 103.7018643462597,1.359609710224661,0 103.7006600840242,1.358212729589219,0 103.6994007427813,1.356798179114124,0 103.6978482045781,1.355047893049701,0 103.696245198992,1.356163481797216,0 103.6959450607216,1.356365788985155,0 103.6956880894618,1.356576186155291,0 103.6954311168543,1.356820835359421,0 103.6951129575275,1.357182918583593,0 103.694762978098,1.357645311941996,0 103.694320340492,1.358421910466199,0 103.6940626419428,1.359033407133484,0 103.6938657145481,1.359619010807003,0 103.6934781161171,1.360381489422303,0 103.6932431677865,1.360643265560793,0 103.6930180089849,1.360887916399054,0 103.6927732722397,1.361112994363878,0 103.692516299951,1.361298927016754,0 103.692088414042,1.361555602597155,0 103.691809419287,1.361687707562716,0 103.6915230840548,1.361785560084589,0 103.6912367496312,1.361858946875705,0 103.6905098994529,1.36202528833541,0 103.6884985962958,1.362436387034976,0 103.6881358496017,1.362521700547056,0 103.6877925004397,1.362630285273291,0 103.6874840669948,1.362756324344909,0 103.6871717522694,1.362913391079135,0 103.6868362717997,1.363091657307441,0 103.6865472339297,1.363279753188283,0 103.686298931058,1.363483364521187,0 103.6860254090186,1.363716063647992,0 103.6858256003719,1.363913859502843,0 103.6855341892808,1.364231246626392,0 103.6852335021293,1.364622963976228,0 103.6849927799701,1.364972778777599,0 103.6846811303804,1.36559665641956,0 103.6844700774727,1.366122766798341,0 103.6843601737131,1.366652211429174,0 103.6831455671584,1.366511296410766,0 103.6824106149884,1.366449669889277,0 103.6813499859484,1.366484821162543,0 103.6802585311381,1.366709157212115,0 103.6744934358005,1.368386643161664,0 103.6731840164027,1.368775198275917,0 103.6725497481817,1.369255826588529,0 103.6721405258614,1.369859188005104,0 103.6718847373576,1.370677321406947,0 103.6695685245501,1.378014943991144,0 103.6552120588466,1.37801331281608,0 
					</coordinates>
				</LineString>
			</Placemark>
			<Placemark>
				<name>Untitled Path</name>
				<styleUrl>#msn_ylw-pushpin352</styleUrl>
				<LineString>
					<tessellate>1</tessellate>
					<coordinates>
						103.638181932947,1.350452385230644,0 103.6372669384015,1.347756222543683,0 103.6383407331958,1.346805603793329,0 103.6399328180547,1.345278718593067,0 103.6414546118433,1.343885830798988,0 103.6433070561532,1.342123422293364,0 103.644920854119,1.340574901928137,0 103.6470166660004,1.338652329830101,0 103.6488635865428,1.336861773485152,0 103.650218506328,1.335564457694772,0 103.6513122345521,1.334472888537272,0 103.652543169503,1.333321913284906,0 103.6535970556205,1.332295783327203,0 103.6547427364836,1.331175000882452,0 103.6563005963963,1.329720752134793,0 103.657480006448,1.328587404298111,0 103.6570448018522,1.328138883824078,0 103.6559338361035,1.326945773093945,0 103.6544801683957,1.325401643535179,0 103.6533815412656,1.324208140807356,0 103.6516590616865,1.322367104832664,0 103.6497940909408,1.320376866401522,0 103.6518761128474,1.318404536854762,0 103.6523299625565,1.317990451202929,0 103.6509582837278,1.316490928347018,0 103.6448769010132,1.310399130226363,0 
					</coordinates>
				</LineString>
			</Placemark>
			<Placemark>
				<name>Untitled Path</name>
				<styleUrl>#msn_ylw-pushpin352</styleUrl>
				<LineString>
					<tessellate>1</tessellate>
					<coordinates>
						103.6574807045353,1.328587655037216,0 103.6592142279283,1.32699146195841,0 103.6612272063221,1.325084687439531,0 103.6622564460762,1.324128928223215,0 103.6625181403787,1.323847205394257,0 103.6628704219582,1.323458157845919,0 103.6633348970287,1.322913075659362,0 103.6636941805189,1.322581250057403,0 103.663949971686,1.322393868878373,0 103.6641881884005,1.322235766976812,0 103.6644478813568,1.32211280216166,0 103.6647544353782,1.32199179113596,0 103.6651254230884,1.321888350688278,0 103.6654378334115,1.321833707468437,0 103.665744386036,1.321806391993174,0 103.6661231835511,1.321814215461289,0 103.6665410354775,1.321831800100687,0 103.6681964875568,1.321947972606709,0 103.6700633147921,1.322082747064131,0 103.6730282443328,1.322296196564257,0 103.6757751352469,1.322498081714128,0 103.6788983523765,1.322719797071369,0 103.6791686509041,1.322737823459301,0 103.6791326463175,1.321919941527518,0 103.6790245924802,1.320341656965597,0 103.6789850005303,1.319094777227217,0 103.6789039745302,1.317573348685195,0 103.6788085341445,1.316013621471719,0 103.6787617474772,1.314452512200116,0 103.678696950328,1.312664275140315,0 103.6786177231998,1.311222414810908,0 103.6785475027397,1.309824333588637,0 103.6785482197034,1.309729103989972,0 103.6809611121269,1.310561861082987,0 103.6812301949434,1.310664364422422,0 103.6815437515249,1.309800713180763,0 103.6818643782349,1.308807435305945,0 103.6817799230498,1.307502935924426,0 103.6829609123713,1.2986232403869,0 
					</coordinates>
				</LineString>
			</Placemark>
			<Placemark>
				<name>Untitled Path</name>
				<styleUrl>#msn_ylw-pushpin352</styleUrl>
				<LineString>
					<tessellate>1</tessellate>
					<coordinates>
						103.7213871229729,1.342607402123107,0 103.7211092930787,1.342616784945783,0 103.7208705353721,1.342583729458847,0 103.7203195561973,1.342449681313479,0 103.719906369619,1.342303625268592,0 103.7196400654782,1.342147550348832,0 103.7193448834529,1.341911568583255,0 103.7186659947177,1.341337543235309,0 103.7176568318731,1.34049874411163,0 103.7164226615008,1.339502039639321,0 103.7169983411796,1.338243173673437,0 103.7171527250126,1.337924478782657,0 103.717234852229,1.337775917329428,0 103.7175125174664,1.33738757403949,0 103.7178051902025,1.336992103863467,0 103.7188582794336,1.335619652465508,0 103.7176539867007,1.335281329259061,0 103.717518633231,1.335208462355589,0 103.7174821930585,1.335135598205333,0 103.7174648418907,1.33503844681358,0 103.7174995515638,1.334890986645677,0 103.7177702878583,1.333953247658971,0 103.7182839815227,1.332244927953105,0 103.7185703315951,1.331227374158215,0 103.7185928933444,1.331155308075111,0 103.7186102475352,1.331104998602962,0 103.7186328075768,1.331054689216909,0 103.7186796615504,1.331013054633028,0 103.7187577504301,1.330985299519006,0 103.7188393094835,1.330974892724955,0 103.7190336609804,1.331023472922577,0 103.720902566881,1.331563049343947,0 103.7211063046599,1.331616423011252,0 103.7211426622179,1.331334783128421,0 103.7211553945254,1.330941606757071,0 103.7211245095177,1.330421933065252,0 103.7210754477813,1.329967670884989,0 103.7209827668069,1.329427205253249,0 103.7209155241936,1.329190988390867,0 103.7207955737186,1.328932965134366,0 103.7206283695699,1.328602848631256,0 103.7203848305337,1.328201276436326,0 103.7201939969923,1.3278832880967,0 103.71979233976,1.327226886333611,0 103.7205500760814,1.326772207688059,0 103.7208183318153,1.326619957224505,0 103.7210415893891,1.326512690735114,0 103.7211869659188,1.326469439477532,0 103.7213340724007,1.326459061954906,0 103.721593672327,1.326455607981036,0 103.7236093263366,1.326495451095701,0 103.7245174695166,1.326533536381763,0 103.7246455384583,1.326547381002484,0 103.7247649540758,1.326575067029289,0 103.7249760946809,1.326647740529892,0 103.7253526377276,1.32680905124238,0 
					</coordinates>
				</LineString>
			</Placemark>
			<Placemark>
				<name>Untitled Path</name>
				<styleUrl>#msn_ylw-pushpin352</styleUrl>
				<LineString>
					<tessellate>1</tessellate>
					<coordinates>
						103.6634562156847,1.322803754933365,0 103.6637739006897,1.3232744745634,0 103.6641301212805,1.323813236781719,0 103.6644853234417,1.324333560297873,0 103.6649415744934,1.324999374684649,0 103.6654920965082,1.325784132339796,0 103.6657431195308,1.32612671909889,0 103.6658972750343,1.326321464183215,0 103.6663295357943,1.326838631861291,0 103.666652453582,1.327174385964792,0 103.6668305692615,1.327330601350603,0 103.6672044637919,1.327613913249715,0 103.6676435012343,1.327893361317898,0 103.6679434899928,1.328074575726557,0 103.6684109623054,1.328328825937807,0 103.669172510698,1.328726337321055,0 103.6696853799451,1.328992942009912,0 103.6702384579122,1.329296846044688,0 103.6705582416204,1.329481185963261,0 103.6710360924947,1.329729977764788,0 103.6715601729503,1.329952701897088,0 103.6719131737984,1.330074559946267,0 103.672241373515,1.330149267786878,0 103.6725989510318,1.330208893596408,0 103.673792535085,1.33032714859412,0 103.6749635982973,1.330385363706835,0 103.6766930763605,1.330394917834446,0 103.6775010768134,1.330337043258584,0 103.6785395354746,1.330260061823714,0 103.6788094838965,1.330210016503979,0 103.6791012024178,1.330179559512268,0 103.6794647636791,1.330149105408278,0 103.6793820955033,1.328813291116642,0 103.6793364349373,1.327480109443373,0 103.6792624673413,1.326308691933947,0 103.6792059223917,1.324989280568741,0 103.6791754815874,1.32412771202412,0 103.6791684978805,1.322737804755289,0 
					</coordinates>
				</LineString>
			</Placemark>
			<Placemark>
				<name>Untitled Path</name>
				<styleUrl>#msn_ylw-pushpin4</styleUrl>
				<LineString>
					<tessellate>1</tessellate>
					<coordinates>
						103.7074420992425,1.334832437717959,0 103.7085550061032,1.338087984215768,0 103.7086471810633,1.33819549920032,0 103.7087431981635,1.338256937955791,0 103.7088622608099,1.338291499703295,0 103.7089813243471,1.338291504076162,0 103.7102608813044,1.338057317914511,0 103.7130454230121,1.337796306438949,0 103.7133027551921,1.337788635902369,0 103.7135408839694,1.337800163428789,0 103.7138673517729,1.337834732624196,0 103.7140632327119,1.337873137087646,0 103.7142322288382,1.337915380399871,0 103.7144496008682,1.337996447479844,0 103.7149355468242,1.33827303482385,0 103.7164232849907,1.339502522371703,0 
					</coordinates>
				</LineString>
			</Placemark>
			<Placemark>
				<name>Untitled Path</name>
				<styleUrl>#msn_ylw-pushpin352</styleUrl>
				<LineString>
					<tessellate>1</tessellate>
					<coordinates>
						103.7074421009011,1.33483206316768,0 103.7068402591223,1.333085816180113,0 103.706025143047,1.330990951842128,0 103.7054550435489,1.329338932953332,0 103.705224873033,1.328471883796051,0 103.7048691969391,1.32649833597519,0 103.7043181945219,1.323416713294197,0 103.704041237555,1.321839350410093,0 103.7040295801241,1.321652782794371,0 103.7040295860566,1.321469130597568,0 103.7041958418345,1.319961134019769,0 103.7041987631784,1.319797887864241,0 103.7041871071436,1.319570508792855,0 103.7041667026522,1.31936645026864,0 103.7036409060142,1.316327535987987,0 103.7035709322372,1.316097239458307,0 103.7034309781404,1.315826128414618,0 103.7032443699298,1.315534608942576,0 103.7030846948829,1.315358733452076,0 103.7028076925896,1.315166326305824,0 103.7009492954525,1.313876360346657,0 103.6987463916752,1.314416021785655,0 103.6969945878698,1.314932089565134,0 103.6964147629865,1.315074844580242,0 103.6958423538001,1.31515502519057,0 103.694579650666,1.315313215647758,0 103.6942826035833,1.315337048428577,0 103.6938641330102,1.315360876677005,0 103.6935605772431,1.315363032871055,0 103.6931895679971,1.315343510729472,0 103.6925846342238,1.315282793902236,0 103.6916570182708,1.315150533401094,0 103.6905331994097,1.314961905938001,0 103.6900626529803,1.314855499610543,0 103.6896706004853,1.314707116636474,0 103.689362718804,1.314565380757982,0 103.6888864991384,1.314335061311428,0 103.6885874784265,1.314151251777918,0 103.6881976420382,1.313923149604697,0 103.6877524278221,1.313672899777548,0 103.6872345770373,1.313378253295538,0 103.6867694310851,1.313101430408657,0 103.6862356158545,1.31278474328054,0 103.6853200067846,1.312277721978861,0 103.6847263924928,1.311949961077312,0 103.6845071075756,1.311845873038096,0 103.6830354623508,1.311296587512428,0 103.6823355157558,1.311048539292188,0 103.6812301653316,1.310663991569942,0 
					</coordinates>
				</LineString>
			</Placemark>
			<Placemark>
				<name>Untitled Path</name>
				<styleUrl>#msn_ylw-pushpin352</styleUrl>
				<LineString>
					<tessellate>1</tessellate>
					<coordinates>
						103.7114232152597,1.296610935959184,0 103.7117931913355,1.296606667586588,0 
					</coordinates>
				</LineString>
			</Placemark>
			<Placemark>
				<name>Untitled Path</name>
				<styleUrl>#msn_ylw-pushpin352</styleUrl>
				<LineString>
					<tessellate>1</tessellate>
					<coordinates>
						103.7687176154445,1.363448124591199,0 103.7676799070946,1.363340688311622,0 103.767695475711,1.363749784639681,0 103.7676738100354,1.364074623303835,0 103.7675871574006,1.364405648593702,0 103.7674757473621,1.364758329910355,0 103.7673117290059,1.365076980675466,0 103.7671136686855,1.365411100999671,0 103.7668103869,1.365881347025421,0 103.7652341690836,1.365185586033499,0 103.7652372646427,1.365123711840154,0 103.7650299265529,1.365080397633773,0 103.7647576014295,1.364996864400532,0 103.764111550991,1.365012323879582,0 103.7637092502027,1.364999944552195,0 103.7634957190091,1.365061816718486,0 103.7632117537646,1.365432423099069,0 103.7629164651835,1.365689819778404,0 103.7622646781162,1.365439609185665,0 103.7620270095358,1.365245203916372,0 103.7618197747595,1.364759965423664,0 103.7616494126326,1.363863911992369,0 103.762216587784,1.362990914250695,0 103.7622093950184,1.362374126348952,0 103.7621553787451,1.362433525845953,0 103.7620599476108,1.362710725552876,0 103.7617358540467,1.362737720797471,0 103.7613499021285,1.362073679151375,0 103.7608656710926,1.361382612280516,0 103.7606280050156,1.361191807065695,0 103.7601580686284,1.361092797502993,0 103.7599834159226,1.361166594787015,0 103.759641312684,1.36113958738213,0 103.7590053153565,1.361161178049453,0 103.758258093578,1.360680555485881,0 103.7577901594455,1.361389123124134,0 103.7568160921986,1.360310900214932,0 103.7574812187495,1.358207240964184,0 103.7570363369782,1.357565522756618,0 103.7573469784146,1.357272727393326,0 103.7577197408973,1.357310443806942,0 103.7580348169624,1.35699768525248,0 103.7580370395138,1.356693792781764,0 103.7586760606999,1.35640987542471,0 103.7585873249321,1.355436413097307,0 103.7583277270774,1.355274480932115,0 103.7583432598107,1.355194626374507,0 103.7588646878948,1.354604431690741,0 103.7589401403193,1.353767691527405,0 103.7587275252622,1.353446848842133,0 103.7583836068604,1.353656955401945,0 103.7581320342298,1.353968936909194,0 103.7576288962883,1.354077169644195,0 103.7569824654462,1.353822478348135,0 103.7565398402866,1.353344943496353,0 103.7562914494154,1.353583705076604,0 103.7552310396938,1.352752788461913,0 103.7554666968271,1.35246627393118,0 103.7555463244581,1.351234245484946,0 103.757759500343,1.351422120322474,0 103.7599708027536,1.351776593455451,0 103.760013757394,1.351515058348594,0 103.7602343751262,1.350980280732118,0 103.7605330847844,1.350451359332716,0 103.7606267981347,1.350269846978211,0 103.7607146553377,1.349994288064986,0 103.7607829907261,1.349695669929677,0 103.7607986260198,1.349315679369493,0 103.7608103583948,1.348102230060906,0 103.7608338008945,1.347109861869196,0 103.7608564476423,1.346652859446436,0 
					</coordinates>
				</LineString>
			</Placemark>
			<Placemark>
				<name>Untitled Path</name>
				<styleUrl>#msn_ylw-pushpin352</styleUrl>
				<LineString>
					<tessellate>1</tessellate>
					<coordinates>
						103.7373025139286,1.345969908431431,0 103.7375898662437,1.346457288110374,0 103.7377826570173,1.346795974562583,0 103.7380242743197,1.347296418406737,0 103.738154875697,1.34762772724503,0 103.7382484395815,1.347918109734142,0 103.7383147118449,1.348214339072027,0 103.73834589466,1.348531931310196,0 103.7383400396205,1.348812568168099,0 103.7382990956205,1.349091453370845,0 103.7382367086577,1.349340906965606,0 103.7381606752399,1.349634121959144,0 103.7380008108778,1.350197754492528,0 103.7378994320491,1.35057778126142,0 103.7377707604269,1.351039423797074,0 103.7376069988686,1.351517955276963,0 103.737497825191,1.351755715252097,0 103.7373672077145,1.352059787495544,0 103.7370765485684,1.352710540919171,0 103.7369049868261,1.353166573053145,0 103.7367295270975,1.353669226441832,0 103.7365697928327,1.354218738398835,0 103.736536646637,1.354415573979282,0 103.7365171460979,1.35461241045902,0 103.7365034940958,1.354959992093178,0 103.7365151818325,1.355250374551539,0 103.7365522145238,1.355540353309746,0 103.7366165380235,1.355791759649186,0 103.7366831678222,1.356009968840995,0 103.7367779808922,1.356244620584242,0 103.7369100982856,1.356529000310458,0 103.737059314621,1.356788517211255,0 103.7372116406341,1.357034316379287,0 103.737404381377,1.357254984916885,0 103.7375986772173,1.357458560364726,0 103.7381918091259,1.358116743928097,0 103.7387617586219,1.358715677340902,0 103.7395536190512,1.3595249351624,0 103.7398827474716,1.359910629840001,0 103.7404139224458,1.360578590694687,0 103.7416688005336,1.362116570782935,0 103.7421615193716,1.362732322667032,0 103.7427291403815,1.362254231077054,0 103.7429979065097,1.362020525544851,0 103.7430995921409,1.361948569543843,0 103.7432664016844,1.361860624194754,0 103.7434971931617,1.361747551722664,0 103.7437988224317,1.361612778496125,0 103.7446709126306,1.361255114771032,0 103.745058324652,1.361095713697522,0 103.7451554398619,1.361050027991188,0 103.7452411299048,1.361004342004732,0 103.7453153951561,1.360946091583526,0 103.7454143820565,1.360863047191922,0 103.745478364715,1.360784236964416,0 103.745562913424,1.360667734774492,0 103.7456840238096,1.360505545584642,0 103.7457593772804,1.360403136462232,0 103.7458898328755,1.36025236879455,0 103.7460406481413,1.360108455338659,0 103.7462748688783,1.359894869747554,0 103.7466359623238,1.359565497834313,0 103.7467488644381,1.359455254082179,0 103.7468288424808,1.359370733283815,0 103.746891215212,1.359298706520301,0 103.7469585131107,1.359211808188647,0 103.7470211380218,1.359108090478035,0 103.7470828286935,1.358985684630474,0 103.7471473240159,1.358837115405588,0 103.7471781705141,1.358727790470411,0 103.7472006046758,1.358621590156113,0 103.747218365695,1.358506658573551,0 103.7472351932069,1.35834033462425,0 103.7472557668957,1.357846033255103,0 103.7472639143134,1.357413175786897,0 103.7472770078833,1.357015119320048,0 103.7473046362815,1.35644323511123,0 103.7481862091646,1.356455302822724,0 103.7491220516299,1.356471353497856,0 103.7491302571202,1.356105032780613,0 103.7492628091395,1.355868009718341,0 103.7494382973562,1.355685111927047,0 103.7495372411837,1.355658985092621,0 103.7501850397377,1.355685126785125,0 103.75023733772,1.354332035714396,0 103.7504535344712,1.354338126606896,0 103.7515101998205,1.353317257352903,0 103.7519818193724,1.353316225824983,0 103.7522171455176,1.352999479930121,0 103.7522999582164,1.352895168897326,0 103.7523993339852,1.352737874150248,0 103.7524639282424,1.352633562905759,0 103.7525351468928,1.35255408807775,0 103.752632864949,1.352476269474965,0 103.7527289262299,1.352431565872752,0 103.7528564554154,1.352400108827994,0 103.7529723906463,1.352396799359121,0 103.7532390417476,1.352406738531054,0 103.7532646999604,1.35115045401287,0 103.7555463510826,1.351234314852292,0 
					</coordinates>
				</LineString>
			</Placemark>
			<Placemark>
				<name>Untitled Path</name>
				<styleUrl>#msn_ylw-pushpin352</styleUrl>
				<LineString>
					<tessellate>1</tessellate>
					<coordinates>
						103.7421616018435,1.362731899739652,0 103.7425152753131,1.363185602121739,0 103.7431677485371,1.364001512543294,0 103.7438189368562,1.364799415134465,0 103.7442680640669,1.365328576889154,0 103.7445945583308,1.365657813546392,0 103.7450463824144,1.366044724421554,0 103.7457714780114,1.366662536077715,0 103.7464451612614,1.367243469449115,0 103.7468437865465,1.367614741931802,0 103.7472617301054,1.367957589269085,0 103.7479967622666,1.368594769018247,0 103.7494475061768,1.370002697899256,0 103.750069548787,1.37059152652433,0 103.7507310900034,1.37121076122312,0 103.751193697118,1.371680163429776,0 103.7514100189666,1.371913589233573,0 103.751555769414,1.372097792876101,0 103.7517205679305,1.372333217407314,0 103.7518551455037,1.372553656688131,0 103.7522349823533,1.373322011611596,0 103.7523838985154,1.373802033564616,0 103.7524981253478,1.374229502698947,0 103.7526464692648,1.374658443931386,0 103.7527435844014,1.37485907862829,0 103.7528406434907,1.3750249457479,0 103.752964689706,1.375210301973271,0 103.7531311415028,1.375429952192215,0 103.7533132688022,1.375649096590077,0 103.7536402577476,1.376063944231039,0 103.7538543934872,1.37631950301097,0 103.7541123867793,1.376534586877583,0 103.7543757195659,1.376674920491406,0 103.7547194712,1.376801401837191,0 103.7550284652262,1.376880176037596,0 103.7554407685915,1.376993248712646,0 103.7557288880391,1.377110454263009,0 103.7560842956313,1.377265609893346,0 103.7564091690743,1.377443925986757,0 103.7569383522248,1.377743259642478,0 103.7570824643001,1.377811441328302,0 103.7574129986376,1.377974395719319,0 103.758002900737,1.37825279926344,0 103.7590478982642,1.37871074680976,0 103.7602779138175,1.379206645203545,0 103.761255667615,1.379704690498724,0 103.7616634396446,1.378926490402853,0 103.7618677396655,1.378435648571392,0 103.7619978993399,1.378057491852987,0 103.7621200472485,1.377616151521069,0 103.7622624578889,1.376881035830144,0 103.7623535179888,1.37636323201958,0 103.7624630950202,1.375727797854818,0 103.7626229950097,1.374833623402842,0 103.7627583957907,1.374015042034374,0 103.7629598065948,1.373025067014797,0 103.7631177008116,1.372295967993901,0 103.7632943448495,1.371440657842588,0 103.7633377483694,1.371317799075988,0 103.7633962622367,1.37115462222035,0 103.7635196539678,1.370798256661742,0 103.7635974838747,1.370641576735526,0 103.7637301693061,1.370374531348877,0 103.7638574010181,1.37016116157758,0 103.7642786609977,1.369584302927585,0 103.7647111166524,1.368950152227492,0 103.7652382508541,1.3682219515738,0 103.7660130834144,1.367116884585458,0 103.766810349145,1.36588129632579,0 
					</coordinates>
				</LineString>
			</Placemark>
			<Placemark>
				<name>Untitled Path</name>
				<styleUrl>#msn_ylw-pushpin352</styleUrl>
				<LineString>
					<tessellate>1</tessellate>
					<coordinates>
						103.6843594480661,1.366650872735599,0 103.6843100757805,1.366926929515174,0 103.6842744519362,1.367176734407943,0 103.6842488431938,1.367567006522003,0 103.6842484187821,1.367827713987256,0 103.6842694244073,1.368190905881519,0 103.6842968631164,1.368473648050056,0 103.6843463433002,1.368728535682254,0 103.6844165200972,1.36904742361379,0 103.6844883050829,1.369322527219405,0 103.6846507258889,1.369937652199003,0 103.6848740672484,1.370870329137879,0 103.6850788767673,1.371796273271557,0 103.6852459849796,1.372592131477724,0 103.6853171866654,1.373098668174137,0 103.6853560261373,1.373436817045553,0 103.6853777120004,1.374020236824817,0 103.6853769874396,1.374564064446305,0 103.6853169516431,1.375422786709828,0 103.685256655648,1.375895765475826,0 103.6851601601663,1.37651329002377,0 103.6850798824667,1.37705261322518,0 103.6849978133378,1.377602599288748,0 103.6848958282559,1.37823091972136,0 103.6847648921335,1.378976455399204,0 103.6846018406819,1.379937036536297,0 103.6844493378738,1.380797378523856,0 103.6843367545454,1.381517053628124,0 103.6842410534825,1.382280053353272,0 103.6842275242292,1.382640971946139,0 103.6842463746322,1.38308602854187,0 103.6843187784677,1.383567719754197,0 103.6844008722388,1.38394538590893,0 103.6845011061015,1.384262810134165,0 103.6846527857513,1.384606623235005,0 103.6847775065556,1.384854916477681,0 103.685003291534,1.385241402331786,0 103.6851893828988,1.385498866040046,0 103.6853794556192,1.385733743141689,0 103.6857062740055,1.386105593472682,0 103.6859561120055,1.386387325746137,0 103.6865825617698,1.387102029012064,0 103.687745609097,1.38840986455913,0 103.6887511624578,1.389578210663042,0 103.68896373879,1.389800654320286,0 103.6891946936801,1.390006586674014,0 103.6894566426872,1.390251327958995,0 103.6899816079115,1.390665364271316,0 103.6905417840836,1.391144767982258,0 103.6906985544811,1.391293666021543,0 103.6908307127794,1.391444750536409,0 103.6910271331544,1.391667964073199,0 103.6912070252127,1.391917255767985,0 103.6913360191263,1.392139023022318,0 103.691526119312,1.392527463969883,0 103.6916428099083,1.392800629214094,0 103.6918244559126,1.393355420961175,0 103.6919051905217,1.393756534849695,0 103.6919591577378,1.394186959082098,0 103.6920866714934,1.39575522537838,0 103.6921459356359,1.396743532313943,0 103.6921788976922,1.397026012855373,0 103.692217104088,1.397246805319091,0 103.6922722595616,1.397484296222539,0 103.6924023977491,1.397891870179851,0 103.6924957739432,1.398142612692199,0 103.6926522015875,1.398433391259553,0 103.6928715339366,1.398737287250344,0 103.6932117525052,1.39919054001933,0 103.6933226748563,1.399367156388732,0 103.6934564294659,1.39961543476151,0 103.6935631711536,1.399848158212487,0 103.6936499236932,1.400099345268768,0 103.6937119707734,1.400365961690276,0 103.6937610453963,1.400722382308674,0 103.6939941269513,1.403538597434581,0 103.6941461703093,1.405078209015316,0 103.6942684727644,1.406513953874853,0 103.6944409001518,1.40849787400267,0 103.6946461301633,1.410735026339475,0 103.6947516704633,1.411978092491268,0 103.6947775174734,1.412190715782742,0 103.6948324411926,1.412385585774667,0 103.694912134661,1.412596024217125,0 103.6950456643404,1.412848877762886,0 103.6952220057859,1.413087949152907,0 103.6954003951055,1.413291116357465,0 103.6956055894429,1.41347170406003,0 103.6958151004774,1.413620861969771,0 103.6960446358866,1.413738504113737,0 103.6963301979137,1.41384238055798,0 103.6973009153992,1.414157750691612,0 103.6991225085568,1.41472854029789,0 103.6995354805779,1.41487643184919,0 103.699753746614,1.414985160623615,0 103.6999315604397,1.415082894266228,0 103.7001118891957,1.415229967759793,0 103.7003127709183,1.415441986110068,0 103.7004618822003,1.415625124817779,0 103.7004641262843,1.415625112546318,0 103.7005797506053,1.415839841884723,0 103.7009346648359,1.416638990283111,0 103.7014789347342,1.416382338947297,0 103.701709448369,1.416239648982273,0 103.7018229866159,1.416059435884895,0 103.7019139838829,1.4158636315761,0 103.7019556904018,1.415688300921154,0 103.701993065829,1.415542177456668,0 103.7020820148686,1.415382301675725,0 103.7022515087657,1.415168106030804,0 103.7025173168793,1.41490848263985,0 103.7043179504657,1.413057674730063,0 103.704976342837,1.412383916035318,0 103.7052045986425,1.412238992657795,0 103.7054801955547,1.412127482967779,0 103.7057919312962,1.412053938117451,0 103.7062410651839,1.412055966608978,0 103.7067599024665,1.412073326826682,0 103.7082091453319,1.412072126158194,0 103.711383744193,1.412266880651164,0 103.7121109485441,1.412483383788728,0 103.7131518505455,1.412927837649828,0 103.7139161457862,1.413208440775942,0 103.7152437054027,1.413386178090986,0 103.7164479461639,1.416708211989614,0 103.716376487922,1.416936354717613,0 103.7162035586186,1.417223203196706,0 103.716045170229,1.417509972531589,0 103.7159496080012,1.417762477618729,0 103.7159216931432,1.417975845810214,0 103.7159229141122,1.418198746194105,0 103.7160709028719,1.418667979426981,0 103.7164461651285,1.419919651178365,0 103.7165541830715,1.420171039016589,0 103.7175632352941,1.42208928781882,0 103.7177454534605,1.422335585425714,0 103.7179194272887,1.422454587582955,0 103.7204744263235,1.424005324027993,0 103.7206217977554,1.424135134144119,0 103.7206945380368,1.424270684772684,0 103.7207704719109,1.424502182380085,0 103.7208197999932,1.424744488987528,0 103.7208276213498,1.424926479517685,0 103.7207976261815,1.426749953104184,0 103.7208145025238,1.426909800721358,0 103.7208337381973,1.427013656556884,0 103.7208769571431,1.427114715570354,0 103.7210577052773,1.427461248089654,0 103.7214985765155,1.428111916606305,0 103.7224035144181,1.429305926856501,0 103.7225268998977,1.429438533527069,0 103.722634184676,1.42955256893049,0 103.7228110446663,1.429711539571922,0 103.7232904410184,1.430093762738531,0 103.723397594279,1.43018380741515,0 103.7235047915205,1.430281848845361,0 103.7236175410661,1.43041984477215,0 103.7244420540185,1.43149485950736,0 103.7244986344998,1.431601176183981,0 103.7245581305303,1.431752793383175,0 103.7250062810812,1.433966002599949,0 103.7250734868597,1.434163931121544,0 103.7258015637205,1.435692341800323,0 103.7259553864925,1.435917761577775,0 103.726175635749,1.436198748366504,0 103.7263873739644,1.436432035487267,0 103.7268268471567,1.436808423498979,0 103.7272836329546,1.437095737076295,0 103.7277551196933,1.437281279780564,0 103.7283282174631,1.437445928128236,0 103.7289927436919,1.437587196432988,0 103.7295841210649,1.437716147729802,0 103.7309882458489,1.43820074065812,0 103.7320661757852,1.438548203286233,0 103.732269896368,1.43859793191414,0 103.7324760069546,1.438619682503206,0 103.7332262605695,1.438625739370865,0 103.7353673379215,1.438616529293256,0 103.7356316180056,1.438579488173893,0 103.735954515294,1.438565006457114,0 103.7366437308122,1.438568855496329,0 103.7403425292437,1.438653011308334,0 103.7403478895849,1.439628783260483,0 103.7404624824585,1.440622140739177,0 103.7406783118457,1.441281598075536,0 103.7410514094925,1.441873528277175,0 
					</coordinates>
				</LineString>
			</Placemark>
			<Placemark>
				<name>Untitled Path</name>
				<styleUrl>#msn_ylw-pushpin</styleUrl>
				<LineString>
					<tessellate>1</tessellate>
					<coordinates>
						103.7152457407729,1.413385485432547,0 103.7155037274319,1.413325570793454,0 103.7158891819286,1.413163641246713,0 103.7161335268664,1.413021131092014,0 103.7166385713327,1.412668719255923,0 103.7174137847002,1.41183495739594,0 103.7181610859963,1.411381126667024,0 103.7191000795751,1.411246057199786,0 103.7204491030948,1.411138720545766,0 103.7221890958422,1.411229117471063,0 103.7240299405866,1.411478861195804,0 103.7255181014937,1.41142083065424,0 103.7262943209384,1.411114143706632,0 103.7269613132672,1.410592041000896,0 103.7276704507652,1.409875293871331,0 103.7280555913935,1.409181928315915,0 103.7285898480741,1.408098916580025,0 103.7295074612936,1.405998524506202,0 103.7303850625616,1.404481588720628,0 103.731455948441,1.402747560590728,0 103.7321838474247,1.401512244755518,0 103.7330830736584,1.399995141075327,0 103.7337672986002,1.398673619492291,0 103.7344065419834,1.397028275172419,0 103.7347640642319,1.395233221179161,0 103.7347923813718,1.393812865719772,0 103.7346643947329,1.39259623505129,0 103.7341339964614,1.390727341972499,0 103.7352963223034,1.389765531901874,0 103.7356630882298,1.389559189377472,0 103.7360873063604,1.389393396683781,0 103.7366511795778,1.389349433662226,0 103.7375013277256,1.389328416841574,0 103.7391772979264,1.389319206939151,0 103.7403064299096,1.389476465502447,0 103.7402011601843,1.39009400453654,0 103.7401734088824,1.390564225960387,0 103.74019329899,1.39096342215937,0 103.74025092726,1.391329556911076,0 103.7402977077047,1.391561807266253,0 103.7403801013621,1.391834298498681,0 103.7405971550492,1.392314095743007,0 103.7408396134834,1.392732287656952,0 103.7415039801111,1.393787983587651,0 103.7421783583225,1.394922390060288,0 103.7423164360276,1.395207211003537,0 103.7425006830965,1.395613087006051,0 103.7426267878874,1.396019283979034,0 103.7427914950652,1.396696456993132,0 103.7429483396575,1.397720259928712,0 103.743135400845,1.399097639130232,0 103.7432860044283,1.400281236698166,0 103.7434334881565,1.401357082976983,0 103.7435842321322,1.401884584441916,0 103.743746150347,1.402367238089026,0 103.7438920625752,1.402697506102164,0 103.7440380025579,1.403032828624957,0 103.7442472383313,1.40338549475689,0 103.7444869072061,1.403755685877045,0 103.7447574755635,1.404097850843609,0 103.7450473165888,1.40442504205078,0 103.7454085151299,1.404829201089113,0 103.7456182563481,1.40505368398374,0 103.7460291107457,1.405503408631397,0 103.7485234563061,1.405484693873285,0 103.7486760836691,1.405486004637572,0 103.7489360338343,1.405458790005773,0 103.7491937527291,1.405416545160824,0 103.7509448993323,1.405108217370591,0 103.7512549895305,1.405018403213329,0 103.7516367007894,1.404852987617112,0 103.751898135449,1.404705424450771,0 103.7521400597994,1.404527883581045,0 103.7525926031727,1.403937214563389,0 103.7527802629796,1.403491754183166,0 103.7528042639096,1.403076050361982,0 103.7527563474462,1.402711025660873,0 103.7526014923707,1.402102647337887,0 103.7523511308073,1.401313977405471,0 103.7522036613765,1.400576554376914,0 103.752085704312,1.399749632034198,0 103.7520525740675,1.398937745067428,0 103.7520378641917,1.398384389313445,0 103.7520674057899,1.39792350902152,0 103.7522703590649,1.396588554129628,0 103.7526135343879,1.39431829487732,0 103.7529862227358,1.391929465874949,0 103.7531744286522,1.390500840980044,0 103.7533009439259,1.388931270034945,0 
					</coordinates>
				</LineString>
			</Placemark>
			<Placemark>
				<name>Untitled Path</name>
				<open>1</open>
				<styleUrl>#msn_ylw-pushpin</styleUrl>
				<LineString>
					<tessellate>1</tessellate>
					<coordinates>
						103.7567825791579,1.415268601124015,0 103.7552461016468,1.414447533119658,0 103.756856736962,1.41529838567803,0 103.7569397804719,1.415296419399119,0 103.7570091257217,1.415274903352582,0 103.7570783380327,1.415229234146933,0 103.7584583988492,1.413893268445706,0 103.7613034846751,1.417254404369666,0 103.7617772505882,1.416981842399223,0 103.7622782277274,1.416746924020891,0 103.7627416689592,1.41656080362181,0 103.7633510175105,1.41639007652969,0 103.7638312880391,1.416317243480424,0 103.7643659244248,1.416308900006955,0 103.7649383242987,1.416379768571457,0 103.7654926928176,1.416518345449584,0 103.7660235911333,1.416748563509046,0 103.7664542465679,1.416981511821028,0 103.766900628755,1.417299350341928,0 103.7683101717268,1.418974246470497,0 103.7688025775743,1.419509016428327,0 103.7692820394665,1.419995686768684,0 103.7697790611782,1.420446768085203,0 103.770508572577,1.421033650876285,0 103.7712777984541,1.421637885845346,0 103.7712629255509,1.423081099177029,0 103.7712054642714,1.42369904067612,0 103.7711496486112,1.424155342385116,0 103.7710539314294,1.424734415071804,0 103.7709478201807,1.425268072317524,0 103.7707515661916,1.426011608652326,0 103.770529670353,1.426704102988091,0 103.7702349068619,1.427519683607797,0 103.7699453690948,1.428363122578708,0 103.7696157866722,1.429303281657125,0 103.7692836318213,1.430226846312319,0 103.7690536390209,1.430981387611521,0 103.7688586042929,1.431797580140747,0 103.7687088489458,1.432709129314419,0 103.7686328512151,1.433366824792044,0 103.7685979617844,1.43382401470602,0 103.7685805049214,1.434418379071008,0 103.7685667862948,1.434960276423862,0 103.7685493129132,1.436046229487343,0 103.7685268637063,1.436947617935463,0 103.7685093899637,1.438046292937944,0 103.7684769781616,1.438900851880815,0 103.7684351527965,1.439713918117653,0 103.7681677071787,1.442148281430583,0 103.7680503329614,1.442541315767071,0 103.7677393079656,1.44302233592895,0 103.7673930727078,1.443494555790934,0 103.7670262950334,1.443990241613665,0 
					</coordinates>
				</LineString>
			</Placemark>
			<Placemark>
				<name>Untitled Path</name>
				<styleUrl>#msn_ylw-pushpin</styleUrl>
				<LineString>
					<tessellate>1</tessellate>
					<coordinates>
						103.7341342966052,1.390727825644381,0 103.7337046232684,1.389018059407405,0 103.7330704631305,1.385761636122801,0 103.7327737755196,1.384039041672198,0 103.7327079945675,1.382094316372922,0 103.7326163866729,1.379706706701786,0 103.7327017155397,1.379114263149272,0 103.7331665495374,1.378298953902828,0 103.7343778401385,1.377001482769283,0 103.7348407704217,1.376519706943368,0 103.7351702288408,1.376224839670695,0 103.7354946960481,1.375962751382726,0 103.7364529996516,1.375180050861744,0 103.7376251831585,1.374294334744171,0 103.7385037764681,1.373765177679804,0 103.7391561679249,1.373444769128637,0 103.7398254710506,1.373175616575158,0 103.7412272578624,1.372712664927754,0 103.7425410817921,1.372410627604634,0 103.7442870981573,1.372028132702228,0 103.7450633151789,1.371868225031738,0 103.7452269600608,1.371822341252738,0 103.7453298040443,1.371782896535876,0 103.7454219267657,1.371738650736776,0 103.7455023719845,1.371692525080999,0 103.74558471917,1.371638612979497,0 103.7456495712692,1.371585768955768,0 103.745699893176,1.371542724665812,0 103.7457743826433,1.371474275637752,0 103.7473959458626,1.370030521551982,0 103.7484807883489,1.369065316343095,0 
					</coordinates>
				</LineString>
			</Placemark>
			<Placemark>
				<name>Untitled Path</name>
				<styleUrl>#msn_ylw-pushpin</styleUrl>
				<LineString>
					<tessellate>1</tessellate>
					<coordinates>
						103.7551634492177,1.388780002367814,0 103.7551209448634,1.388780709518776,0 103.75475691258,1.389790336051891,0 103.754462994598,1.390745162393042,0 103.7542707553555,1.391549540209401,0 103.7542048237453,1.391868067425894,0 103.7541450872333,1.39226574256263,0 103.7540575854763,1.392871771977977,0 103.7539386469721,1.393764049881147,0 103.753858013752,1.394314022789066,0 103.7538518577719,1.394504134960257,0 103.7538600024237,1.394675448576826,0 103.7538707821609,1.394802108125301,0 103.7539005955688,1.394984822529682,0 103.753935956541,1.395128626881709,0 103.7539770790236,1.39527239967625,0 103.7540313944599,1.395457859869658,0 103.7541469581598,1.395779628313675,0 103.7543137794513,1.396254764852814,0 103.7545025940859,1.396800240159522,0 103.7546797617611,1.397329748100567,0 103.7549867209928,1.398142527566218,0 103.7552196077104,1.398844181446337,0 103.7553582875817,1.399311840650598,0 103.7554998077772,1.399900719795206,0 103.7556420921647,1.400628470107901,0 103.7557800666218,1.40135825697136,0 103.7559108664405,1.402093012606724,0 103.7560546328302,1.402865216980306,0 103.7561059323024,1.403287782519424,0 103.7561342047967,1.403713922471757,0 103.7561479058896,1.404371437802683,0 103.7561575387528,1.404813169273019,0 103.756181552028,1.406297640056393,0 103.7561847830916,1.40688480960861,0 103.7561527709797,1.407349694360309,0 103.756096994332,1.407684078237,0 103.7542962592665,1.413964937879136,0 103.7552456092946,1.414447893964152,0 
					</coordinates>
				</LineString>
			</Placemark>
			<Placemark>
				<name>Untitled Path</name>
				<styleUrl>#msn_ylw-pushpin352</styleUrl>
				<LineString>
					<tessellate>1</tessellate>
					<coordinates>
						103.7551635753945,1.388779807065448,0 103.7553861013212,1.388774538203862,0 103.7556053365487,1.388773543031854,0 103.7560049186529,1.388775535933039,0 103.7563095550852,1.388787827781294,0 103.7566547998628,1.38881665673349,0 103.7572347958991,1.388870781529219,0 103.7576010981681,1.388917651735271,0 103.7578891202433,1.388956572411326,0 103.7584882550224,1.389065012721305,0 103.7590406758425,1.389195914608992,0 103.7598773170985,1.389455288611961,0 103.7609344590249,1.389802755952368,0 103.7615080634708,1.389972039265106,0 103.7618102765153,1.390051385394591,0 103.7620970771765,1.390122436462828,0 103.7624006604257,1.390196189159169,0 103.7628316746874,1.390288869622341,0 103.7631337592244,1.390344473021842,0 103.7633533020496,1.390379580090225,0 103.7637906145011,1.39044824601958,0 103.7641079986133,1.390491194932998,0 103.7647278097508,1.390560413011061,0 103.7655296533372,1.390600694861134,0 103.7665443441445,1.390620251595744,0 103.7674378561241,1.390595780344122,0 103.7681903524779,1.39057208485253,0 103.7689613959446,1.390545493695428,0 103.7700808476995,1.390516984359452,0 103.7714458234692,1.390478742574834,0 103.7724584747224,1.390445233388414,0 103.7739605786945,1.39039925168629,0 103.7744382556428,1.390389275956481,0 103.7744555972878,1.390174898372465,0 103.7745907740549,1.389077077685026,0 103.7747162252701,1.38810473229112,0 103.774855721637,1.38707120941293,0 103.7749675139557,1.386141211269136,0 103.7751151245901,1.384972861723268,0 103.7752838191641,1.383655441868591,0 103.7754266093043,1.382594322893084,0 103.7756953269449,1.381054240374465,0 103.7758612628551,1.380286717161983,0 103.7761512460424,1.379178074706464,0 103.7763708586595,1.378368417915887,0 103.7766709433001,1.377296030516197,0 103.7770401322159,1.375953852611173,0 103.7772948724461,1.375008374505154,0 103.7775856837731,1.374029698857904,0 103.7779530208032,1.372704870846127,0 103.7783548089293,1.37125829810905,0 103.7786337674006,1.370246767797317,0 103.7790050042296,1.368797169051516,0 103.7791750384709,1.368015125967384,0 103.7793220127722,1.367220378693154,0 103.7793744592203,1.366864813890261,0 103.7795284115041,1.365911391746061,0 103.7795992054205,1.365409872415267,0 
					</coordinates>
				</LineString>
			</Placemark>
			<Placemark>
				<name>Untitled Path</name>
				<styleUrl>#msn_ylw-pushpin352</styleUrl>
				<LineString>
					<tessellate>1</tessellate>
					<coordinates>
						103.97858560347,1.378664267919632,0 103.9785922433533,1.379148359325776,0 103.9785627743309,1.379662910991932,0 103.9783309526766,1.383836112970847,0 103.9783191647492,1.384298349226234,0 103.9783289863912,1.384636146618482,0 103.9783682757561,1.384913062257825,0 103.9784311391598,1.385174266810484,0 103.9785175777326,1.385463029299111,0 103.9786433056977,1.38573994527186,0 103.9788417210669,1.386066554288385,0 103.9790735330469,1.386329723084548,0 103.9793053045611,1.386565782922722,0 103.979651780667,1.386856753479822,0 103.9800662924202,1.387092426823551,0 103.980431691643,1.387280965202633,0 103.9810583736318,1.38750878279449,0 103.9816202316089,1.38771499805412,0 103.981958135398,1.387832836204309,0 103.9821835401826,1.387894174890363,0 103.9823761698329,1.387928004964853,0 103.9826000376165,1.387951425781615,0 103.9828291125481,1.387946221025135,0 103.9842741047616,1.387800489768737,0 103.9857880141917,1.387639143241105,0 103.9867267098282,1.387527241521932,0 103.9873643683583,1.387511627592015,0 103.987868411399,1.38751856604394,0 103.988219675022,1.387575004307641,0 103.9884715529024,1.387663279145237,0 103.988716193965,1.387780497071837,0 103.9892332676863,1.388139581067183,0 103.9894970965089,1.388386411144092,0 103.9896027694678,1.388510864954107,0 103.9897041000521,1.388688863116947,0 103.9898423936802,1.388951067566872,0 103.9899641427077,1.389279095807021,0 103.9900561976205,1.389614546004883,0 103.9901838886204,1.390171158343272,0 103.9902907909402,1.390832151066761,0 103.9904719355734,1.392166167615593,0 
					</coordinates>
				</LineString>
			</Placemark>
			<Placemark>
				<name>Untitled Path</name>
				<styleUrl>#msn_ylw-pushpin35</styleUrl>
				<LineString>
					<tessellate>1</tessellate>
					<coordinates>
						103.9892281155054,1.388135508813647,0 103.9893266093306,1.388040455446077,0 103.9909273858146,1.387360800724353,0 103.9890827709701,1.383005862238962,0 103.9886795358017,1.381528235812619,0 103.981240785412,1.362961273755519,0 103.980500366929,1.362161179799931,0 103.9791040433649,1.358857467031968,0 103.9783448488529,1.359109467888497,0 103.9777784055968,1.357804969393011,0 103.9781372481083,1.357638946178291,0 103.9755169872416,1.352784935727017,0 103.9729689340999,1.346530487508297,0 103.9728711169473,1.34665148113862,0 103.9706629170941,1.341389154099454,0 103.9710925523795,1.34100699079003,0 103.9714443776814,1.34071275974874,0 103.9719315182888,1.340401619693195,0 103.9724288065095,1.340114153259794,0 103.9758541703911,1.33864265075574,0 103.9799058924423,1.336916488520824,0 103.9796826217335,1.336429477897494,0 103.9808280108296,1.336138434134448,0 103.9834769120115,1.335018959624305,0 103.9835582601874,1.334238392854778,0 103.978568165314,1.322399616918503,0 103.9805234759341,1.320806696135029,0 103.9847896673978,1.318969147461807,0 103.9845157064872,1.318336646865163,0 103.9865806144698,1.317487541083352,0 103.98697226175,1.317345481619485,0 103.9874844247324,1.317199098848407,0 103.9879320359867,1.317091451756097,0 103.9883387578689,1.316957992448863,0 103.9892016628128,1.31661362274364,0 103.9913398265949,1.315641301127242,0 103.9943208750067,1.314372179995476,0 103.9969173216652,1.313284796234584,0 103.9975267553809,1.313000076893759,0 103.9986048517498,1.312511517983064,0 103.9978168988942,1.310667407835112,0 
					</coordinates>
				</LineString>
			</Placemark>
			<Placemark>
				<name>Untitled Path</name>
				<styleUrl>#msn_ylw-pushpin352</styleUrl>
				<LineString>
					<tessellate>1</tessellate>
					<coordinates>
						103.9661305268875,1.3824259732582,0 103.9667454472951,1.38024825253065,0 103.9668039826515,1.380051145995901,0 103.9668317101141,1.37991255552769,0 103.9668409534746,1.379761645880669,0 103.9668501967197,1.379613816058338,0 103.9668440363178,1.379472145723773,0 103.9668039884725,1.379287358025749,0 103.9666961655895,1.378960899066014,0 103.9641576861885,1.372846240539386,0 103.9640929002043,1.371390166420285,0 103.9637750781542,1.371400872893414,0 103.9637362577689,1.370604784145382,0 103.9637362588731,1.370460199293086,0 103.9637487583529,1.370338819393379,0 103.9637719708373,1.370219224503821,0 103.9638094674719,1.37009070461867,0 103.9638487495958,1.369960399598682,0 103.9638916025902,1.369858654536592,0 103.9639557181407,1.369730948736198,0 103.9650015864268,1.36805853768678,0 103.9656442852744,1.367041402612157,0 103.9658747758676,1.366639921393615,0 103.9666528161498,1.365791971099228,0 103.9651450005186,1.364305816952652,0 103.9637242527718,1.362820673505326,0 103.9625742777876,1.361670899989724,0 103.9611791742878,1.360202644796574,0 103.9615846236033,1.359579775634083,0 103.9618136893272,1.359195063226996,0 103.9621653162429,1.358574686613967,0 103.9625038185571,1.357913575612821,0 103.9628916397806,1.356982426371909,0 103.9632032422094,1.356138658118511,0 103.9634796606242,1.355051045851577,0 103.9636811272141,1.354346465107773,0 103.9641769451865,1.352716804617021,0 103.9657330089345,1.353118434381389,0 103.9674555303505,1.353641437881162,0 103.9678630155573,1.353795654021824,0 103.9679766055678,1.353853044642139,0 103.9680914170091,1.353914098444418,0 103.9681903502163,1.353981257455092,0 103.9682734052439,1.354049637425278,0 103.968357681543,1.354152207174987,0 103.9684224155711,1.354240124104471,0 103.9685372270045,1.354407410637393,0 103.9686287376797,1.354576854786384,0 103.968681257058,1.354734372030242,0 103.968765532266,1.355040859290814,0 103.9689133894132,1.355619924910397,0 103.9691565625635,1.356486680205618,0 103.9693996168953,1.357391546080417,0 103.9696392659887,1.358294674744429,0 103.9699083996433,1.359290604409554,0 103.9700229094495,1.359689059811878,0 103.9701096281308,1.359877103692424,0 103.9702293246414,1.360079800531953,0 103.9703673424914,1.360254413235918,0 103.9711030509616,1.361059005975333,0 103.9714461901959,1.361419644281449,0 103.9717040651518,1.361666526209045,0 103.9718169800193,1.361755953690188,0 103.9719328274706,1.361827788870596,0 103.9720824024459,1.361899624148444,0 103.9722642381712,1.361978789433925,0 103.9734505657255,1.362417129087142,0 103.9736863065236,1.362526393768699,0 103.9738930703843,1.362652470719202,0 103.9740998342067,1.362799071496789,0 103.9742655385275,1.362958866098562,0 103.9744063140049,1.363127456713615,0 103.9745353584436,1.36332390153179,0 103.9746585376221,1.363551132839778,0 103.974745056631,1.363724122288468,0 103.9750481521287,1.364534574265698,0 103.975324120132,1.365283605515166,0 103.9754396825948,1.365640860927147,0 103.9756332482052,1.366385590920484,0 103.9756777422362,1.366517503450758,0 103.9757349321224,1.366655307666678,0 103.9758302490757,1.366809238218704,0 103.9759402303992,1.366958771078281,0 103.9760912720265,1.367100974521881,0 103.9771008791555,1.367870173687547,0 103.9778406250578,1.368472298259205,0 103.9786678468195,1.369209341039606,0 103.9790872994881,1.369566560568548,0 103.9793797007492,1.36983639345086,0 103.9796021265082,1.370041267422106,0 103.9797495780878,1.370221157162633,0 103.9799170153993,1.37048191634419,0 103.9799944886883,1.370699280154874,0 103.980016980716,1.370926637692198,0 103.9799969872665,1.371193970286311,0 103.9799270107467,1.371531259498668,0 103.9798611121097,1.371694334192808,0 103.9797411521196,1.371949174505015,0 103.9795662109691,1.372179030300261,0 103.9793987674472,1.372313945501593,0 103.9792138299328,1.372401390338363,0 103.9789564170231,1.372488835083959,0 103.9775609199039,1.37282200767215,0 103.9765237696853,1.373054360095843,0 103.9759464599846,1.373181780387883,0 103.9757078324368,1.373253394874913,0 103.9754804085077,1.37340080182235,0 103.9753179622677,1.373555704474117,0 103.9748315490045,1.374032680809512,0 103.9777628700401,1.377070483826388,0 103.9778879905975,1.377158952833354,0 103.977995324243,1.377247755335705,0 103.9781433708403,1.377392059466131,0 103.9782823824676,1.377575315095201,0 103.9783710107249,1.377720146833564,0 103.9784579347489,1.377948469953833,0 103.9785278150682,1.378207463927952,0 103.9785755366172,1.378436657481996,0 103.9785857626519,1.378665954794069,0 103.97854144734,1.378981176337723,0 103.9784732709732,1.379197571417411,0 103.9781971582336,1.379688293850219,0 103.9745923569075,1.386018362293759,0 103.9741134192347,1.386509083508564,0 
					</coordinates>
				</LineString>
			</Placemark>
			<Placemark>
				<name>Untitled Path</name>
				<styleUrl>#msn_ylw-pushpin3501</styleUrl>
				<LineString>
					<tessellate>1</tessellate>
					<coordinates>
						103.9641795862446,1.352714135414027,0 103.9642462381061,1.352171464161317,0 103.9642667896185,1.351729667103362,0 103.9642294741699,1.351287934533995,0 103.9641658734859,1.350862008618473,0 103.9640442958135,1.350336220849694,0 103.9639174525591,1.34980517698462,0 103.9632475714372,1.350086105210627,0 103.9625019111704,1.350325756730908,0 103.9616726265925,1.350551213143196,0 103.9608793033424,1.350272907885089,0 103.9603873137962,1.350024690628544,0 103.9599419404021,1.349732573037213,0 103.9593817855276,1.349194812415872,0 103.9591257992472,1.348868027025688,0 103.9590548634111,1.34869223515686,0 103.9590845135997,1.348114557101189,0 103.9593625233922,1.346230455208088,0 103.9606990916762,1.345884454116261,0 103.9599155010096,1.343941284073428,0 103.9593550274155,1.343981346396952,0 103.9597671786038,1.34317641420161,0 103.9582409924983,1.342173763650834,0 103.9586109224386,1.341595665894951,0 103.9590516741106,1.340993407088082,0 103.959178814409,1.340552370377506,0 103.9594613072516,1.339001291875498,0 103.9595489181254,1.338428020096939,0 103.9600996395547,1.33808239484174,0 103.9592891545222,1.336918539210927,0 103.9582013290037,1.335437606047371,0 103.9574692259631,1.334506230637895,0 103.9569896517421,1.334049589376706,0 103.9561963381085,1.333398648319619,0 103.9554444324241,1.332822569907266,0 103.954781075339,1.332389198022929,0 
					</coordinates>
				</LineString>
			</Placemark>
			<Placemark>
				<name>Untitled Path</name>
				<styleUrl>#msn_ylw-pushpin3501</styleUrl>
				<LineString>
					<tessellate>1</tessellate>
					<coordinates>
						103.9616725970073,1.350551207596424,0 103.9610650140834,1.350683408455097,0 103.9605312691934,1.350709019775392,0 103.9600237439422,1.350687897257508,0 103.9593978175296,1.350629510151951,0 103.9588534332645,1.350553283874619,0 103.9583279662862,1.350418924853702,0 103.9579142679059,1.350267756541486,0 103.9573069810622,1.349963536908744,0 103.9568701329504,1.349735550464214,0 103.9563441741057,1.349429049145042,0 103.9560930170133,1.349259350142679,0 103.9556399344096,1.348918637178524,0 103.954500064159,1.347946640453235,0 103.9535251648102,1.34713689232666,0 103.9526512231522,1.346399529210744,0 103.9516968074137,1.345582972647619,0 103.9506106345811,1.344667475219617,0 103.949559733028,1.343793136992292,0 103.9484066224576,1.342820715425182,0 103.9471822191117,1.341787889003834,0 103.9469163350163,1.341560149184138,0 
					</coordinates>
				</LineString>
			</Placemark>
			<Placemark>
				<name>Untitled Path</name>
				<styleUrl>#msn_ylw-pushpin352</styleUrl>
				<LineString>
					<tessellate>1</tessellate>
					<coordinates>
						104.0153499899468,1.315703179272635,0 104.0147900358815,1.315723987241483,0 104.0149067537575,1.316329072968983,0 104.0150459521238,1.316739958983387,0 104.0308058970949,1.354133200691985,0 104.0309348513084,1.354433061648079,0 104.0310810607591,1.35482718973982,0 104.0311807892128,1.355128758898957,0 104.0312380151451,1.355372128068553,0 104.0312775493454,1.355599811914591,0 104.0312994613163,1.355872669202841,0 104.0313018073506,1.356208371363292,0 104.0312883503763,1.356461151744322,0 104.0312474367008,1.356745859498278,0 104.0311653135839,1.357056135733347,0 104.0310940232232,1.357310514415861,0 104.0309597547185,1.357620211686585,0 104.0332166496137,1.36065966772925,0 
					</coordinates>
				</LineString>
			</Placemark>
			<Placemark>
				<name>Untitled Path</name>
				<styleUrl>#msn_ylw-pushpin352</styleUrl>
				<LineString>
					<tessellate>1</tessellate>
					<coordinates>
						103.9297455996996,1.400495853317239,0 103.9284676163154,1.400092850784362,0 103.9267208144124,1.399349798400764,0 103.9250377990151,1.398542819227026,0 103.9233545488292,1.397544263767914,0 103.9220333753649,1.396651728443403,0 103.9204132790145,1.395035786893969,0 103.9190274928691,1.393526001291118,0 103.9165496594556,1.390574709483665,0 103.9160592542943,1.38949525219412,0 103.9156194944065,1.388140637440985,0 103.9151290039464,1.387010215567227,0 103.9146695540429,1.386307677833222,0 103.9143531245728,1.385900458714457,0 103.916480689143,1.383447047891549,0 103.9170974766492,1.382822465768088,0 103.9181673745724,1.381751420658915,0 103.9189684681576,1.380919753784123,0 103.9195625681014,1.380448184799987,0 103.9201953140308,1.380011312446386,0 103.9208088588392,1.379670959598475,0 103.9223034095939,1.378996549383159,0 103.9228051537301,1.378814580589406,0 103.9238665657797,1.378458296485711,0 103.9263059927691,1.377844154332702,0 103.927694318799,1.37749433158872,0 103.9284816954736,1.377234848283777,0 103.9293809443806,1.376882601263293,0 103.9300987778851,1.376576870991422,0 103.9326069610669,1.375469743206073,0 103.9343090763572,1.37467533060833,0 103.9356519435261,1.373996336989348,0 103.9368635640284,1.373304061264164,0 103.9389151879301,1.372260362780882,0 103.9407367224749,1.371176859852035,0 103.9410762480594,1.370948744940969,0 103.9416201262994,1.370457921662954,0 103.9428758219438,1.369297112620291,0 103.943815836813,1.368516690795989,0 103.9444717221026,1.368060488244618,0 103.9450003883249,1.367785845832965,0 103.9455946826681,1.36750341031556,0 103.9461079921278,1.367309843005317,0 103.9465943299149,1.367166484526034,0 103.947493695137,1.366922305266911,0 103.9483004603454,1.366732264687589,0 103.9505317476494,1.36619947223163,0 103.9518750599544,1.365881455678465,0 103.9526818311372,1.36569141119053,0 103.9533034102312,1.365543272241287,0 103.9539788981401,1.365357238282629,0 103.9545076768457,1.365179085518494,0 103.9551286866047,1.364951681101947,0 103.9558426463926,1.364638221135003,0 103.956494814483,1.364317113825533,0 103.9570620317774,1.363992243606602,0 103.9576870695235,1.363582391057078,0 103.958412358416,1.363048908631912,0 103.958975579574,1.362600524802188,0 103.9595464802468,1.362109670145077,0 103.9604709123115,1.361127512934786,0 103.9611791457674,1.360202882011151,0 
					</coordinates>
				</LineString>
			</Placemark>
			<Placemark>
				<name>Untitled Path</name>
				<styleUrl>#msn_ylw-pushpin352</styleUrl>
				<LineString>
					<tessellate>1</tessellate>
					<coordinates>
						103.9201362097352,1.380050633918195,0 103.9195895819008,1.378574519711968,0 103.9197432752613,1.378037335966,0 103.9198486953905,1.377576367894018,0 103.9199103126332,1.377069855759295,0 103.9200129452686,1.376167540614343,0 103.9201589416128,1.374912264771864,0 103.9202912900668,1.373810476136891,0 103.9203392724641,1.37346902575977,0 103.920380460588,1.37323187276668,0 103.9204171341132,1.373077597311024,0 103.9204699693525,1.372962438378295,0 103.9205549991883,1.372808109741282,0 103.9207067409154,1.372593855198791,0 103.9218289140464,1.37131799512841,0 103.922634434433,1.370479118717553,0 103.9237457330033,1.369337815433496,0 103.9250612684471,1.367980846051059,0 103.9254731999695,1.367581529937515,0 103.9258919169661,1.367244976181226,0 103.9261289349665,1.367101991085071,0 103.9263935823782,1.366956673472317,0 103.9270295706488,1.366636159590694,0 103.9265865315059,1.365769771907116,0 103.9265222374751,1.365640429888,0 103.9265003936542,1.365569448708517,0 103.9264601569356,1.365440401049367,0 103.9264417246782,1.365346511238525,0 103.9264278771824,1.365254906891845,0 103.9264162503565,1.36509916639356,0 103.9264215760183,1.36473308760921,0 103.9264325839767,1.36328284447468,0 103.9264232011921,1.363084202186984,0 103.9264127236965,1.362931896115815,0 103.9263804199426,1.362724519510955,0 103.926337748187,1.362464472129626,0 103.9262076246366,1.361850769559711,0 103.9260903650464,1.361476403031712,0 103.9259525122375,1.361126678285849,0 103.9256074124427,1.360261444997835,0 103.9250267422578,1.358826205598339,0 103.9245830254925,1.35772624957469,0 103.9241121540708,1.356561852890389,0 103.9239730234009,1.356234975967394,0 103.9239075527999,1.3560770040624,0 103.923851269282,1.355939636469857,0 103.9238225321093,1.355850338888681,0 103.9238109959669,1.355777055845309,0 103.9238017383868,1.35569231778569,0 103.9238084753828,1.355539947943061,0 103.9238373528186,1.355365560739547,0 103.9239146867481,1.355200806873109,0 103.9240211054145,1.355052165304701,0 103.9242114925681,1.354900202769864,0 103.9244212963295,1.35478373596016,0 103.927503670909,1.352994840840035,0 103.9260949545074,1.350244854630273,0 103.9256424994314,1.349423241709217,0 103.9254583986502,1.349143615609221,0 103.9252794102669,1.348912869481208,0 103.924956820302,1.348599652767997,0 
					</coordinates>
				</LineString>
			</Placemark>
			<Placemark>
				<name>Untitled Path</name>
				<styleUrl>#msn_ylw-pushpin352</styleUrl>
				<LineString>
					<tessellate>1</tessellate>
					<coordinates>
						103.9195889782764,1.378574005572071,0 103.9195146948952,1.378810688600126,0 103.9194174938227,1.379096947785112,0 103.9192862934781,1.379312737473281,0 103.9191021884363,1.379545453099053,0 103.9189159661136,1.379740089088798,0 103.9186728748507,1.379908705523611,0 103.9183808440317,1.38006737735288,0 103.918105741314,1.380158351070123,0 103.9178285211955,1.380202782571009,0 103.9175576485489,1.380209133867575,0 103.9172804260594,1.380175289498802,0 103.9170074596609,1.380084894629207,0 103.9166053806762,1.379892380059544,0 103.9156319317939,1.379374076201667,0 103.9151917638774,1.37913713836376,0 103.9150351650071,1.379018668638727,0 103.9148277765178,1.378824038996373,0 103.9146268378954,1.378586137844241,0 103.9144406113631,1.378344965681079,0 103.914275187076,1.378095301220305,0 103.9141418656838,1.377887977548497,0 103.9140085433078,1.377617186753497,0 103.9135095731161,1.376365772952701,0 103.9128515407284,1.374680486315969,0 103.9121431399519,1.373084757767152,0 103.9116035047572,1.371940242930899,0 103.9111195196615,1.370977753053694,0 103.9107658934145,1.370183213166831,0 103.9103346358678,1.369074780408793,0 103.9101003946663,1.368423242917706,0 103.9097910988621,1.367610793390166,0 103.9094472596123,1.366674572685203,0 103.9091379471369,1.365848270101164,0 103.9090040958298,1.365552691121195,0 103.9088902230968,1.365336998690675,0 103.9087363957416,1.365095343571601,0 103.9085358491504,1.364797106563728,0 103.9083200907716,1.364521499741394,0 103.9080285379502,1.36423121090449,0 103.9076769313155,1.363923650354048,0 103.9073672801499,1.363713951078158,0 103.9070496394429,1.363546192425842,0 103.9067399906258,1.363426365513521,0 103.9063704103378,1.363316524470967,0 103.9060607621472,1.363254614556185,0 103.9056652109619,1.363182718713833,0 103.9052242051719,1.36312528253032,0 103.9034923681715,1.359835354638433,0 103.9020755694492,1.357228951010824,0 103.9016865424719,1.356516368565419,0 103.9012120846063,1.35639263448862,0 103.9009490676892,1.355949350085342,0 103.9006351452261,1.355337923008832,0 103.8984043132401,1.356276917027169,0 103.8972448562323,1.353577013775292,0 103.896991933385,1.353436240865855,0 103.8957273325857,1.353993894589637,0 103.893497877231,1.348758066324322,0 103.8938247757305,1.347783163915514,0 103.8952901736137,1.347274379841283,0 103.8952555541843,1.347166229726442,0 103.8958310705042,1.346954249712405,0 103.8982954246652,1.347663681555841,0 103.8983817594426,1.347260118457265,0 103.8985829220383,1.346550370250465,0 103.898941517183,1.345517485564888,0 103.8990442847949,1.345142270332903,0 103.8991120655384,1.344457117205814,0 103.8991229964929,1.344044335176431,0 103.8990945678492,1.34340363611223,0 103.8990224085429,1.342954434706013,0 103.8988868379267,1.342405747469639,0 103.8987665744517,1.342095338243885,0 103.8984998088374,1.341531030313594,0 103.8981936839877,1.340851818603729,0 103.8978783984642,1.340344248029696,0 
					</coordinates>
				</LineString>
			</Placemark>
			<Placemark>
				<name>Untitled Path</name>
				<styleUrl>#msn_ylw-pushpin352</styleUrl>
				<LineString>
					<tessellate>1</tessellate>
					<coordinates>
						103.9052236833084,1.363124980008002,0 103.9037337187135,1.362862306972878,0 103.9027435320569,1.362694420561916,0 103.9025626062125,1.362644853777273,0 103.9019260148782,1.362385818566103,0 103.9014782059885,1.362315624828476,0 103.9010383515048,1.362253266094997,0 103.9004714744666,1.362111253471598,0 103.8989455948888,1.36193377600497,0 103.8972148567926,1.361715934974561,0 103.897082100969,1.361715935610557,0 103.8969301512597,1.361723931310617,0 103.8967798006421,1.361757511084888,0 103.8965554288973,1.361818961257189,0 103.89638306968,1.361858123812764,0 103.8962185446832,1.361867523550255,0 103.8960352164359,1.361848727060743,0 103.8957092985869,1.361801734927077,0 103.8954084499925,1.361757875371585,0 103.8930497318212,1.361469853734031,0 103.8931683259126,1.360523808448534,0 103.8931757369603,1.360247741057401,0 103.8931683232151,1.3599389799911,0 103.8931238464545,1.359417918634668,0 103.8929138247388,1.358481755245703,0 103.8927186286151,1.357721948342759,0 103.892567906286,1.357222988459947,0 103.8922908546208,1.356397934441079,0 103.8919614141854,1.355438437513535,0 103.8913489361405,1.353961245022309,0 103.8908517600719,1.35275660997262,0 103.8902736052014,1.35148355702942,0 103.8900579067249,1.350970262115122,0 103.8899491911015,1.35064668055182,0 103.8898429463346,1.350229235975263,0 103.8897589387,1.349782150000069,0 103.8896872852423,1.349386934958023,0 103.8896675182271,1.349026299852664,0 103.8897574862803,1.348465929690983,0 103.8899131437621,1.348127527182599,0 103.8900811552307,1.347796534517431,0 103.8902738747255,1.347416138875549,0 103.8904468287274,1.347055502488096,0 103.890604901673,1.346645524865122,0 103.8907457340083,1.346156446788132,0 103.8909088038285,1.345588324481783,0 103.8914666479188,1.343233475073988,0 
					</coordinates>
				</LineString>
			</Placemark>
			<Placemark>
				<name>Untitled Path</name>
				<styleUrl>#msn_ylw-pushpin351</styleUrl>
				<LineString>
					<tessellate>1</tessellate>
					<coordinates>
						103.8792284976649,1.350982247867428,0 103.8794985755048,1.351098746246079,0 103.8796507513088,1.351133010505557,0 103.8798090837219,1.351138543119468,0 103.8800586071561,1.351122620253967,0 103.8803413115086,1.351102716752889,0 103.8806731240907,1.351065563769793,0 103.8809983009684,1.351005853755579,0 103.8813221517701,1.35095145110759,0 103.8815393815622,1.350928211852889,0 103.8816521990112,1.350922904308759,0 103.8818486336142,1.350930865586398,0 103.8822030110547,1.350981286887501,0 103.8833578287091,1.351131222382569,0 103.8842150169056,1.351247985928342,0 103.8844074684943,1.351290445685011,0 103.884712737361,1.35140190322472,0 103.8857110321312,1.351831034487069,0 103.8859249094545,1.351916056954011,0 103.8860987794844,1.351963824100948,0 103.8863350303296,1.352023532990812,0 103.8876947396865,1.352365039261963,0 103.8882608546731,1.352495936840149,0 103.8884329827077,1.352523286569994,0 103.8886803455214,1.352542658727242,0 103.8890337215746,1.352547215487645,0 103.889274246094,1.35252328258757,0 103.8897357722176,1.35245148555661,0 103.889989975317,1.3523785493966,0 103.8901598245767,1.352324986776408,0 103.8904311288314,1.352232676432738,0 103.8905859226119,1.352172335193167,0 
					</coordinates>
				</LineString>
			</Placemark>
			<Placemark>
				<name>Untitled Path</name>
				<styleUrl>#msn_ylw-pushpin352</styleUrl>
				<LineString>
					<tessellate>1</tessellate>
					<coordinates>
						103.8792291387737,1.350981904110581,0 103.8790584843433,1.351199289313412,0 103.87892151108,1.351331503213083,0 103.8787443906705,1.351466077726416,0 103.8785365695365,1.351610095849031,0 103.8782720698952,1.351744669881667,0 103.878104395889,1.351815498217353,0 103.8778776814176,1.351867438857456,0 103.8776013726632,1.3519217402821,0 103.8774077198413,1.351976041852985,0 103.877150302675,1.352075201466937,0 103.8769557268794,1.352182426216761,0 103.8767455438385,1.352326443784194,0 103.8762921139692,1.352687668455963,0 103.8756763092118,1.353364535083284,0 103.8750496950549,1.354096615887495,0 103.8744512840819,1.354776291301895,0 103.8742307472233,1.355027380226893,0 103.8740607110976,1.35520445089748,0 103.8738953980192,1.355336663677442,0 103.8737513392965,1.355435823317065,0 103.8734537746158,1.355577480133501,0 103.8736712730495,1.356050763866417,0 103.873749206125,1.356197142811206,0 103.8738011613647,1.356315190316806,0 103.8738712574446,1.356506478428174,0 103.8739150526362,1.356728914499823,0 103.8739588476574,1.357026831053525,0 103.8740541661616,1.357740205801116,0 103.874105689566,1.35819947213118,0 103.8741031130455,1.358410519478569,0 103.874087655452,1.358604968125053,0 103.8740432750798,1.358895926829801,0 103.8739492430316,1.359297701197541,0 103.8737727285674,1.360012674656957,0 103.8736464934483,1.360630627388163,0 103.8734910337198,1.361372616255728,0 103.8733106980354,1.362041518840777,0 103.8732823595314,1.362163853980791,0 103.8732707663478,1.362287476956401,0 103.8732733422549,1.362429128421347,0 103.8732952397411,1.362584505828603,0 103.8733493397484,1.362749336578547,0 103.8734343543117,1.362905153351513,0 103.8735670285075,1.363116388292707,0 103.8736790933355,1.363281219168831,0 103.8738402293468,1.363553945385602,0 103.8740295801213,1.36396087195879,0 103.8742240833284,1.364331141488021,0 103.8746449443866,1.365194811847775,0 103.8750793706128,1.36616485944162,0 103.8755378555504,1.36718286250824,0 103.8758284325907,1.367849109324576,0 103.8759984621088,1.368333299598163,0 103.8762316088947,1.369112471176283,0 103.8763906565229,1.369818919782692,0 103.8764886235105,1.370458959922778,0 103.8766991739884,1.371754445681921,0 103.8767885080323,1.372462052759551,0 103.8768742687572,1.373188405141292,0 103.8769763375387,1.373987197795982,0 103.8770037331783,1.37431585407833,0 103.8770287466305,1.374892946498349,0 103.8770454221386,1.375503514891389,0 103.877032319565,1.375955151004206,0 103.8769930122722,1.376445974642245,0 103.8769608517194,1.37670080206853,0 103.8769060597765,1.377073669725005,0 103.8768607966847,1.377333260542171,0 103.8767833732634,1.377757959852513,0 103.8767357281168,1.378056802717598,0 103.8766690247524,1.378385221784687,0 103.8766404374313,1.378720511969575,0 103.8766344815886,1.379065766497282,0 103.8766368636479,1.379406401308189,0 103.8766809351448,1.379844246019881,0 103.8767095220733,1.380184749776057,0 103.8767369177903,1.380618183530769,0 103.8767797982362,1.381039359762908,0 103.8768069801459,1.381446407473644,0 103.8768344437576,1.381952850520054,0 103.8768546801375,1.382243278941423,0 103.8768734436824,1.382502595553164,0 103.8773179091734,1.383251919821152,0 103.8784652841623,1.385049977316164,0 103.8800483089997,1.385934375752931,0 103.8802008483811,1.386050060865396,0 103.8802876381385,1.386134195568182,0 103.8803612780706,1.386236734841109,0 103.8804217681915,1.386362937104886,0 103.8804559587364,1.386546982213824,0 103.8807410365328,1.388213542528864,0 103.8811617332117,1.387999628074192,0 103.8816056935279,1.3877338300673,0 103.8821825886625,1.387362717799512,0 103.8827804742347,1.386980153016781,0 103.8835689504223,1.386462241140318,0 103.8842732060297,1.385857034030387,0 103.8849127645729,1.385345740470414,0 103.8856054816671,1.384737824881376,0 103.8863480622197,1.384112937812413,0 103.8869449436255,1.383599118709843,0 103.8873485056455,1.383258432646693,0 103.8882987131566,1.382392634067863,0 103.8889852877611,1.381791721707534,0 103.8900701998775,1.380895057660684,0 103.8904314292166,1.380591064921823,0 103.8906193499546,1.380447165851974,0 103.8908232641768,1.380336576356299,0 103.8910218475756,1.380249969716106,0 103.8912910686064,1.38015270318731,0 103.8915957126255,1.380079905067912,0 103.8918942542949,1.380047926006552,0 103.8922367778924,1.380037264782559,0 103.8937211439072,1.380029260775031,0 103.8945279109082,1.380025258256031,0 103.894741156336,1.380017262246302,0 103.894918417029,1.380003936880054,0 103.8951409932843,1.379961298307381,0 103.8953542410815,1.379908000386675,0 103.8958613163894,1.379697403431836,0 103.8962025074933,1.379540178034572,0 103.8964237497372,1.379453570057266,0 103.8966823113787,1.379397606339939,0 103.8970189180777,1.379376287236066,0 103.8973947645322,1.379426914046026,0 103.898601357562,1.379617436459167,0 103.900352482677,1.379868312599157,0 103.9017661684408,1.380081623739841,0 103.9035319399404,1.380345593431332,0 103.9041083464506,1.380425314073985,0 103.9043676427221,1.380446048881622,0 103.9046061952241,1.380441602482801,0 103.9048017786023,1.380409012555219,0 103.905067002006,1.380354202846353,0 103.9052714762626,1.380284581024148,0 103.9055070670564,1.38020162720219,0 103.9057488841975,1.380091007295821,0 103.9061163415911,1.379910289011027,0 103.9065964074774,1.379648099817766,0 103.9072385565741,1.379258290215906,0 103.9077171386327,1.378925000372183,0 103.9080718178472,1.378621730102044,0 103.9084022305918,1.378279554357088,0 103.9090832179231,1.377326506390004,0 103.9099140515902,1.376183571394462,0 103.9107398475998,1.374935426999296,0 103.9120367130488,1.372860826826894,0 
					</coordinates>
				</LineString>
			</Placemark>
			<Placemark>
				<name>Untitled Path</name>
				<styleUrl>#msn_ylw-pushpin352</styleUrl>
				<LineString>
					<tessellate>1</tessellate>
					<coordinates>
						103.8766373213561,1.378924096471114,0 103.8783822587526,1.379021975962198,0 103.8813111359327,1.37916185306257,0 103.882710211488,1.379243506711104,0 103.8847733341827,1.379363687409127,0 103.8856962014536,1.379382569904198,0 103.8859005750878,1.379411757348217,0 103.8860826227959,1.379461548033597,0 103.886238909618,1.379523357417208,0 103.8864055015927,1.379597185507877,0 103.8865446151377,1.37968303243083,0 103.8866957517565,1.37979806761138,0 103.8868812388268,1.3799611779895,0 103.8875676663687,1.380764939009583,0 103.8884311716528,1.381756064178739,0 103.8886548333339,1.382081996694009,0 
					</coordinates>
				</LineString>
			</Placemark>
			<Placemark>
				<name>Untitled Path</name>
				<styleUrl>#msn_ylw-pushpin4</styleUrl>
				<LineString>
					<tessellate>1</tessellate>
					<coordinates>
						103.8763575152304,1.369669212791973,0 103.8767196968417,1.369604336628335,0 103.8769975764325,1.369568232899912,0 103.8772950308987,1.369535072880471,0 103.8775432667939,1.369517957961972,0 103.878027533015,1.3695179575665,0 103.8783657071779,1.369513678508228,0 103.8785968235844,1.369498702828752,0 103.8789732075534,1.369463403086272,0 103.8792332130538,1.369432382144113,0 103.8795060286216,1.369374619286962,0 103.8799393732252,1.369292253130347,0 103.8805794720951,1.369147845541122,0 103.8812000901802,1.36900664658777,0 103.8817439461758,1.368878283755847,0 103.8828474454268,1.36862450158994,0 103.8842841290803,1.368332471909775,0 103.8864533547661,1.367881484960491,0 103.8881973166444,1.367478182412043,0 103.8887363163278,1.367331214382737,0 103.8892134206931,1.367140417813677,0 103.8896853676043,1.366892900019215,0 103.8900799455969,1.366531940438847,0 103.8912111219883,1.365381681714527,0 103.8921889785784,1.364271804521816,0 103.8924030301915,1.363993349996359,0 103.8926020120457,1.363644619668997,0 103.8927211042759,1.363390825116926,0 103.8928275104362,1.363024419864331,0 103.8928957726306,1.362533602424248,0 103.893049928046,1.361469533269709,0 
					</coordinates>
				</LineString>
			</Placemark>
			<Placemark>
				<name>Untitled Path</name>
				<styleUrl>#msn_ylw-pushpin352</styleUrl>
				<LineString>
					<tessellate>1</tessellate>
					<coordinates>
						103.8770322827891,1.37500538877279,0 103.8745822757908,1.375132863646568,0 103.8710899358162,1.375309744424366,0 103.8691386242197,1.375397002939013,0 103.8688826621159,1.375404523788825,0 103.8687555571523,1.375379374580299,0 103.8686522842395,1.375330400170095,0 103.8685728434962,1.375265542273865,0 103.868510614819,1.375196713493924,0 103.868461626254,1.375119942949253,0 103.86843003313,1.375032909700669,0 103.8684088493327,1.374924372430125,0 103.8684035536791,1.374809217076232,0 103.8683699824479,1.374072142871947,0 103.8683514477763,1.373652145922845,0 103.8683209981889,1.372899688737647,0 103.8682931959317,1.372329805084358,0 103.8682826055191,1.371894282710333,0 103.8679488076881,1.371898507120875,0 103.8676866916252,1.371888427220972,0 103.8672485509403,1.371843319395556,0 103.8669259297054,1.371782847617477,0 103.8665125931332,1.371662911270987,0 103.8661952949175,1.371531783029159,0 103.8659740812016,1.371421138569303,0 103.865710731877,1.371259537775324,0 103.8655272512725,1.37113859524339,0 103.8652004235692,1.37088480195684,0 103.8649113213971,1.370649934586426,0 103.8648034505762,1.370585431619652,0 103.8645702766051,1.37047483207832,0 103.8640677039445,1.370309361085028,0 103.8633803051671,1.370063570013793,0 103.8627328917928,1.369845980113927,0 103.8623210531432,1.369733983318756,0 103.8621218815378,1.369682780921267,0 103.8619438458171,1.369647019980833,0 103.8615310824845,1.369582813017737,0 103.8608987902158,1.369472576311253,0 103.8609128169981,1.369299912665809,0 103.8609152470882,1.369042549963683,0 103.8609079631951,1.368739404734135,0 103.8608727500046,1.368416019339366,0 103.860795036432,1.367900607516051,0 103.8606663208911,1.367372981773056,0 103.8604153948528,1.366614322714325,0 103.8602011276241,1.365992976980115,0 103.8599571238972,1.365289515887115,0 103.8597023169512,1.364588626062355,0 103.8594499824061,1.363916919129695,0 103.8589399792241,1.36249259177634,0 103.8584602222795,1.361118850811315,0 103.8579962282299,1.359737362802914,0 103.8575494336514,1.358474183724995,0 103.8571679191781,1.357378827190938,0 103.857112062272,1.357205502603728,0 103.8570598484448,1.356999126629114,0 103.8570307059035,1.356871659142758,0 103.8569967061987,1.356721126051444,0 103.8569614926477,1.356531376423701,0 103.8569384216005,1.356400266998923,0 103.8569165650242,1.356242450029037,0 103.8568837809832,1.355948966191242,0 103.856850997955,1.355516145493639,0 103.8568400723241,1.35511875645451,0 103.856853433274,1.354706715381384,0 103.8568716501956,1.354435182800392,0 103.8569007966146,1.354055982985622,0 103.8569651598474,1.353564323580542,0 103.8570659521349,1.353047726357663,0 103.8571801012772,1.352591704379355,0 103.8573918364567,1.351833432283164,0 103.8576225613964,1.351114276113259,0 103.8580194965025,1.349977386504444,0 103.858320937599,1.349125928598996,0 103.8586042817493,1.348329878545225,0 103.8588973112812,1.347490595217221,0 103.8591863604575,1.346694600121729,0 103.8594422413506,1.346051046693613,0 103.8597122680002,1.345353477595978,0 103.8600543829936,1.344400361726213,0 103.8604127657102,1.343372556994697,0 
					</coordinates>
				</LineString>
			</Placemark>
			<Placemark>
				<name>Untitled Path</name>
				<styleUrl>#msn_ylw-pushpin352</styleUrl>
				<LineString>
					<tessellate>1</tessellate>
					<coordinates>
						103.8376169386405,1.342644853056665,0 103.8378981165925,1.342845153912594,0 103.8380474622756,1.342976127111247,0 103.8381352349275,1.343090073005898,0 103.8382085966067,1.34321842535652,0 103.8382649273219,1.343352622359577,0 103.8383173275711,1.343504382323383,0 103.8383566264327,1.34370214856311,0 103.8383854428455,1.344022644534647,0 103.8385085649162,1.345564785243607,0 103.8385478580708,1.346131912239285,0 103.8385517841632,1.346395030233426,0 103.8385347497927,1.346616370312302,0 103.838491514071,1.346841639201207,0 103.8384404179038,1.347062064967875,0 103.8383709812627,1.347255900524198,0 103.8382949942705,1.347446171006727,0 103.8382085269946,1.347619051001272,0 103.8380971683935,1.347794827881783,0 103.8379556773905,1.348005688673882,0 103.8373799254328,1.348887205718515,0 103.837042199187,1.349376184419953,0 103.8368273435909,1.349619786813614,0 103.8363747289532,1.350110822999155,0 103.8361695459562,1.350380660755412,0 103.8359887847839,1.350687751061928,0 103.8358983863356,1.350902541624769,0 103.8357693759643,1.351292246749492,0 103.8356567043775,1.351619671409801,0 103.8355896052747,1.35180235633963,0 103.8355267191419,1.351964758811461,0 103.8354769347452,1.352065605324852,0 103.835435011122,1.35214549671179,0 103.8353780791423,1.352261886573251,0 103.8353043906818,1.352371774422377,0 103.83521347999,1.352486951843577,0 103.8349836201706,1.352723098751306,0 103.8347677272596,1.352930544278153,0 103.8344622302855,1.353196012596705,0 103.8341006402972,1.353488328086178,0 103.8338422820716,1.353719808955069,0 103.8336379177117,1.353940027693058,0 103.8333665874244,1.354189117308163,0 103.8331043779691,1.354414240608106,0 103.8328798691677,1.354563773411767,0 103.8327115510232,1.354663652165956,0 103.8325567345922,1.354732036994978,0 103.8318820739842,1.355000074461553,0 103.8316885533413,1.355090954366165,0 103.8314158235645,1.355216026894262,0 103.8310930643324,1.355359028622976,0 103.8308071428937,1.355496816873904,0 103.8306235218783,1.355615592005496,0 103.8305389117341,1.355683978211274,0 103.8303188573107,1.35587933111971,0 103.830095776933,1.356099811920352,0 103.8298341658451,1.356388073329952,0 103.8295495553191,1.3566794164865,0 103.8291592239139,1.357075079929148,0 103.8290431096799,1.35721905138443,0 103.8288477839336,1.357526791911985,0 103.828733238681,1.35783357690813,0 103.8287017342713,1.358074929458375,0 103.8286981283256,1.358356564643293,0 103.8287197246327,1.358652170725489,0 103.8287674227459,1.358989430042714,0 103.8288147113923,1.35942047887292,0 103.8293453569833,1.35940606171785,0 103.8301617158645,1.359397198886672,0 103.8309193828662,1.359377236474601,0 103.831625522871,1.359370590680456,0 103.8317128301455,1.359381959514455,0 103.8318132531941,1.359420513257605,0 103.8318887708227,1.35947673613521,0 103.8319458101817,1.359549021935801,0 103.8319859781023,1.359636567541689,0 103.8320148979892,1.359756239521996,0 103.8320317657713,1.359943001773004,0 103.8320703203295,1.360389730255332,0 103.8320663013198,1.360504582694241,0 103.8320598716423,1.360651561820625,0 103.8320213001226,1.361125249788037,0 103.8320100458986,1.361492590164928,0 103.8320196839339,1.361633569438862,0 103.8320317327939,1.361749225479864,0 103.832088768816,1.362011365937566,0 103.832182758464,1.36240872947257,0 103.8322485022926,1.362687369374743,0 103.8322770980701,1.362761980138254,0 103.8323186938281,1.362849647735089,0 103.8323591656128,1.362923828118466,0 103.8324063829852,1.36299463686203,0 103.8324839550614,1.363081181313647,0 103.8325904784135,1.363161663194261,0 103.8326714236491,1.363214489547149,0 103.8328175755081,1.363276308597575,0 103.833194199575,1.363402196463241,0 103.832900755254,1.364148508116171,0 103.8328647759499,1.364289583523579,0 103.832823176181,1.364421083086174,0 103.8327635884979,1.364548086596138,0 103.8326792675626,1.364655982777661,0 103.832581456134,1.36473353248909,0 103.8325038818887,1.364776240619775,0 103.8324044418808,1.36481601748269,0 103.8322976372996,1.364836246270672,0 103.8321705962656,1.364854226833066,0 103.8320592949236,1.364869959817283,0 103.8319603603951,1.364885693071027,0 103.8318636742405,1.364909293903737,0 103.8317242658742,1.364964364134143,0 103.8312224587342,1.365226066294642,0 103.8309335219772,1.365377792570627,0 103.8304627589557,1.365632104232184,0 103.8299127604873,1.36596459539308,0 103.8298115806179,1.365789259446717,0 103.8295192698081,1.365972455719066,0 103.8293562582928,1.365703832203764,0 103.8282615751513,1.366098226475656,0 103.8281127559911,1.366145304473518,0 103.8276644313383,1.36470319409344,0 103.8275372292772,1.364047854578934,0 103.8271736700388,1.36362026159046,0 103.8270851518132,1.362683656819615,0 103.8266989780429,1.362710013982435,0 103.8266688399883,1.362587602497904,0 103.8253708968607,1.363282490624719,0 103.8252107759167,1.363129943759145,0 103.8245005066374,1.361677291732521,0 103.8243027055544,1.361782748761306,0 103.8206433916353,1.361173911171444,0 103.8190909625057,1.357379178998082,0 103.8184800980191,1.354844558077784,0 103.8189681656289,1.354143672619894,0 103.8235076889529,1.352285069825485,0 103.8266916257356,1.354143864025054,0 103.8298009081791,1.353075151626762,0 103.8320611766303,1.350791753409307,0 103.8320694629203,1.350046481997454,0 103.8323483540984,1.34975606023654,0 103.8331966365301,1.349597307125858,0 103.8332934772576,1.349368838174767,0 103.8338589961643,1.349519868229525,0 103.833998450241,1.349121013427421,0 103.835597245738,1.347344821265509,0 103.8352370183359,1.347267369280081,0 103.834625012173,1.347581021131112,0 103.8352370252422,1.346934345274314,0 103.8357948171913,1.346237319541226,0 103.8368106199194,1.346317691686266,0 103.8370972988362,1.343417304218349,0 103.8359559805842,1.342659726367734,0 103.8359715447211,1.342452706063058,0 103.8364818679479,1.34196371394892,0 
					</coordinates>
				</LineString>
			</Placemark>
			<Placemark>
				<name>Untitled Path</name>
				<styleUrl>#msn_ylw-pushpin352</styleUrl>
				<LineString>
					<tessellate>1</tessellate>
					<coordinates>
						103.819007365104,1.38781987842699,0 103.8176660122429,1.388608164473529,0 103.8158026678625,1.388920521608762,0 103.8136731202009,1.388908907374818,0 103.811983349614,1.388631184148205,0 103.8118791851175,1.38860804118625,0 103.8118676111795,1.388608040909866,0 103.805700119817,1.386976596272654,0 103.7930996321167,1.383133614792109,0 103.7889539866238,1.382328718832429,0 103.7834799249842,1.381986441204665,0 103.7755619686529,1.381819719322602,0 
					</coordinates>
				</LineString>
			</Placemark>
			<Placemark>
				<name>Untitled Path</name>
				<styleUrl>#msn_ylw-pushpin352</styleUrl>
				<LineString>
					<tessellate>1</tessellate>
					<coordinates>
						103.8189674910023,1.354143741989826,0 103.8154897110574,1.354559224124864,0 103.8092845911419,1.354059845448362,0 103.8023417384775,1.352585810875211,0 103.7923731734857,1.349448371874016,0 
					</coordinates>
				</LineString>
			</Placemark>
			<Placemark>
				<name>Untitled Path</name>
				<styleUrl>#msn_ylw-pushpin352</styleUrl>
				<LineString>
					<tessellate>1</tessellate>
					<coordinates>
						103.8568509445644,1.355522902215634,0 103.8565161936075,1.355558154275945,0 103.8563255747045,1.355617778959418,0 103.8561010422413,1.355704292952206,0 103.8558671543092,1.355822372653887,0 103.8556051995255,1.355993062103207,0 103.8551092428697,1.356360442159342,0 103.8547856134658,1.356721042625864,0 103.8546367745566,1.356935714231789,0 103.8544964408373,1.357181227227818,0 103.8543958678334,1.357381145368408,0 103.8540288496244,1.358145324344744,0 103.8537431431117,1.358687265582873,0 103.853487415344,1.359096091883788,0 103.8533166755167,1.359325237363534,0 103.8532008994976,1.359474883733858,0 103.8530745979604,1.359608162911123,0 103.8528208849797,1.359880881571061,0 103.852553082276,1.360129901051401,0 103.8523858515806,1.360257333559776,0 103.8521122003723,1.360466604009231,0 103.8518110410933,1.360715777050556,0 103.8513756471061,1.361068070711348,0 103.8508976634206,1.361460010076433,0 103.8504239731997,1.361846257510153,0 103.8499872486968,1.362207427228739,0 103.8495879559089,1.362528458236683,0 103.8493667942226,1.362680106531035,0 103.8491831905794,1.362781818771996,0 103.8490218060623,1.362868332838391,0 103.8488071408168,1.362979574575501,0 103.8484907880758,1.363134103077336,0 103.8482744391677,1.363239322514182,0 103.8478783773682,1.363428668295296,0 103.8475552433323,1.363565041026717,0 103.8472956262053,1.363673767243247,0 103.8470500417468,1.363766126351951,0 103.8468022632691,1.363851835309216,0 103.846438565757,1.363945361990276,0 103.8460468022089,1.364041226503625,0 103.8452901702822,1.364154625567521,0 103.8446719452852,1.364207342613655,0 103.8441467328993,1.364261005030866,0 103.8439108634705,1.36425652484243,0 103.8437073808789,1.364215604398512,0 103.8435448290119,1.364144287456657,0 103.8432700107745,1.364039065483494,0 103.8430793915956,1.363994637820136,0 103.8429916831708,1.36398060780334,0 103.842854857552,1.363994636103343,0 103.8427479167513,1.364034772533009,0 103.842593549893,1.364103748796834,0 103.8424672495114,1.364180909052928,0 103.8422848155815,1.364274436425965,0 103.8421222618298,1.364369133168271,0 103.8420111638182,1.364417065930428,0 103.8418731683148,1.36445915300596,0 103.8412738266388,1.36456149321945,0 103.8409124669858,1.364643328138724,0 103.8402880786695,1.364866622893776,0 103.839855802185,1.365038616829417,0 103.8392389839235,1.365257235075615,0 103.8384920194706,1.365536366382111,0 103.8379109931699,1.365747103389375,0 103.8373496685026,1.365957350140681,0 103.8366940051868,1.366178193346654,0 103.8357636279201,1.366521161533547,0 103.8348516814826,1.366832065203868,0 103.8341014203343,1.367087869929791,0 103.8334702162975,1.367307552383096,0 103.8326969666738,1.367519347403769,0 103.831965457569,1.367664308296815,0 103.8313558450983,1.367749645840816,0 103.830709615875,1.367829144316896,0 103.8298379679974,1.367907463417276,0 103.828350183051,1.368004018231779,0 103.8283369253801,1.367697182531027,0 103.8282903899119,1.366968695329743,0 103.8282390770801,1.36653944400884,0 103.8281129202712,1.366145108068994,0 
					</coordinates>
				</LineString>
			</Placemark>
			<Placemark>
				<name>Untitled Path</name>
				<styleUrl>#msn_ylw-pushpin352</styleUrl>
				<LineString>
					<tessellate>1</tessellate>
					<coordinates>
						103.8432798256345,1.364042654011237,0 103.8431963666862,1.363759636575945,0 103.8431452807955,1.363648282204868,0 103.8430905332732,1.363574318766518,0 103.8429677211676,1.363447101604272,0 103.8428537869983,1.363352428266628,0 103.8426984226309,1.363186750447837,0 103.8426022450426,1.363044741242344,0 103.8425474980619,1.362930838193018,0 103.8425031090798,1.362779953803203,0 103.8424498424822,1.362565461136664,0 103.8423950960181,1.362359843610581,0 103.8421479972802,1.361573199841346,0 103.8418002810869,1.360520241781394,0 103.8416952274763,1.360096368421257,0 103.8416478786842,1.359899625932754,0 103.8416108886587,1.359796795184449,0 103.841529506694,1.359681412075158,0 103.8414496042577,1.359564549494617,0 103.8413785795411,1.359463958725112,0 103.8413208719587,1.359358930132958,0 103.8412853597212,1.359253901614186,0 103.8412661238314,1.359165145153456,0 103.8412029903913,1.358681919565374,0 103.8411822777528,1.358403500072569,0 103.8411778400137,1.358240781376596,0 103.841182280191,1.358067707819726,0 103.8412325937355,1.357606508955661,0 103.8413450567335,1.356861408669659,0 103.8413642938788,1.356701648894588,0 103.8413746529621,1.356515262332622,0 103.8413761336716,1.35636289848198,0 103.8413702185335,1.356004251405227,0 103.8413583818517,1.355887389749648,0 103.8413243503915,1.355674375577379,0 103.8413258304524,1.355585619737734,0 103.8413384248973,1.355473604754773,0 103.8413792558074,1.355247977767387,0 103.8413826592938,1.355132329754191,0 103.8413667824024,1.355034822470577,0 103.8413225525749,1.354906702197578,0 103.8408499839299,1.35376378604034,0 103.8407868509067,1.353616880576546,0 103.8407085971231,1.353501231348481,0 103.840615599788,1.353404856872115,0 103.840430739599,1.353231383041484,0 103.8403229993085,1.353115734172802,0 103.8402560872631,1.353012557556793,0 103.8402197963667,1.352916184057025,0 103.8399033857004,1.352025820986709,0 103.8398573593544,1.351831871344835,0 103.839795615221,1.351552132254049,0 103.8397071562996,1.35131403289473,0 103.8396350332408,1.350981066522097,0 103.839590805109,1.350715193515349,0 103.8395794662261,1.350478228695928,0 103.8395919440931,1.350226524262636,0 103.8395749362656,1.349798661993989,0 103.8395239047425,1.349403836643374,0 103.8394456566078,1.348778868651596,0 103.8394001751797,1.348338635476402,0 103.8390735827494,1.348470245063496,0 103.8388761080227,1.348549970230674,0 103.8386925577127,1.348600588981945,0 103.8385802872517,1.348610712660392,0 103.838436710042,1.348605761649744,0 103.8383129366136,1.348582002452347,0 103.8381644084951,1.348531515255658,0 103.8380119195392,1.348449350601452,0 103.8378643812405,1.348352336987005,0 103.8377701376149,1.348290162632362,0 
					</coordinates>
				</LineString>
			</Placemark>
			<Placemark>
				<name>Untitled Path</name>
				<styleUrl>#msn_ylw-pushpin352</styleUrl>
				<LineString>
					<tessellate>1</tessellate>
					<coordinates>
						103.828332193364,1.367620355847014,0 103.8282201825484,1.367656513862067,0 103.8281688435865,1.367723000294168,0 103.8274066497392,1.369030973531898,0 103.8273517731616,1.369171671455692,0 103.8273272691294,1.369282483231817,0 103.8273214331755,1.369409625661719,0 103.8273237651255,1.369506440699179,0 103.8273598456292,1.369607575206202,0 103.8274253266556,1.369721332987215,0 103.8275477013317,1.369901628485055,0 103.8277763493892,1.370189243241125,0 103.8278364633643,1.370274025223744,0 103.8278654464922,1.370345928654225,0 103.8279427334337,1.37061805310858,0 103.8279609811778,1.370725371075971,0 103.8279706409905,1.37083912800114,0 103.8279749307518,1.371139030387807,0 103.8279470158655,1.371449178249551,0 103.8278997771959,1.371829651962281,0 103.8278063783527,1.3722337301613,0 103.8277204960592,1.372484852450538,0 103.827601336254,1.372696182263921,0 103.827485397499,1.372859303633801,0 103.8273683858307,1.372970912599929,0 103.8272642563136,1.373051399705991,0 103.8271386570356,1.373116862144794,0 103.8270334545045,1.373143690468922,0 103.8268681362677,1.373163005889604,0 103.8267236002214,1.373181424239001,0 103.8265786789818,1.373221129817789,0 103.8264595209749,1.373279079851512,0 103.8263918903517,1.373332737925371,0 103.8263403624264,1.373384877621865,0 103.8262963478117,1.373488975284025,0 103.8262748766695,1.373578048813767,0 103.8262813162893,1.37366283004611,0 103.8263070785628,1.373755123847027,0 103.8263521636303,1.373848491081186,0 103.8264090573323,1.373957888656905,0 103.8264745381007,1.374093110004118,0 103.8265142558371,1.374178964847333,0 103.8265389447441,1.374262673126281,0 103.8265593397518,1.374342088722041,0 103.8265679264951,1.374416138302097,0 103.8265679249658,1.374540668724463,0 103.826559335648,1.374631888828345,0 103.8264906261251,1.375074680395903,0 103.8263102649229,1.376088929528314,0 103.826304896075,1.376172637549295,0 103.8263038218944,1.376255292671185,0 103.8263231432625,1.376355098534986,0 103.8263682283049,1.37645490476119,0 103.8264283001606,1.376560466236291,0 103.8265259862188,1.376678517277273,0 103.8266376276413,1.376785836688076,0 103.8267814736505,1.376891010176434,0 103.8269399334441,1.37699464887924,0 103.8270708985558,1.37705367547594,0 103.8274498380677,1.37719748647381,0 103.8275765021368,1.377256476761752,0 103.8276688063278,1.377313690585198,0 103.8277463416609,1.377374595330153,0 103.8278008006481,1.377440113674951,0 103.8278395675121,1.377526855825485,0 103.8278922941593,1.377689481201575,0 103.8279116777583,1.377721778866439,0 103.8279347537523,1.377740234837886,0 103.8279661372772,1.377751308663343,0 103.8280178278901,1.37776330555306,0 103.8281350547644,1.377792836222774,0 103.8282384357142,1.377837131235824,0 103.8283741229618,1.377921106421873,0 103.8289490878529,1.378315130405298,0 103.8296955594397,1.378838313317752,0 103.830579848569,1.379436315597183,0 103.831478706434,1.380024948028757,0 103.8321790241081,1.380423906963058,0 103.8323045593384,1.380477430168367,0 103.8324273258364,1.380519880032779,0 103.832986809607,1.380686405881233,0 103.8338572618922,1.380894528328354,0 103.8342805592977,1.381044228183813,0 103.8343856661941,1.380832641877829,0 103.8345061351699,1.380612060116695,0 103.8346860983496,1.380350976207222,0 103.8350109093816,1.379912179268111,0 103.8355928199201,1.379135223033176,0 103.8360373049459,1.378489425152997,0 103.8363949543947,1.377998882508956,0 103.835633933148,1.377385011572801,0 103.8351417476345,1.376995081935334,0 103.8342802665318,1.376306237583506,0 103.83400345647,1.376077421123451,0 103.8338153208596,1.375892930013119,0 103.8335760095602,1.375614565385606,0 103.8333878770681,1.375324653981924,0 103.8333039966127,1.375155738742112,0 103.8332201163098,1.374950883920833,0 103.8331697881755,1.37480472994931,0 103.8331275300993,1.374641267939583,0 103.8330927805818,1.374495114810021,0 103.8330628247719,1.374326842748294,0 103.8330460503334,1.374153136535019,0 103.8330364652553,1.374023755252394,0 103.8330436580004,1.373797317147,0 103.8330556435084,1.373602159876415,0 103.8330724221378,1.37340808840535,0 103.8331203620413,1.372803407025564,0 103.8331467310307,1.372307438028276,0 103.8331503269654,1.372222382064497,0 103.8331455346,1.372145711796976,0 103.8331359489717,1.372067843424362,0 103.833120372028,1.371966015455972,0 103.833100002184,1.371849353670354,0 103.8330700456639,1.37173674398779,0 103.8330305024583,1.371634915918461,0 103.8329753814931,1.371498346414099,0 103.8329226566734,1.37139891399874,0 103.8326331822939,1.370906714688381,0 103.8322476078112,1.370264991993301,0 103.8319268813613,1.369751506871436,0 103.8317855493676,1.369556560350848,0 103.8315195276189,1.369236698325147,0 103.831207761825,1.368891966988806,0 103.8311598303189,1.368811702262176,0 103.8310831401625,1.368661954843282,0 103.8310483905116,1.368549345076355,0 103.8310208309897,1.368413973909293,0 103.8309426530115,1.367800267633932,0 
					</coordinates>
				</LineString>
			</Placemark>
			<Placemark>
				<name>Untitled Path</name>
				<styleUrl>#msn_ylw-pushpin352</styleUrl>
				<LineString>
					<tessellate>1</tessellate>
					<coordinates>
						103.8363945009537,1.377999242314774,0 103.8364856464994,1.377879403488285,0 103.8366672564919,1.377690050448098,0 103.836835663716,1.377529060899961,0 103.8370272264014,1.377398586113112,0 103.8372651008734,1.377271268034003,0 103.8375240262759,1.377180777837926,0 103.8377668128005,1.37711883627621,0 103.8379667948614,1.377089375600533,0 103.8382057208817,1.377083064163763,0 103.8391752787909,1.37707096646851,0 103.8400203356951,1.377094123302971,0 103.8408309263833,1.37709202597313,0 103.8411809849966,1.377098342710601,0 103.8419926637505,1.377190945746627,0 103.8427254760709,1.377280391407606,0 103.8434823908536,1.377342479007744,0 103.8438354547184,1.377350899373242,0 103.8444712007188,1.377348750845594,0 103.8448379193283,1.377350300206209,0 103.8451241769642,1.377345661300543,0 103.8452649851066,1.377341021434235,0 103.8454197197178,1.377316272015352,0 103.8455605286211,1.377286881723411,0 103.8457477584164,1.377249757060929,0 103.8459690313185,1.377181694358282,0 103.8468606488147,1.376910892129133,0 103.8481976757569,1.376628300716115,0 103.849249974635,1.376402995074189,0 103.8501073259526,1.376282037395538,0 103.8514103776282,1.376165631273658,0 103.8530025336216,1.375995435327227,0 103.8545414164797,1.375831495927865,0 103.8552350857522,1.375796173060998,0 103.8555520305208,1.375800455643577,0 103.8558978879565,1.375829358620139,0 103.8562546173974,1.375879670306869,0 103.8565169534123,1.375946038721058,0 103.857260774814,1.376150495872937,0 103.85832569294,1.376452079053156,0 103.8592061438801,1.376751923827349,0 103.8601794297702,1.377026852439365,0 103.8612079929166,1.377329516411528,0 103.8621942838134,1.377621124660346,0 103.863561778291,1.377979666336479,0 103.864850846497,1.378298391162127,0 103.8650264516834,1.378329433842084,0 103.8652555959768,1.378358335595349,0 103.865721463573,1.378402223139385,0 103.865984871772,1.378417209034038,0 103.8662193707884,1.378432195035405,0 103.8671926342279,1.378467517508716,0 103.8684223259725,1.378525318803719,0 103.8708459084353,1.378668751143025,0 103.872046177057,1.378708351861276,0 103.8738214612062,1.378795050305252,0 103.8754320731876,1.378859268748555,0 103.8766367816554,1.378924302379919,0 
					</coordinates>
				</LineString>
			</Placemark>
			<Placemark>
				<name>Untitled Path</name>
				<styleUrl>#msn_ylw-pushpin352</styleUrl>
				<LineString>
					<tessellate>1</tessellate>
					<coordinates>
						103.8342808248518,1.381043917149313,0 103.8346980827838,1.381262765051963,0 103.8351457679266,1.381531713921798,0 103.8353972516988,1.381713292562598,0 103.8357723879824,1.382070343214282,0 103.8362284506007,1.382631950526813,0 103.8365667820023,1.383072188668915,0 103.8369173515167,1.383543487562189,0 103.8370972318495,1.383751254803838,0 103.8379098965097,1.384704023251945,0 103.8385867141758,1.38535126968432,0 103.8391935207949,1.385914997483699,0 103.8398720285921,1.386470967643915,0 103.8407061985433,1.387102543386049,0 103.8410534244499,1.387403727222221,0 103.8411948845726,1.387564353400812,0 103.8413171337494,1.387719741773403,0 103.8414935223729,1.387880368423212,0 103.8417257973615,1.388011314937166,0 103.8428222345295,1.388631146715911,0 103.8439232816769,1.389464996022175,0 103.8452492481062,1.39040649957789,0 103.8460787947798,1.391012714777505,0 103.8467595685239,1.391382800329289,0 103.8472322957893,1.391631626042128,0 103.8477748550627,1.391842859735115,0 103.8483926193125,1.392043354206974,0 103.8492555797014,1.392265682867441,0 103.8497569537272,1.392356980635805,0 103.8502475855652,1.392390996067941,0 103.8507418013933,1.392408901404064,0 103.8514640953155,1.392417853405767,0 103.8520406814822,1.392373105657774,0 103.85249300536,1.392317614554923,0 103.8534912707702,1.392102804191823,0 103.8545681406462,1.391877255321418,0 103.8556245360641,1.391667816728894,0 103.8565718507511,1.391447636574098,0 103.8574272023348,1.391236406022421,0 103.8590231764013,1.390920820243108,0 103.8605279332435,1.390508947643825,0 103.8621057650652,1.390087898692269,0 103.8637318274897,1.389606274676814,0 103.8654865370468,1.389135475018117,0 103.8671344048124,1.388700549697095,0 103.8687541552099,1.388237605295321,0 103.8701135609105,1.387881369864258,0 103.8706226437015,1.387799024920975,0 103.8711347696643,1.387688033034983,0 103.8726136155739,1.38734756807301,0 103.872948806157,1.387282948558946,0 103.873231070604,1.387284497959907,0 103.8735102331009,1.38733566146938,0 103.8737320121507,1.387386825078076,0 103.8739987675998,1.387468997250206,0 103.8744144105603,1.387554269360432,0 103.874842428603,1.387664052908049,0 103.8756235654922,1.387969710422407,0 103.8760609214378,1.38815576122981,0 103.8765067164081,1.388362951920758,0 103.8767843287114,1.388442022826418,0 103.8772744170777,1.388552101313704,0 103.8777692284566,1.388639571657782,0 103.8781910775076,1.388661274289554,0 103.8788308572454,1.388653342672933,0 103.879325320602,1.388602518227911,0 103.8798060993506,1.388512588728257,0 103.8801410940684,1.388419559233131,0 103.8807412257619,1.388213452428627,0 
					</coordinates>
				</LineString>
			</Placemark>
			<Placemark>
				<name>Untitled Path</name>
				<styleUrl>#msn_ylw-pushpin352</styleUrl>
				<LineString>
					<tessellate>1</tessellate>
					<coordinates>
						103.8688141127653,1.388221874924919,0 103.8689710216757,1.38945312714472,0 103.8690947584825,1.390589130062374,0 103.8691730425843,1.391595308139089,0 103.8691604195136,1.392627759906965,0 103.8691376950447,1.393444700569471,0 103.8691376965966,1.394004615193007,0 103.869117497504,1.394878483699859,0 103.8690693341958,1.395701488326443,0 103.8690227459005,1.396618098985975,0 103.8690077723049,1.397345582482217,0 103.8689878076331,1.398377093781523,0 103.8689678425162,1.399228811950727,0 103.8689811560361,1.399830223583736,0 103.8689828218082,1.400553992027002,0 103.8689848158516,1.401003226442165,0 103.8696715599493,1.401026211122467,0 103.8703941438162,1.401050728095914,0 103.8711763466377,1.401076777127775,0 103.8719935591937,1.401107423211041,0 103.8727266689018,1.401125809983567,0 103.873702459507,1.401157987177547,0 103.8744576821319,1.401185567788758,0 103.8755625131127,1.401208548959482,0 103.8768020612912,1.401231528812085,0 103.878078973214,1.401259104966762,0 103.879672225576,1.40129893810643,0 103.8810732745611,1.401321914406885,0 103.8825800905591,1.401354083820151,0 103.8842462840997,1.401337211840657,0 103.8851197009581,1.401305019321597,0 103.8859290796791,1.401249844052348,0 103.8865505253357,1.401193137478303,0 103.8873605847701,1.401121103345591,0 103.8875491351832,1.401113439412075,0 103.8877315544059,1.40109198342159,0 103.8885371737686,1.400995429522671,0 103.8895181063445,1.400857496838391,0 103.890349407531,1.40074868229432,0 103.8914863073594,1.400601552036456,0 103.8926099622246,1.400462083899056,0 103.8936161360992,1.400330278693482,0 103.8946160142296,1.400197454124751,0 103.8953986757782,1.400076742251511,0 103.8963515994399,1.399882106639175,0 103.8971415591101,1.399688697079529,0 103.8979331576764,1.399458157766468,0 103.8989002925297,1.399138155361231,0 103.89961962955,1.398862883288111,0 103.9013136961037,1.398123088927828,0 103.9023327075122,1.397597178450085,0 103.9030440389894,1.397206877047759,0 103.9039572068486,1.396661109636721,0 103.9047581021375,1.396055681551004,0 103.9054429758848,1.395509919570165,0 103.9065441163012,1.394586766635254,0 103.9074831146394,1.39367020380315,0 103.9085778817104,1.392506398544126,0 103.9097517665092,1.391171338264906,0 103.9115231404261,1.389128182212297,0 103.9130286710783,1.3873935562181,0 103.9143539275318,1.385900473523906,0 
					</coordinates>
				</LineString>
			</Placemark>
			<Placemark>
				<name>Untitled Path</name>
				<styleUrl>#msn_ylw-pushpin352</styleUrl>
				<LineString>
					<tessellate>1</tessellate>
					<coordinates>
						103.8868477117104,1.401166436538321,0 103.886847720752,1.402008490611768,0 103.886936920629,1.402916005274917,0 103.8870793048465,1.403335147310224,0 103.887256050136,1.403699228722554,0 103.8875720459904,1.404116849988151,0 103.8878344816434,1.404336367507071,0 103.888209389332,1.404641550525979,0 103.8887663932776,1.404973502501589,0 103.8894037331995,1.405241204449438,0 103.8911315413358,1.406068960036575,0 103.8917517253003,1.406628734146566,0 103.8923462238466,1.407335476163099,0 103.8950617582941,1.410372446944683,0 103.895825311572,1.411737576672929,0 103.8965437869326,1.413356187949745,0 103.8980592912447,1.416780242966337,0 103.8993221368754,1.41966216608725,0 
					</coordinates>
				</LineString>
			</Placemark>
			<Placemark>
				<name>Untitled Path</name>
				<styleUrl>#msn_ylw-pushpin352</styleUrl>
				<LineString>
					<tessellate>1</tessellate>
					<coordinates>
						103.8419830175627,1.388156819182788,0 103.8418661354328,1.388342685011127,0 103.8417920747864,1.38843080451515,0 103.8416971489986,1.388514536473492,0 103.8416133909924,1.388577335282246,0 103.8415024115254,1.388663160355611,0 103.8414039956243,1.388736425673664,0 103.8413258209911,1.388807597924066,0 103.8412497400697,1.388893423564424,0 103.8411848264648,1.388990413824511,0 103.8408422871938,1.389574229139073,0 103.8407263864375,1.389729110137487,0 103.8406007482236,1.389893783783573,0 103.8404316895888,1.390090760688577,0 103.8402259012212,1.390301377010246,0 103.8401079412078,1.390409531193698,0 103.8398630034623,1.390614199415583,0 103.8396207309788,1.390780326379916,0 103.8392203967773,1.391030762385956,0 103.8389686516958,1.391194037248272,0 103.8388384796378,1.391349947792852,0 103.8387770770567,1.391462891356064,0 103.838709533634,1.391606526481943,0 103.8386398056887,1.3917217632029,0 103.8385833159525,1.391801559969499,0 103.8384838447858,1.391920641380946,0 103.8383935592683,1.392006613531641,0 103.8382143612589,1.392136818285624,0 103.8380668279167,1.392215839266945,0 103.8379523164667,1.392263900866858,0 103.8377932241551,1.392314583649699,0 103.8375738161891,1.39235215784261,0 103.8372647849061,1.3923869293342,0 103.8371695038131,1.392403531817109,0 103.8370315352441,1.392438652230838,0 103.8369117784038,1.392474479478247,0 103.8368025107829,1.392515550137939,0 103.8367190327283,1.392550522138302,0 103.8365984021068,1.392614313195208,0 103.836457666088,1.39269208597889,0 103.8363300414313,1.392793453532511,0 103.8360769924116,1.392911878529085,0 103.8357249618982,1.393095600413948,0 103.8353522240531,1.393297435090474,0 103.8350633827513,1.393446613977545,0 103.834809071675,1.393659104238113,0 103.8345636167687,1.393848827612398,0 103.8338133870821,1.394340274913103,0 103.8330094553331,1.394827843154206,0 103.8319953219933,1.395450630764446,0 103.831233283801,1.395996923474757,0 103.8304988933277,1.396513172423239,0 103.829766613032,1.397036678462022,0 103.8292985252393,1.39752647014779,0 103.8290108378237,1.397901742669741,0 103.8287375118994,1.398316147919557,0 103.8283134723374,1.399092037599162,0 103.8280277617733,1.399823018886349,0 103.8278011523602,1.400531724758807,0 103.8276126854099,1.40138901005891,0 103.8275049865971,1.402077833691611,0 103.827420617142,1.402969587829205,0 103.8281421237312,1.403231426665738,0 103.8287469555568,1.403377925233604,0 103.8288470207685,1.404265681347125,0 103.8290093921252,1.405073404423702,0 103.8294339880057,1.40617602411467,0 103.8301732169358,1.40730064550925,0 103.8307660089357,1.407798429658782,0 103.831431387813,1.408095393300728,0 103.832841357569,1.408428001963144,0 103.8348709704527,1.408615261387912,0 103.8363799001871,1.408550812617083,0 103.8379533302018,1.408189823207532,0 103.8389979986508,1.407687001843724,0 103.8399910949784,1.40695209860691,0 103.8409455117081,1.406307437638027,0 103.8419386346633,1.405740126456799,0 103.84305337803,1.405521030085525,0 103.8439948486456,1.405611284826495,0 103.8448202477232,1.405882040818397,0 103.8457875119225,1.406488015500569,0 103.8515359640194,1.411406785152177,0 103.8536463267426,1.413627497110192,0 103.8583486150422,1.419697604774028,0 103.8628366173287,1.427335511712039,0 103.8668352041717,1.432887278201939,0 103.8694269852176,1.435700270756131,0 
					</coordinates>
				</LineString>
			</Placemark>
			<Placemark>
				<name>Untitled Path</name>
				<open>1</open>
				<styleUrl>#msn_ylw-pushpin4</styleUrl>
				<LineString>
					<tessellate>1</tessellate>
					<coordinates>
						103.7456560137031,1.323373591378394,0 103.7456700295421,1.322495961247578,0 103.7456626043166,1.322078742950129,0 103.7456455981205,1.321851636861435,0 103.7455999079593,1.321550972603464,0 103.7455296208974,1.321280047666388,0 103.7453906150217,1.320923403996043,0 103.7452291224337,1.32062900609055,0 103.7449731254662,1.320196322687508,0 103.7447892924104,1.319940384679559,0 103.7446309562979,1.319708319768694,0 103.7444946797825,1.319448194129187,0 103.7444539397154,1.319335698731327,0 103.744409403228,1.319161998653463,0 103.7443211047745,1.318806108236175,0 
					</coordinates>
				</LineString>
			</Placemark>
			<Placemark>
				<name>Untitled Path</name>
				<styleUrl>#msn_ylw-pushpin352</styleUrl>
				<LineString>
					<tessellate>1</tessellate>
					<coordinates>
						103.8282161424307,1.377827470751538,0 103.8281391724093,1.378074835755207,0 103.8280730411386,1.378273667776101,0 103.8280033891142,1.37846834326661,0 103.8279195228962,1.378680502881937,0 103.8277784338068,1.37899940853288,0 103.8276341751387,1.379297291758294,0 103.8274173592505,1.379707778395226,0 103.8272901389621,1.379974213366351,0 103.8271591633741,1.380226336031176,0 103.8270518326376,1.38045194563268,0 103.8268647588498,1.380799414104342,0 103.8266871224123,1.381172176686987,0 103.8263582072696,1.381829783275059,0 103.8257791301571,1.38292574749541,0 103.8254968934086,1.383394905656067,0 103.8253581699262,1.383598448682276,0 103.8252104969244,1.38376173023848,0 103.8250538735819,1.383922775277811,0 103.8249196246966,1.384054743005244,0 103.8247674758667,1.384177763858519,0 103.8245974268924,1.384291837791694,0 103.822177914443,1.38581798373583,0 103.8205942666673,1.386815810722595,0 103.8192932439743,1.387621221455437,0 103.8190092559656,1.387816455486829,0 103.8186960097241,1.388143017240584,0 103.8184722599816,1.388422609701078,0 103.818324582421,1.388682073525781,0 103.81817342379,1.389021079482391,0 103.8180682580801,1.389415728469859,0 103.8180279763948,1.389807161125562,0 103.8180369173802,1.390203068999472,0 103.8181107419955,1.390654898632253,0 103.8182248433234,1.391194781110879,0 103.8184150109085,1.391939497506613,0 103.8187259888599,1.393283170936883,0 103.8188177113794,1.393911700284074,0 103.8188472313676,1.394312462598458,0 103.8196505251247,1.394090356484208,0 103.8203883921692,1.393888996338694,0 103.8211986412085,1.393658346283859,0 103.8218755567466,1.393463086286377,0 103.8225251016886,1.393309320455387,0 103.8234014179943,1.393149776107849,0 103.8239153820159,1.393081438239837,0 103.8247061978556,1.392992478848466,0 103.8252592275019,1.392959535621168,0 103.8263345998381,1.392925939163019,0 103.8276267867668,1.392983216048207,0 103.8286892496511,1.393099044145918,0 103.8297611901217,1.393282466629047,0 103.8307464461461,1.393501242118069,0 103.831866320523,1.393798993644464,0 103.8328023614846,1.39403328864337,0 103.8338859454704,1.394292425561648,0 
					</coordinates>
				</LineString>
			</Placemark>
			<Placemark>
				<name>Untitled Path</name>
				<styleUrl>#msn_ylw-pushpin352</styleUrl>
				<LineString>
					<tessellate>1</tessellate>
					<coordinates>
						103.8307658071663,1.407798011232552,0 103.8296642603468,1.410065016730782,0 103.8290976489358,1.410154445045801,0 103.8283632119144,1.410311036770646,0 103.8278974728121,1.410452547820535,0 103.8273583600708,1.410648106676445,0 103.8265813686372,1.411012978982911,0 103.8259419304568,1.411358130480964,0 103.8252694844442,1.411810587170227,0 103.8245145704591,1.412379273844259,0 103.8237918007675,1.412942454621974,0 103.8230804253285,1.413434518023844,0 103.8229425408293,1.412921668320476,0 103.8228184882523,1.412472521389363,0 103.8227028161878,1.412123148447609,0 103.8225670267672,1.411721693775953,0 103.8223815207102,1.411298928684791,0 103.8222023851364,1.41092100071739,0 103.8220349624536,1.410550500521605,0 103.8217711447611,1.410035059828533,0 103.8215240662095,1.409533801453364,0 103.8212782947586,1.409010934995577,0 103.8210811302456,1.408602215725751,0 103.8208203380287,1.40805346166,0 103.8206058790682,1.407609872451892,0 103.8201781711131,1.406812748773785,0 103.8198917971214,1.406293693395419,0 103.819569223079,1.405639503895896,0 103.8192742555525,1.405142488893969,0 103.8189547815338,1.404703264077348,0 103.818608692909,1.404235094438752,0 103.818240266114,1.403768035159897,0 103.8181214180706,1.403597380913394,0 103.8180334055526,1.403445703210388,0 103.8179512607237,1.403279779572897,0 103.8178783363187,1.403113017769123,0 103.8177433850607,1.402815181199447,0 103.8176143293021,1.402536913423188,0 103.8174859158867,1.402261005322173,0 103.8173467646874,1.401916598214539,0 103.8172645533126,1.401673965563941,0 103.8172168263984,1.40146243026931,0 103.817187492742,1.401220251056499,0 103.817181629938,1.40097481428781,0 103.8171883403689,1.400747150684342,0 103.8172260667953,1.400464076559585,0 103.8172897789545,1.40015569808826,0 103.817409323298,1.399724804224877,0 103.8175250071471,1.399373427055893,0 103.8176768320572,1.39898418507845,0 103.817856224515,1.398499343871462,0 103.8180460821874,1.397968304006241,0 103.8183601536416,1.397136403234791,0 103.8185125236487,1.396710249770489,0 103.8186047186195,1.396376173500939,0 103.818665606528,1.396093449347364,0 103.8187098010427,1.395802348035547,0 103.818752033542,1.395409389185222,0 103.8188040281439,1.395015869928131,0 103.8188354593046,1.394607489352063,0 103.8188472612059,1.394312320872618,0 
					</coordinates>
				</LineString>
			</Placemark>
			<Placemark>
				<name>Untitled Path</name>
				<styleUrl>#msn_ylw-pushpin352</styleUrl>
				<LineString>
					<tessellate>1</tessellate>
					<coordinates>
						103.8188476034364,1.394312632160218,0 103.8177538208658,1.394652565751881,0 103.8171304284498,1.39485342568757,0 103.81669169185,1.394999106567156,0 103.8162993356658,1.395176104153672,0 103.8159981780188,1.395335299493959,0 103.8156277493808,1.395582152460323,0 103.8152970802748,1.395847490908837,0 103.8149131537018,1.396215144732072,0 103.814617427329,1.396558239558707,0 103.8143172597927,1.39698630441713,0 103.8140998966356,1.397368782651106,0 103.8139093319154,1.397790161028293,0 103.8137222040924,1.398329027285276,0 103.8135940254603,1.398702468847827,0 103.8133994975532,1.399279325687027,0 103.8132359048057,1.399718558662047,0 103.8130736923198,1.400126467524613,0 103.8129417847705,1.400453931102638,0 103.8128008705969,1.400759473866769,0 103.812659008402,1.401076258666041,0 103.812466987241,1.401461292869941,0 103.8122270883352,1.4019232323321,0 103.8120070537519,1.402311218414592,0 103.8118220018957,1.40264819677092,0 103.8115633834837,1.403044975011221,0 103.8113406209982,1.403392718085661,0 103.8110591730572,1.403798455142437,0 103.8106085284658,1.404399271256511,0 103.8102363812185,1.404852403743885,0 103.8098511312991,1.405309218618984,0 103.8095999649631,1.405643475083103,0 103.8093095673641,1.406064169348872,0 103.8090421688039,1.406475182726157,0 103.8088116626244,1.40685243535568,0 103.8085783926872,1.407300118497224,0 103.8083730142149,1.407733334142357,0 103.8081214467421,1.408315315510942,0 103.8079479724198,1.408779663595397,0 103.8077651926405,1.40926222157766,0 103.8075679101975,1.409768852063875,0 103.8073715895714,1.410278366124023,0 103.807159957546,1.410832976203932,0 103.806898244255,1.411510452744781,0 103.8067245151245,1.411969929238318,0 103.8065449375707,1.412432513371195,0 103.8063164379541,1.413044834868092,0 103.8061672738972,1.41339555444923,0 103.8060307155345,1.413687470679191,0 103.805882602837,1.413979756883039,0 103.8056374591796,1.41442007465391,0 103.8054053127693,1.414755041829802,0 103.8051206590878,1.415132839640554,0 103.8047785426025,1.415530732048493,0 103.804377096045,1.415944036719757,0 103.8040159642231,1.416255410188294,0 103.8036781638068,1.416532737398319,0 103.8028891928084,1.417189263806646,0 103.8020241409687,1.417916615774238,0 103.801000224743,1.4187714284602,0 103.8002234094494,1.419388674381571,0 103.7994889460583,1.419915660518412,0 103.7989490329541,1.420281070291916,0 103.7979536576597,1.420919553124107,0 103.7969991456818,1.421461200923925,0 103.7960489833909,1.421999106731752,0 103.7948567412492,1.422632317154023,0 103.7939876368008,1.423112829938002,0 103.7932081076995,1.423535815931886,0 103.7922602810171,1.424050385889259,0 103.791325283487,1.424559211874904,0 103.7902604038045,1.425086999409569,0 103.7890852457589,1.425557259217524,0 103.788303433614,1.425819627075678,0 103.7871300849061,1.426137756480582,0 103.7858990022783,1.426377493567945,0 103.7845451104542,1.42654230850994,0 103.7830147126023,1.426582983214314,0 103.7817144330557,1.426500514777105,0 103.7805345582637,1.42634112230862,0 103.779440555568,1.426124037007615,0 103.7784890098024,1.425865183858333,0 103.7774935893081,1.425541416188671,0 103.7766109053824,1.425186081636577,0 103.7758184594289,1.424793976926597,0 103.7749540285227,1.42428423680304,0 103.7740429807006,1.423665955897468,0 103.773219938335,1.423019674698966,0 103.7712782011013,1.421638263704113,0 
					</coordinates>
				</LineString>
			</Placemark>
			<Placemark>
				<name>Untitled Path</name>
				<styleUrl>#msn_ylw-pushpin4</styleUrl>
				<LineString>
					<tessellate>1</tessellate>
					<coordinates>
						103.8606860614225,1.4236762541727,0 103.8580699929357,1.424876636005544,0 103.8567282054478,1.425493634705776,0 103.856363197162,1.425752051086015,0 103.8560152865262,1.426094101686289,0 103.8557448799983,1.426552433404203,0 103.8554853569368,1.426946067235814,0 103.8552678624923,1.427205189727798,0 103.8549416210891,1.427514945315524,0 103.8545602604319,1.427802363626531,0 103.8534734698332,1.428443799095202,0 103.8531499058585,1.428688566110774,0 103.852469185396,1.429231857384357,0 103.8518028514999,1.429855662338117,0 103.8510430280716,1.430616618226541,0 103.8500843429605,1.431531579110308,0 103.8491639009388,1.432392177105624,0 103.8481175214352,1.433415930901499,0 103.847316358827,1.434202699349933,0 103.8469477489628,1.434592448726039,0 103.8465440386603,1.435095801398155,0 103.8462659648642,1.435559489124636,0 103.8459570940207,1.436238191427597,0 103.8457517861253,1.436769967917415,0 103.8455685477419,1.437406271919636,0 103.8454123036121,1.437810968244857,0 103.8451682638367,1.438357283639855,0 103.844880648293,1.438851330380705,0 103.8446306344528,1.439220460564596,0 103.8443121135726,1.439594799922332,0 103.8440111932507,1.439910510974083,0 103.8435493832092,1.440296215485391,0 103.8428205040178,1.440907517848703,0 103.842092174768,1.441509865838072,0 103.8411443994017,1.442247495890612,0 103.8409360251755,1.44238064080908,0 103.8404364957323,1.442663795314767,0 103.8394326423181,1.443268594802391,0 103.8386732023768,1.443752606695554,0 103.8382664769168,1.444075274434222,0 103.8378562473155,1.444415620000864,0 103.8375168668778,1.444725221424944,0 103.8372527345303,1.445004108989648,0 103.8366959869209,1.445632720523861,0 103.8363116568498,1.446191260546724,0 103.8360214830115,1.446772331907615,0 103.8354523126254,1.447615924062928,0 103.8350348870189,1.448219253361761,0 103.8341497609318,1.449748135378616,0 103.8335964761928,1.450527069614727,0 103.8330081717418,1.451421894269242,0 103.8335417208404,1.451775773993682,0 103.8340990806095,1.45209504585947,0 103.8360455952215,1.453290152773263,0 103.8380810222736,1.454528906736363,0 103.8405436950093,1.456025830516809,0 103.8428886082455,1.457478958313477,0 103.8450689289162,1.458831663049845,0 
					</coordinates>
				</LineString>
			</Placemark>
			<Placemark>
				<name>Untitled Path</name>
				<styleUrl>#msn_ylw-pushpin4</styleUrl>
				<LineString>
					<tessellate>1</tessellate>
					<coordinates>
						103.805672522984,1.414356076620144,0 103.8058320475165,1.41431186737278,0 103.8060945667613,1.414275934162536,0 103.8063928984422,1.414268753766874,0 103.806727450686,1.414334761082264,0 103.8070566463969,1.414465551450974,0 103.8076535300117,1.414797657435907,0 103.8079646246786,1.414974930718622,0 103.8081639390379,1.415078253158574,0 103.8083632531698,1.415158381653886,0 103.8086374416386,1.415248000116761,0 103.8089559219995,1.415332348303652,0 103.8092485815389,1.415393556195436,0 103.8095554629776,1.415422028481293,0 103.809902419587,1.415435742102242,0 103.8102773890543,1.415414289409711,0 103.8106438780444,1.415376650709207,0 103.8106428235423,1.415373487910321,0 103.8110539576613,1.415279924639613,0 103.8113598325377,1.415169483267938,0 103.811810143551,1.414972347215333,0 103.8125782239943,1.414629805771944,0 103.8133474519031,1.414277687968386,0 103.8141327291497,1.413930236233852,0 103.8145376942287,1.413781593554814,0 103.8150064688153,1.4136681976393,0 103.8155242721606,1.413601789615787,0 103.8160390302933,1.413592485278799,0 103.8165553889444,1.413655269831508,0 103.8171828623232,1.413753327997625,0 103.818023133088,1.41390305029402,0 103.8191035112023,1.414080703203007,0 103.8199390011369,1.414224200513305,0 103.8203787608186,1.414264270107781,0 103.8207175098768,1.414256888049628,0 103.8211024316519,1.414226321808619,0 103.821447279424,1.414165181529615,0 103.8218184927818,1.414068197018619,0 103.822241244754,1.413920109139298,0 103.8226156231094,1.41373351280879,0 103.8230805669877,1.413434560807759,0 103.8237402615034,1.416129085023037,0 103.8240302136107,1.417320975950977,0 103.8243873545348,1.418708259766351,0 103.8247266707912,1.420021563318073,0 103.8249292449699,1.420862661481238,0 103.8250032933427,1.421246044882158,0 103.825075095897,1.421741838104009,0 103.8252366539937,1.42271042567031,0 103.8254004571178,1.423650349197627,0 103.8255394256902,1.424509660994445,0 103.8255890752635,1.424776301333805,0 103.8256541499515,1.425027563578917,0 103.8257528860376,1.425272096086284,0 103.8258852822603,1.425588418144372,0 103.8262689752533,1.426324306319916,0 103.8265427743148,1.426952253865385,0 103.8266370219309,1.427228193913851,0 103.8267200486393,1.427522080920473,0 103.8267851226786,1.427804750784665,0 103.8268367295477,1.428257301351718,0 103.8268434507519,1.428924054033893,0 103.8268075318208,1.429725977760498,0 103.8267289698634,1.430829851572772,0 103.8266840732884,1.431694603981986,0 103.8266481566238,1.432363844422482,0 103.8265763361091,1.432911806301244,0 103.8265022729623,1.433353755464915,0 103.8263608862765,1.433826385510305,0 103.8261377269641,1.434593045686574,0 103.8258899459295,1.435411473213061,0 103.8257627427732,1.435816918484245,0 103.8262966986845,1.43594805612239,0 103.8266740811033,1.436045037023106,0 103.8273683523624,1.436327174209125,0 103.8277447437116,1.436505010732026,0 103.8279898565875,1.436695747585944,0 103.8282707412582,1.436999070551871,0 103.8290340791046,1.437928662090504,0 103.829142626521,1.43808791880584,0 103.8292522521105,1.438287129969036,0 103.8293290953059,1.438541441815148,0 103.8294834995799,1.439174109023611,0 103.8296828349138,1.439795130774878,0 103.8299917513691,1.440847721409401,0 103.8301321893663,1.441339886869124,0 103.8302209586902,1.441506779672406,0 103.830367918846,1.441670275708029,0 103.8306037577992,1.44188088021642,0 103.8309548676595,1.442075591965534,0 103.8328075854455,1.443200917783991,0 103.8348817224744,1.44449175586791,0 103.8367115557854,1.445614294417203,0 
					</coordinates>
				</LineString>
			</Placemark>
			<Placemark>
				<name>Untitled Path</name>
				<styleUrl>#msn_ylw-pushpin</styleUrl>
				<LineString>
					<tessellate>1</tessellate>
					<coordinates>
						103.795102714198,1.422501370203364,0 103.795379334214,1.422848733407416,0 103.7963890834491,1.424017689077461,0 103.7972305672542,1.424998999149124,0 103.7983134882776,1.426271031690987,0 103.7992749675243,1.427384620466705,0 103.800017622312,1.4282795505654,0 103.8009263453059,1.429316663367367,0 103.8017978736145,1.430300767908931,0 103.8029766834518,1.431676602519159,0 103.8040652385421,1.432939790167743,0 103.8050149093968,1.43404552975874,0 103.8059472431066,1.435122234647509,0 103.806669450468,1.435958992596884,0 103.8076174715045,1.437052444216419,0 103.807616084564,1.437045510778453,0 103.8087089642035,1.438341678143165,0 103.8098004610333,1.439571485526375,0 103.8104900199907,1.440372926007674,0 103.8106634048747,1.440603119632059,0 103.8107854669166,1.440800031810328,0 103.8109283346736,1.441046865624789,0 103.8110717697554,1.441315539256593,0 103.8112754164588,1.441795598526303,0 103.8113683460636,1.442118698064969,0 103.8114959485521,1.442675724489364,0 103.8115569738687,1.443019623611554,0 103.8116114561497,1.443500560675588,0 103.8117995191093,1.445157026951533,0 
					</coordinates>
				</LineString>
			</Placemark>
			<Placemark>
				<name>Untitled Path</name>
				<styleUrl>#msn_ylw-pushpin4</styleUrl>
				<LineString>
					<tessellate>1</tessellate>
					<coordinates>
						103.7097477688665,1.33815139359385,0 103.7097659815105,1.338499860444261,0 103.7097559184447,1.338901431440197,0 103.7097324706009,1.339252351537112,0 103.7096588140599,1.339696429747692,0 103.7095751224071,1.340039782353645,0 103.7093223981128,1.34063068294763,0 103.7091377276357,1.341095584618076,0 103.7088893292361,1.341543047073872,0 103.708665067735,1.341880979353509,0 103.7082610790553,1.34246307044058,0 103.7077167244147,1.343244646290344,0 103.7071417384367,1.34408288535806,0 103.7065542650807,1.34493444151531,0 103.7058935113765,1.345896625272935,0 103.7053460158459,1.346730705634999,0 103.7049108724098,1.3474417062039,0 103.7044520277642,1.348283067238773,0 103.7040404182241,1.349049194869391,0 103.7036429042304,1.349825194198508,0 103.7034018957975,1.350278564707079,0 103.7029839044656,1.351044985138459,0 103.7027049856267,1.351446276003075,0 103.7024639886916,1.351710597358112,0 103.7020942668547,1.352050738841212,0 103.7016711888225,1.352362472319323,0 103.701267865325,1.352636821446933,0 103.6997595083998,1.353688856009576,0 103.6984970772378,1.354590538407478,0 103.6978483005908,1.355047938019155,0 103.6972932001599,1.354400769329337,0 103.6966758824178,1.353620234837577,0 103.6957511973562,1.352341948904629,0 103.6947915586929,1.350971628379347,0 103.6938492806844,1.34966808280463,0 103.6934074985645,1.349103234728828,0 103.6928790525137,1.348454785619295,0 103.6920159414159,1.347524209800032,0 103.691314889656,1.346840581607841,0 103.6907106242162,1.346294349492158,0 103.689962800382,1.345656919178988,0 103.6893332066672,1.345162537558978,0 103.6882889896692,1.344358011557583,0 103.6872761266582,1.343558355874374,0 103.6861894262813,1.342708448534704,0 103.6848212321995,1.341637612040209,0 103.683598227922,1.34068400111053,0 103.6829851010709,1.34020063390151,0 103.6827207719824,1.340023470107168,0 103.6824607970272,1.339872442252023,0 103.6821931141678,1.339741595684004,0 103.6818359787182,1.339607986492245,0 103.6814510926067,1.339509223540355,0 103.6810415075116,1.339457186967617,0 103.6804139259066,1.339444076410673,0 103.6797269296203,1.339444029766628,0 103.6792742769821,1.339396082478559,0 103.678909723558,1.339306031817029,0 103.6784583477884,1.339122485184549,0 103.6781054241123,1.338891588984348,0 103.6777416777266,1.338571403973717,0 103.6774162932036,1.338163321031187,0 103.6772261775461,1.33779397208375,0 103.6764662146454,1.33530274147059,0 103.6759744769342,1.33351333226823,0 103.6756258584664,1.332286810501877,0 103.6754782821157,1.33191836303294,0 103.6753330597975,1.331655538437549,0 103.6751878339184,1.331439178118765,0 103.6750309865163,1.331248952879588,0 103.6748145922367,1.331016614089128,0 103.6745038165032,1.330788188688101,0 103.6742525599518,1.330637160927514,0 103.6739272284617,1.330494839151344,0 103.6728925662521,1.330238502473668,0 
					</coordinates>
				</LineString>
			</Placemark>
			<Placemark>
				<name>Untitled Path</name>
				<styleUrl>#msn_ylw-pushpin3501</styleUrl>
				<LineString>
					<tessellate>1</tessellate>
					<coordinates>
						103.8405393884801,1.32888964167634,0 103.8417151836407,1.326813583667679,0 103.8419402050304,1.326415260915727,0 103.8420207176736,1.326190301043599,0 103.8420620068646,1.325919935794906,0 103.8420847161848,1.325499549826609,0 103.8420372360152,1.325187907457045,0 103.8418824074949,1.324509719311959,0 103.8417977688586,1.323868573033105,0 103.841690422433,1.322974408658832,0 103.8416553292142,1.32244606134124,0 103.841662529609,1.322155474773039,0 103.8417143075486,1.321874068170583,0 103.8418418437919,1.32153922540837,0 103.8420556493356,1.321183051588607,0 103.8425647254484,1.320484506482217,0 103.8430922873859,1.319854095579084,0 103.8436439394715,1.319190770837304,0 
					</coordinates>
				</LineString>
			</Placemark>
			<Placemark>
				<name>Untitled Path</name>
				<styleUrl>#msn_ylw-pushpin4</styleUrl>
				<LineString>
					<tessellate>1</tessellate>
					<coordinates>
						103.974304840076,1.339308641385303,0 103.9707274349907,1.333340286668713,0 103.9692594326396,1.330647560637681,0 103.9679452647969,1.32749591120747,0 103.9677844576957,1.327102371059227,0 103.9667718083611,1.327844171398582,0 103.9663618001883,1.328123492795899,0 103.9660221351232,1.328342530083861,0 103.9644672969012,1.32907466448798,0 103.9635421426854,1.329362872629432,0 103.9593229818099,1.330650077704599,0 103.9568261790208,1.331403136189658,0 103.9559720216783,1.331689993647053,0 103.9547810318476,1.332388996024082,0 103.9518304835568,1.330048448824477,0 103.9490085627577,1.334356032395579,0 103.9438207038359,1.335328986941425,0 103.9430726016863,1.333393793540621,0 103.9427059504925,1.333201619144699,0 103.942530206536,1.332352623303794,0 103.9422962918494,1.330862783042279,0 103.9424409481081,1.330341689843964,0 103.9429799357269,1.328277817578642,0 103.9436665938118,1.328502001727693,0 103.9436308330888,1.327810477078237,0 103.9436716583728,1.327445574806595,0 103.9439472906417,1.326583069384834,0 103.9444271485483,1.325328551724808,0 103.9446998595698,1.324589205478969,0 103.9450916496377,1.324720546760696,0 103.9457006867896,1.323161760290753,0 103.9465176546724,1.32192220099967,0 103.9473151745284,1.320587533297938,0 103.9470452187764,1.320417974562722,0 103.9475492354404,1.319195419830954,0 103.947794058187,1.318648540269519,0 103.9484844117916,1.317368383292971,0 103.9506955823175,1.3119789074981,0 
					</coordinates>
				</LineString>
			</Placemark>
			<Placemark>
				<name>Untitled Path</name>
				<styleUrl>#msn_ylw-pushpin4</styleUrl>
				<LineString>
					<tessellate>1</tessellate>
					<coordinates>
						103.8262380621533,1.426265145946885,0 103.8265807375023,1.426143097527586,0 103.827000356525,1.425974090977382,0 103.8273536715761,1.425816541085935,0 103.8277156490379,1.425618611147695,0 103.8280018730265,1.425418936334214,0 103.8282397568533,1.425231392465195,0 103.8286234093267,1.424893638467063,0 103.8292746304323,1.424273790882158,0 103.829652556423,1.423933276358383,0 103.8299273550804,1.423684677566747,0 103.8301202254194,1.423532205387251,0 103.8303074069705,1.423407659874124,0 103.8305113545064,1.423285408534832,0 103.8307923715154,1.423140931268483,0 103.8310868390728,1.42303464798839,0 103.8315909116208,1.422912640018584,0 103.8319275737167,1.422891463499732,0 103.8323668773637,1.422870648570558,0 103.8327627080227,1.422877626312426,0 103.8334867164344,1.422892464600706,0 103.8341429603831,1.422907064860961,0 103.8351233590191,1.422910505517935,0 103.8359434274776,1.422913383181961,0 103.8367686136349,1.422935524022992,0 103.83678169655,1.422081886438511,0 103.8367854956647,1.421638157058384,0 103.8367934182106,1.420977511568202,0 103.8368026941854,1.420889038760788,0 103.8368411700395,1.420782743129833,0 103.836904095724,1.420734789959988,0 103.837008414787,1.420707147712168,0 103.8373983871738,1.420712996073353,0 103.8375365876222,1.420703238321867,0 103.8376117498405,1.420681095588275,0 103.8376679042912,1.420646562668119,0 103.8377230207054,1.420588499334493,0 103.8379778366959,1.419956202538845,0 103.8382960584087,1.419177040961032,0 103.8385674411446,1.418467604454483,0 103.8387174634783,1.418109754087931,0 103.8391052109077,1.418256337452906,0 103.8392582389944,1.418303081597649,0 103.8394034317589,1.41832471418256,0 103.8394905874658,1.418326340029292,0 103.8395830766114,1.418313462162794,0 103.8396994483535,1.418268982785848,0 103.8404404733081,1.417956853708018,0 103.8401614897504,1.417298407216551,0 103.8398211068098,1.416449631506893,0 103.839518669386,1.415701480730203,0 103.8392510039806,1.415084138683915,0 103.8389032944021,1.41425073450684,0 103.8388614476722,1.414133088638793,0 103.8388458924475,1.41404986054215,0 103.8388382469453,1.413970620741321,0 103.8388464625513,1.413887475836214,0 103.8388957907582,1.413691445649443,0 103.8390065636334,1.413360460456566,0 103.8391026764394,1.413067405627863,0 103.837763364401,1.412622477823598,0 103.8374257029429,1.412519558747644,0 103.8352341701324,1.411992017293709,0 103.8346008819918,1.411844571157938,0 103.8355044623436,1.408589411862042,0 
					</coordinates>
				</LineString>
			</Placemark>
			<Placemark>
				<name>Untitled Path</name>
				<styleUrl>#msn_ylw-pushpin4</styleUrl>
				<LineString>
					<tessellate>1</tessellate>
					<coordinates>
						103.7497566007693,1.317605784522252,0 103.7475236037319,1.313458071145138,0 103.7473602382446,1.312962246027676,0 103.7473210076374,1.312384319012393,0 103.7473128839136,1.311765229612451,0 103.7474505609109,1.310775215100841,0 103.7476187440587,1.309913687675825,0 103.7477850020593,1.309594429051305,0 103.7480953035352,1.309399493212662,0 103.7485806092496,1.309328989513437,0 103.7489005356973,1.309330123254289,0 103.7493133076898,1.309341903378675,0 103.7499591403666,1.309290732568995,0 103.750671783774,1.309138492873359,0 103.7512197789353,1.308851539819356,0 103.7518819175679,1.308389592029192,0 103.7524203232067,1.307896253708656,0 103.7530940988566,1.307062914254131,0 103.7535300351929,1.306362861317981,0 103.754070932304,1.30516793357495,0 103.75466482942,1.303581116933258,0 103.7565833302571,1.299746140301353,0 103.7572895873763,1.298489874433037,0 
					</coordinates>
				</LineString>
			</Placemark>
			<Placemark>
				<name>Untitled Path</name>
				<styleUrl>#msn_ylw-pushpin</styleUrl>
				<LineString>
					<tessellate>1</tessellate>
					<coordinates>
						103.7785565003914,1.452896974159223,0 103.7788779587023,1.452126545676762,0 103.7790220777817,1.451702696438554,0 103.7790765897149,1.45150103951029,0 103.7791494244167,1.451035650020112,0 103.7789584441858,1.450921922523663,0 103.7787075675372,1.450725908362462,0 103.7784577522936,1.450465183524726,0 103.7782033976687,1.450131823384853,0 103.778048060998,1.449852427046745,0 103.7778926658116,1.449497153475367,0 103.7777767743945,1.449101569726312,0 103.7776824727523,1.448662996304726,0 103.7772845736817,1.446770170564111,0 103.7778356127864,1.446662064483151,0 103.7781755346664,1.446564441012318,0 103.7784517021464,1.446431801190483,0 103.7787164621796,1.446232385035887,0 103.7789348048833,1.446024121756206,0 103.7790864560053,1.445792440137787,0 103.7791828756364,1.445586705950633,0 103.7793958514494,1.445082321250268,0 103.779521512772,1.444835203633656,0 103.7796806712973,1.444574810170216,0 103.7798843633754,1.444339080009864,0 103.7801952868805,1.444047933596055,0 103.7805685680844,1.443788193178809,0 103.7809750826047,1.443602134698201,0 103.7823582074649,1.44313111103608,0 103.7826172894256,1.443018184581461,0 103.7828988277328,1.442856271282639,0 103.783127292688,1.442712182317172,0 103.7833379440283,1.442567128065562,0 103.7835233709866,1.442421996682277,0 103.7837258506529,1.442249672695155,0 103.7839619415216,1.442034648870635,0 103.7844840086131,1.441569179405367,0 103.7850591769283,1.441138418121792,0 103.7845128611691,1.4403521200898,0 103.7832037097273,1.438472810964937,0 103.782823747986,1.437876570660491,0 103.7827422261607,1.437693979455609,0 103.7826820071909,1.43750385554132,0 103.7826400324894,1.43731226760531,0 103.7826163062397,1.437118271302198,0 103.7826138283876,1.436934402020501,0 103.7826236077599,1.436718660257421,0 103.7826525039555,1.436496920616708,0 103.7827340894626,1.436161356621598,0 103.7828459258073,1.435874509314236,0 103.7829437665355,1.435690946095319,0 103.7831025669435,1.435455144240397,0 103.783212435736,1.435298539029308,0 103.7829180328987,1.435090580802625,0 103.7823629075064,1.434536209086701,0 103.7833006036165,1.433686451183844,0 103.7834122307177,1.433528235974306,0 103.7834645427946,1.433352001069545,0 103.7840404140213,1.4311689024562,0 103.7846241103534,1.431369669358223,0 103.7848918446333,1.430519559948441,0 103.7850036165347,1.430235973225571,0 103.7850852969064,1.43001039244878,0 103.78524219973,1.429724659995655,0 103.7853604164328,1.429485721263664,0 103.7854270486097,1.429328889680765,0 103.7854635913731,1.429202134274532,0 103.7854550017808,1.429092563386149,0 103.7854141787366,1.428936360273569,0 103.7850854223994,1.428029436248498,0 103.7850617892118,1.427915567330709,0 103.7850529836895,1.427766703896151,0 103.7850505943748,1.427449952906188,0 103.7850364234832,1.426482390619719,0 
					</coordinates>
				</LineString>
			</Placemark>
			<Placemark>
				<name>Untitled Path</name>
				<styleUrl>#msn_ylw-pushpin4</styleUrl>
				<LineString>
					<tessellate>1</tessellate>
					<coordinates>
						103.8268412586163,1.428672149364493,0 103.8253032362803,1.429169305141751,0 103.8245850077622,1.428916701828127,0 103.8242705614638,1.427545372532587,0 103.8239671305078,1.427515095324002,0 103.8236803081715,1.426252558250834,0 103.823753360653,1.426125536155991,0 103.8231046102321,1.424455911833745,0 103.82542341608,1.423791681515114,0 
					</coordinates>
				</LineString>
			</Placemark>
			<Placemark>
				<name>Untitled Path</name>
				<styleUrl>#msn_ylw-pushpin4</styleUrl>
				<LineString>
					<tessellate>1</tessellate>
					<coordinates>
						103.8330082740504,1.451422121291529,0 103.8319128546289,1.453354004357585,0 103.8312659581248,1.452953131031519,0 103.8305092372943,1.452402591279696,0 103.8297212596512,1.451762725204704,0 103.8290925777165,1.451237282709062,0 103.8284280225625,1.450719909417185,0 103.8276746256956,1.450132783253448,0 103.8274104491372,1.449915106431307,0 103.8272911879119,1.449796602646345,0 103.8271173461564,1.449578126725684,0 103.8269623652938,1.449357220895137,0 103.8269595046503,1.449350008448704,0 103.8268061039858,1.44908300247153,0 103.8266339998253,1.44864604112667,0 103.8263115266652,1.447799921931977,0 103.8261051395637,1.447322082240798,0 103.8259111365152,1.447017200779266,0 103.8257138967541,1.446790255903646,0 103.8254895517778,1.446600702462639,0 103.824772167123,1.445956170693753,0 103.8241385093059,1.445370410652443,0 103.8236272414316,1.444943308558113,0 103.8237410108288,1.444139093391952,0 103.8238224207968,1.443569661551885,0 103.8238345540558,1.443144048423065,0 103.8238474776633,1.442854669896728,0 103.823904980695,1.442559460640466,0 103.8240182487312,1.442144488785394,0 103.8244392771323,1.441175899551602,0 103.8249595798722,1.440029125628309,0 103.8251540196918,1.439526623483458,0 103.8253021862094,1.439030814264278,0 103.8253836636198,1.438439691274282,0 103.8254059224143,1.438015116609668,0 103.8254781280561,1.437024874160165,0 103.8255314959957,1.436713500920465,0 103.8256294385932,1.436262250539372,0 103.825763116403,1.435816960853307,0 
					</coordinates>
				</LineString>
			</Placemark>
			<Placemark>
				<name>Untitled Path</name>
				<styleUrl>#msn_ylw-pushpin</styleUrl>
				<LineString>
					<tessellate>1</tessellate>
					<coordinates>
						103.8125520300306,1.447639968493063,0 103.815873690907,1.448415098900514,0 103.8175741086979,1.448818680981719,0 103.8184796253612,1.449022908487652,0 103.8197303080727,1.449380665324633,0 103.8214046748325,1.449779955899083,0 103.8221676517541,1.44986569025751,0 103.8224903626941,1.449872935757686,0 103.82283350804,1.449858317121861,0 103.8232002170911,1.449823409960303,0 103.8235424724239,1.449749273588699,0 103.823910957238,1.449645460115011,0 103.824295349071,1.449487985738308,0 103.8246667347916,1.449303969245545,0 103.8250606081937,1.449093733926734,0 103.8254361940406,1.448836457505409,0 103.8260374181709,1.448354057513072,0 103.826404202238,1.448042676513797,0 
					</coordinates>
				</LineString>
			</Placemark>
			<Placemark>
				<name>Untitled Path</name>
				<styleUrl>#msn_ylw-pushpin3501</styleUrl>
				<LineString>
					<tessellate>1</tessellate>
					<coordinates>
						103.859499063631,1.299687096198241,0 103.8596404844535,1.299961183043948,0 103.8597412305859,1.300087138551781,0 103.8598488237067,1.300163541864547,0 103.860050140925,1.300281163352554,0 103.8604826723946,1.300570661633336,0 103.8610746427102,1.300927816912092,0 103.8615985207015,1.301195665809348,0 103.8621839283872,1.301461341981578,0 103.8626823651676,1.301772367330068,0 
					</coordinates>
				</LineString>
			</Placemark>
			<Placemark>
				<name>Untitled Path</name>
				<styleUrl>#msn_ylw-pushpin3501</styleUrl>
				<LineString>
					<tessellate>1</tessellate>
					<coordinates>
						103.8602816088697,1.298197707699075,0 103.8604564113494,1.298309420274135,0 103.8605834132491,1.298406935666599,0 103.8607238218288,1.29854304343149,0 103.8608726631262,1.298708775624196,0 103.8611197442893,1.298978031167271,0 103.8612209363145,1.299099052067727,0 103.8613298198578,1.299205611841568,0 103.861512664065,1.299384656462234,0 103.8616887003043,1.299547910763776,0 103.861830104987,1.299657653594228,0 103.8624259415747,1.30009769159437,0 103.8630208828283,1.300528432411526,0 103.8633310620734,1.300774673322071,0 
					</coordinates>
				</LineString>
			</Placemark>
			<Placemark>
				<name>Untitled Path</name>
				<styleUrl>#msn_ylw-pushpin3501</styleUrl>
				<LineString>
					<tessellate>1</tessellate>
					<coordinates>
						103.8616958400128,1.304418675421488,0 103.8629178107885,1.304684993018124,0 103.863052205199,1.304725300603501,0 103.8632323318613,1.304802432987351,0 103.8634161457334,1.304919309526906,0 103.863595792462,1.305055392283661,0 103.863869225626,1.305284534116807,0 103.8644431986802,1.305788815487992,0 103.8649064276596,1.306144835098453,0 103.8653311647112,1.306395247084644,0 
					</coordinates>
				</LineString>
			</Placemark>
			<Placemark>
				<name>Untitled Path</name>
				<styleUrl>#msn_ylw-pushpin3501</styleUrl>
				<LineString>
					<tessellate>1</tessellate>
					<coordinates>
						103.9600992920669,1.338082213160083,0 103.9605067323562,1.338767345276581,0 103.9606994776754,1.339115840705745,0 103.9608603504132,1.339486515807706,0 103.9609970865172,1.33988285073091,0 103.9614373008901,1.339763447097143,0 103.961924296295,1.339640520344787,0 103.962167487616,1.339619965998266,0 103.9625719318569,1.339624703325342,0 103.9631891961079,1.339659214844463,0 103.9638874348328,1.339703683542394,0 103.9641440207743,1.339689402341968,0 103.964304543951,1.339648606530639,0 103.9644688129644,1.339581213414669,0 103.9646173066734,1.339503748161385,0 103.9648568183681,1.339328519448004,0 103.9651782887317,1.33982040197363,0 103.9654427151983,1.340243249640544,0 103.9656106761497,1.340453236153335,0 103.9658392618278,1.340699493111298,0 103.9660452116526,1.340893361070491,0 103.9663526204925,1.341122266191738,0 103.966623535291,1.341277138722505,0 103.9661671974363,1.342064944649211,0 103.9662940850858,1.343219655077418,0 103.9663229588825,1.343351736944336,0 103.9664008208515,1.343464236749859,0 103.9673326587456,1.344517903513336,0 103.9673499506049,1.345387143861519,0 103.9673484250075,1.345504295007326,0 103.9673379828691,1.345561476399681,0 103.9673408385951,1.345631890816966,0 103.967359778147,1.345683471835773,0 103.9673880036238,1.345744836388557,0 103.9674464953643,1.345824186046558,0 103.9676283938114,1.345931007469863,0 103.9683147316159,1.344865644332846,0 103.9691968749442,1.343485486919255,0 103.9699759804788,1.34228990037129,0 103.9703681684861,1.341733361650074,0 103.9706630318305,1.34138952596197,0 
					</coordinates>
				</LineString>
			</Placemark>
			<Placemark>
				<name>Untitled Path</name>
				<styleUrl>#msn_ylw-pushpin3501</styleUrl>
				<LineString>
					<tessellate>1</tessellate>
					<coordinates>
						103.888895066382,1.311849152776827,0 103.8900123469912,1.30748447293521,0 103.8900746521244,1.307147596642818,0 103.890069530916,1.306961049142285,0 103.8900281046734,1.306779624113259,0 103.8899555624741,1.30663965249162,0 103.8898674861568,1.306499735800714,0 103.8897458041771,1.306378782020218,0 103.8895731802965,1.30628696027209,0 103.8892493550828,1.306197634914316,0 103.8852636875432,1.305557248530422,0 103.8848784938134,1.3054608299528,0 103.884548102164,1.305314552647738,0 103.8842500758184,1.305130325499315,0 103.8840293759298,1.304934870815449,0 103.8837768626042,1.304586523134666,0 
					</coordinates>
				</LineString>
			</Placemark>
			<Placemark>
				<name>Untitled Path</name>
				<styleUrl>#msn_ylw-pushpin3501</styleUrl>
				<LineString>
					<tessellate>1</tessellate>
					<coordinates>
						103.8682822381019,1.371893898863677,0 103.8686060906016,1.371868097728555,0 103.8689680082165,1.371823601584335,0 103.8692220230497,1.371777544432359,0 103.8682534930721,1.369939339785203,0 103.8682335254196,1.368909334648622,0 103.8697343920586,1.36920182384738,0 103.8698096862963,1.366674750335218,0 103.8683218012946,1.366555226484268,0 103.8687130786867,1.36582367233413,0 103.8696321435396,1.36563603993462,0 103.8714676692585,1.365041062372123,0 103.872511388169,1.364661570348869,0 103.8727846091185,1.364454264004132,0 103.8730586474087,1.364274419331454,0 103.873223488573,1.364106158088173,0 103.8734277665243,1.363953447939322,0 103.8737170067464,1.363770094897583,0 103.873899673632,1.363680295388797,0 
					</coordinates>
				</LineString>
			</Placemark>
			<Placemark>
				<name>Untitled Path</name>
				<styleUrl>#msn_ylw-pushpin3501</styleUrl>
				<LineString>
					<tessellate>1</tessellate>
					<coordinates>
						103.7551207007862,1.388780600778995,0 103.7543287512168,1.388831439608489,0 103.7536663487538,1.388889932281553,0 103.7533010325913,1.388931163783827,0 103.7533463680622,1.388595508876218,0 103.7534302493088,1.388274913626997,0 103.7535732944012,1.387948219068026,0 103.7539971595042,1.387223450088796,0 103.7546092855677,1.386138834627861,0 103.7554041628785,1.384735979615394,0 103.7555115604178,1.38455200994306,0 103.7556474447116,1.384383418740617,0 103.755899483245,1.384096591210872,0 103.7571546339615,1.38252024856732,0 103.7581337600504,1.381286967977938,0 103.758259183776,1.381138147760494,0 103.7583688852174,1.3810688976571,0 103.758588316729,1.380993700366862,0 103.758842213524,1.380922365166609,0 103.7589348227853,1.380913760233824,0 103.7590698444484,1.38094164218924,0 103.7594150214381,1.381082317575637,0 103.7603285824157,1.381460165297921,0 103.7605592643351,1.381066145575785,0 103.7608563517346,1.380515971536753,0 103.7611135804328,1.380012994415178,0 103.7612556194332,1.379704731026779,0 
					</coordinates>
				</LineString>
			</Placemark>
			<Placemark>
				<name>Untitled Path</name>
				<styleUrl>#msn_ylw-pushpin3501</styleUrl>
				<LineString>
					<tessellate>1</tessellate>
					<coordinates>
						103.76228709566,1.376742258351358,0 103.7628243505931,1.376848361983349,0 103.763342931238,1.374033389016578,0 103.7640134363998,1.374103546613739,0 103.7653806063307,1.374648989133971,0 103.7659392884598,1.374871102830656,0 103.7662231582783,1.375042741736946,0 103.7665028974055,1.375199427500185,0 103.7667438441645,1.375245759990538,0 103.7669411205298,1.375217473045504,0 103.7672345145749,1.375133170539416,0 103.7675457595626,1.37498694109402,0 103.7677152934758,1.374815662520009,0 103.7678842056594,1.374569679498574,0 103.7689633300156,1.372861370059167,0 103.7712582105424,1.373644907675258,0 103.7714766553162,1.373767337830398,0 103.7715969115877,1.373904987463176,0 103.7718465886347,1.374295098703259,0 103.7732661138643,1.373453270566331,0 103.773681158136,1.373199070944371,0 103.7738873627581,1.373024872871696,0 103.7740212862017,1.372839067927124,0 103.7741626542251,1.372608961567483,0 103.7744787507786,1.372032062702262,0 103.7748805083269,1.371179274123329,0 103.7781659750061,1.371939330699528,0 
					</coordinates>
				</LineString>
			</Placemark>
			<Placemark>
				<name>Untitled Path</name>
				<styleUrl>#msn_ylw-pushpin3500</styleUrl>
				<LineString>
					<tessellate>1</tessellate>
					<coordinates>
						103.77759660667,1.338099623119177,0 103.7777607409346,1.338448924147577,0 103.777996353553,1.338969645268774,0 103.7782542085144,1.33954100506204,0 103.7784856171175,1.340078206959014,0 103.7787471246315,1.340614774101386,0 103.7789666846599,1.340965925435939,0 103.7792260333005,1.34129401233241,0 103.7794823661141,1.341515131624386,0 103.77998032962,1.341820876771948,0 103.7803761884714,1.341991455928035,0 103.7812926305896,1.342264836174576,0 103.7824800706384,1.342661370167853,0 103.7832732366096,1.342967245639869,0 103.7840769558091,1.343275073109341,0 103.7852611547102,1.343748334723612,0 103.7862600962466,1.344166482229835,0 103.78696663853,1.344473344023176,0 103.7872351234146,1.344611366581298,0 103.7874385265555,1.344740699758271,0 103.7876922100529,1.344937051667867,0 103.7878838725395,1.345128339749697,0 103.7881118864268,1.34539968892408,0 103.7882516349847,1.34561568886496,0 103.7884084261714,1.345893682264783,0 103.7886883801511,1.34649624207797,0 103.7890132010579,1.347222175036706,0 103.7892231625694,1.347657231851151,0 103.7893660696008,1.347900114054463,0 103.7895389791492,1.348145465302588,0 103.7897678312418,1.348390199813731,0 103.7900210955699,1.348600660781708,0 103.7904401897368,1.348864380361795,0 103.790750687848,1.348997811594922,0 103.7912715654173,1.349181003815115,0 103.7916107231431,1.349288291419988,0 
					</coordinates>
				</LineString>
			</Placemark>
			<Placemark>
				<name>Untitled Path</name>
				<styleUrl>#msn_ylw-pushpin3500</styleUrl>
				<LineString>
					<tessellate>1</tessellate>
					<coordinates>
						103.8579887130839,1.323559947872224,0 103.8589549576949,1.322794813526472,0 103.860027961514,1.321978860714546,0 103.8608714406836,1.321675091895529,0 103.8619944352056,1.321391145836418,0 103.8627007156875,1.321294889183716,0 103.8631716303359,1.321120112737885,0 103.8637745774286,1.32108998333296,0 103.8640229309173,1.320990559170613,0 103.865040428521,1.320362975036583,0 
					</coordinates>
				</LineString>
			</Placemark>
			<Placemark>
				<name>Untitled Path</name>
				<styleUrl>#msn_ylw-pushpin350</styleUrl>
				<LineString>
					<tessellate>1</tessellate>
					<coordinates>
						103.8231412206394,1.290851355773329,0 103.8230833241459,1.290400335562523,0 103.8229837181472,1.290032622435409,0 103.8227276020694,1.288993508253997,0 103.8226257563405,1.288548304434715,0 103.8225633572864,1.28804848433117,0 103.8224176278034,1.287267823717529,0 103.8223013410935,1.28684699430891,0 103.8221390781483,1.286507598562238,0 103.8218698255805,1.286173519937024,0 103.8208323786144,1.284973262594418,0 103.8207261100808,1.284803207437238,0 103.8205035769241,1.284233043076488,0 103.8201782846805,1.283362602252121,0 103.8189751609048,1.283752573009789,0 103.8178410333165,1.284040044551563,0 103.8161613227166,1.284483547897942,0 103.8149368153624,1.284817512082737,0 103.8142747219004,1.285017253024185,0 
					</coordinates>
				</LineString>
			</Placemark>
			<Placemark>
				<name>Untitled Path</name>
				<styleUrl>#msn_ylw-pushpin350</styleUrl>
				<LineString>
					<tessellate>1</tessellate>
					<coordinates>
						103.8225858553888,1.288229010640633,0 103.8229421697297,1.287952199281428,0 103.8241133731648,1.286945764786729,0 103.824388697435,1.286751262922122,0 103.8246657356825,1.286583095580464,0 103.8250411994775,1.286413790453119,0 103.8252859677908,1.286307923580269,0 103.8252185454975,1.285677422462804,0 103.8251476313818,1.285117483849133,0 103.8250632331408,1.284721945436451,0 103.8248793545834,1.284114022138241,0 103.8246010005228,1.283527292719263,0 103.8241909159584,1.28277842405704,0 103.823940267297,1.282265082310313,0 103.8238253005006,1.28185152616005,0 103.824305283576,1.281647672605271,0 103.8247890262395,1.281411670726893,0 103.8253025726744,1.281158118954818,0 103.8259662792718,1.28081081401173,0 103.8267365255564,1.280389518781852,0 103.8274311338663,1.280018066180799,0 103.8279552489923,1.279708019001365,0 103.8290024772973,1.279058171616698,0 
					</coordinates>
				</LineString>
			</Placemark>
			<Placemark>
				<name>Untitled Path</name>
				<styleUrl>#msn_ylw-pushpin3510</styleUrl>
				<LineString>
					<tessellate>1</tessellate>
					<coordinates>
						103.8982900005357,1.29736523458436,0 103.8982061353533,1.29772315350853,0 103.8978358159131,1.299175125147362,0 103.8977167644933,1.299562414876176,0 103.8976333634707,1.29978032413486,0 103.8975437853005,1.300035820361019,0 103.8974988750146,1.300300243957324,0 103.8974368431238,1.300979469097556,0 103.8973987736308,1.301182556531754,0 103.8973159492077,1.301509115887819,0 103.8971067435054,1.301999082165749,0 103.8965368119882,1.301819064691502,0 103.8956424026944,1.301555670691653,0 103.8947167139926,1.301254736825019,0 103.8934746039777,1.300855327892417,0 103.892286637282,1.30047394608348,0 103.8911298492851,1.300098035906435,0 103.8909581180439,1.300047290511554,0 103.8908718171853,1.300034901848407,0 103.8907745446787,1.300034982586919,0 103.8906450618046,1.300057525358124,0 103.8893784515169,1.30037642648175,0 103.8879072593254,1.300747471417941,0 103.8877777484758,1.300767664746583,0 103.8873322958372,1.300791562511475,0 103.8864561416628,1.300844264938484,0 103.8855522551197,1.300911406821822,0 
					</coordinates>
				</LineString>
			</Placemark>
			<Placemark>
				<name>Untitled Path</name>
				<open>1</open>
				<styleUrl>#msn_ylw-pushpin351</styleUrl>
				<LineString>
					<tessellate>1</tessellate>
					<coordinates>
						103.8971060856347,1.301998221580533,0 103.8968553584634,1.303165410043499,0 103.8964614893165,1.303146214351488,0 103.8956254190742,1.305752165572065,0 103.8950609100247,1.30727055920873,0 103.8949424599978,1.307571240412209,0 103.8946740583276,1.307940889612144,0 103.8950217711692,1.308124837236191,0 103.8948000863365,1.308566757312599,0 103.8945604322201,1.309165493779596,0 103.8944317418908,1.309524860657475,0 
					</coordinates>
				</LineString>
			</Placemark>
			<Placemark>
				<name>Untitled Path</name>
				<open>1</open>
				<styleUrl>#msn_ylw-pushpin351</styleUrl>
				<LineString>
					<tessellate>1</tessellate>
					<coordinates>
						103.919557689497,1.332393041581232,0 103.9202325856861,1.332706227926052,0 103.9211303624022,1.333136974478658,0 103.9220942859637,1.333590288589908,0 103.9231014956462,1.334086101658495,0 103.9238478850528,1.334379737968476,0 103.9247052344764,1.334708180523868,0 103.9255431393922,1.334976438446168,0 103.9261017355005,1.335108062590528,0 103.9267385717326,1.335258838906184,0 103.927469275082,1.335375802662867,0 103.9283375429409,1.335468761821075,0 103.9291632886439,1.335508835541084,0 103.9301067253839,1.335530771411648,0 103.930884281638,1.335499613047279,0 103.931839468315,1.335430999318305,0 103.9327319087406,1.335371631806404,0 103.9343895180536,1.335265226536509,0 103.9362614884379,1.335098728692848,0 103.9377429131033,1.335008660883138,0 103.9382415466352,1.335001591860619,0 103.93869546726,1.335070306152965,0 103.9391302760174,1.335206901016771,0 103.9395690645134,1.335423440853619,0 103.9399484230969,1.33568931859729,0 103.9403400459874,1.336013406320834,0 
					</coordinates>
				</LineString>
			</Placemark>
			<Placemark>
				<name>Untitled Path</name>
				<open>1</open>
				<styleUrl>#msn_ylw-pushpin351</styleUrl>
				<LineString>
					<tessellate>1</tessellate>
					<coordinates>
						103.9273437508878,1.323527734593066,0 103.9285336995128,1.323744982493585,0 103.930036891592,1.323978504608382,0 103.9312949438432,1.32415823237565,0 103.9323745685424,1.324248341140188,0 103.9335731385146,1.324390811446194,0 103.9358691821869,1.324682208301597,0 103.937544909837,1.324908536471082,0 103.9390725169788,1.325111740855281,0 103.9406287122157,1.325310284637531,0 103.9411113135703,1.325416575815755,0 103.9419272444157,1.325642382247592,0 103.9427632607618,1.325904121838449,0 103.9440382909454,1.326344827642788,0 
					</coordinates>
				</LineString>
			</Placemark>
			<Placemark>
				<name>Untitled Path</name>
				<styleUrl>#msn_ylw-pushpin351</styleUrl>
				<LineString>
					<tessellate>1</tessellate>
					<coordinates>
						103.919557969569,1.332392938935343,0 103.9197732677506,1.331912987839299,0 103.9198845390967,1.331719816923858,0 103.9200182074415,1.331550851541837,0 103.9202420417906,1.331368774960846,0 103.9212302226783,1.330674673244642,0 103.9223268378264,1.329903656706601,0 103.9225711875904,1.329773536537805,0 103.9228460601479,1.329638990861827,0 103.9232761457131,1.329471354093828,0 103.9237698271573,1.329354296671629,0 103.9241914600942,1.329286278985438,0 103.9245737961394,1.329256182847144,0 103.9250514222977,1.329270452957489,0 103.9255695582963,1.329344089492266,0 103.9259590764159,1.329435265543244,0 103.9265189057253,1.32958154876091,0 103.926739867215,1.328163564342306,0 103.9268591415518,1.32728215221024,0 103.9270017064069,1.326364108428782,0 103.9272313872663,1.32456259875696,0 103.9273435596262,1.323527778337821,0 
					</coordinates>
				</LineString>
			</Placemark>
			<Placemark>
				<name>Untitled Path</name>
				<styleUrl>#msn_ylw-pushpin351</styleUrl>
				<LineString>
					<tessellate>1</tessellate>
					<coordinates>
						103.9275033365232,1.352994538521923,0 103.9289748578383,1.35570999634148,0 103.9297593092544,1.357089029223975,0 103.9304361372769,1.358331056166693,0 103.9306289123558,1.358772760558993,0 103.9307668711366,1.359212852573114,0 103.930870349118,1.359661140996427,0 103.9309467195354,1.360395778246807,0 103.9324665272099,1.360380351258941,0 103.9377759947309,1.360386760458288,0 103.942077666354,1.360385174885345,0 103.9420773965094,1.360805299944108,0 103.9420785203238,1.360804166066085,0 103.9420913008108,1.361101531997224,0 103.9421496983064,1.361351319082521,0 103.9422409923888,1.361594654338477,0 103.9423725389357,1.361828367662678,0 103.942567802767,1.362059822783708,0 103.9427987303378,1.362252195036284,0 103.9430534036006,1.362429415327792,0 103.9433048649443,1.362585607582524,0 103.9442579976557,1.363143688480864,0 103.9446491239676,1.363387439037481,0 103.9448687323883,1.363537626927006,0 103.9451325726861,1.363772662614317,0 103.9452856342034,1.364009063788068,0 103.9454484799998,1.364335977772255,0 103.9456029925313,1.364824965235347,0 103.9458524350884,1.365614914013791,0 103.9460894721034,1.366375151813699,0 103.9463432798865,1.367240454751033,0 
					</coordinates>
				</LineString>
			</Placemark>
			<Placemark>
				<name>Untitled Path</name>
				<styleUrl>#msn_ylw-pushpin351</styleUrl>
				<LineString>
					<tessellate>1</tessellate>
					<coordinates>
						103.8740842391517,1.357992302214579,0 103.8734078295677,1.358594538513453,0 103.873075591812,1.358187036948586,0 103.8727845663597,1.358912008320478,0 103.8721125517102,1.359709547584674,0 103.8718530029718,1.359799670764662,0 103.8707980499595,1.35854195270447,0 103.8685213263804,1.355485156017395,0 103.8673992940996,1.355207615089613,0 103.8663176212631,1.354734549349171,0 103.864973096245,1.35414117945125,0 103.8644150100838,1.353712900869823,0 103.8659412075725,1.352281639233124,0 103.8663844150581,1.352485731772649,0 103.8666855797397,1.352555402614524,0 103.8673010658969,1.352655841520292,0 103.8673725150835,1.352631430197704,0 103.8674164194653,1.352595376676703,0 103.8674891403507,1.350938189030997,0 103.8679665647807,1.350719650437491,0 103.8676640541994,1.350017311461567,0 103.8679835350178,1.348329794635936,0 103.8686020418736,1.347883800123072,0 103.8694213747633,1.347235640734064,0 103.8696185963227,1.347532558799651,0 103.8697401728364,1.347450347919031,0 103.8698933741955,1.347586061901459,0 103.8695625738792,1.348318956553278,0 103.8698339317638,1.348574162191073,0 103.8697684525978,1.348850236877395,0 103.8702996036838,1.349020788290882,0 103.8705484145909,1.348085939977294,0 103.8711915346986,1.348230516353483,0 103.872196445974,1.347747517779079,0 103.8714627336507,1.346202496723689,0 103.8721711773995,1.345919080099803,0 103.8727200025179,1.345775660185072,0 103.8729380682838,1.345776341213861,0 103.8731356834082,1.345850524650055,0 103.8733661847103,1.346018775179964,0 103.8736408261387,1.346279497311293,0 103.8736762514343,1.346354804686821,0 103.8756504884194,1.346059905407585,0 103.8763776372171,1.346328713772413,0 103.8763426388132,1.346823473574212,0 103.8766187078906,1.346944446813819,0 103.8766102144379,1.3475439359214,0 103.8768652531461,1.347544491621789,0 103.8768578720077,1.348448116903515,0 103.8778000053559,1.349235667574498,0 103.877535383058,1.349553402696994,0 103.8779256313597,1.349874134902658,0 103.8778608424043,1.349958028161242,0 103.8791403060993,1.351095314845736,0 
					</coordinates>
				</LineString>
			</Placemark>
			<Placemark>
				<name>Untitled Path</name>
				<styleUrl>#msn_ylw-pushpin351</styleUrl>
				<LineString>
					<tessellate>1</tessellate>
					<coordinates>
						103.871462667934,1.346201457267328,0 103.8714628933378,1.346202134256683,0 103.8710290645954,1.3452787807677,0 103.870891226184,1.34493795371262,0 103.8708171177888,1.344699542563661,0 103.8707479232968,1.344440610571697,0 103.8707051915649,1.344214913848219,0 103.8706753261331,1.344031359871977,0 103.8706572290944,1.343849859473778,0 103.8706406259209,1.343577750972778,0 103.8706418891098,1.343340104054869,0 103.8706615331712,1.343047441151278,0 
					</coordinates>
				</LineString>
			</Placemark>
			<Placemark>
				<name>Untitled Path</name>
				<styleUrl>#msn_ylw-pushpin351</styleUrl>
				<LineString>
					<tessellate>1</tessellate>
					<coordinates>
						103.8644156240937,1.353712982973865,0 103.8640031319938,1.353368089562607,0 103.8635672700945,1.352847698882033,0 103.8628358700035,1.352006125011136,0 103.8619151880314,1.350943464716722,0 103.8615158402704,1.350526169226699,0 103.8609078037048,1.351170927339707,0 103.8604997468732,1.351606063779285,0 103.8602627886267,1.351797153308844,0 103.8600078866271,1.351921903657498,0 103.8597478361795,1.351988042972197,0 103.8595174670976,1.352017789150951,0 103.8592574395406,1.352048659440516,0 103.859024194913,1.35211221962352,0 103.858784959423,1.352231662157364,0 103.8582175435722,1.352670238652227,0 103.8569622507791,1.353588335996119,0 
					</coordinates>
				</LineString>
			</Placemark>
			<Placemark>
				<name>Untitled Path</name>
				<styleUrl>#msn_ylw-pushpin</styleUrl>
				<LineString>
					<tessellate>1</tessellate>
					<coordinates>
						103.8035021045755,1.432286286072479,0 103.8032087311193,1.432549026604256,0 103.8029536239834,1.432728878013081,0 103.8026151916365,1.432906828787017,0 103.8021530333725,1.43306610167414,0 103.8017372502807,1.433119287797751,0 103.8010959293596,1.433107567394518,0 103.7998745730387,1.433088441053475,0 103.7992356655433,1.433075748716029,0 103.7985605677074,1.433073751292125,0 103.7981503258731,1.433089617520628,0 103.7977612362984,1.433127148083407,0 103.797206797025,1.433194068885533,0 103.7967103059456,1.433290982624348,0 103.7960790850518,1.433427379686894,0 103.7955313842004,1.43359619069598,0 103.7949038661185,1.433808807217734,0 103.7952187661238,1.434366113758437,0 103.795547805894,1.434928548056805,0 103.7957628600926,1.435319043256402,0 103.7958427916943,1.435510878216643,0 103.7958785628846,1.435694246769835,0 103.7958987484593,1.435977620431701,0 103.7958821803417,1.436270285471934,0 103.7958045708524,1.437352367005099,0 103.7957409996532,1.438501967438843,0 103.7956864562861,1.439461049460683,0 103.7956107556025,1.440676313871837,0 103.7955834592287,1.441108605336413,0 103.7955454943377,1.441294121112871,0 103.7954644135918,1.441479946706479,0 103.7952515632123,1.441779323549886,0 103.7950479683222,1.442057483026193,0 103.7945066227993,1.442836640273571,0 103.7939864195045,1.443519434201476,0 103.7935408996905,1.444158922273879,0 103.7931082174933,1.444758905337975,0 103.7927770091673,1.445201743060189,0 103.7926813060876,1.445355410136264,0 103.792572172995,1.445641578396662,0 103.7923430058877,1.446303823524762,0 103.7920193810378,1.447146176586187,0 103.7917292269316,1.447971414571525,0 103.791455638264,1.448723828850027,0 103.7911440842793,1.449703643612855,0 103.7908138903528,1.450645923771415,0 103.7905033814941,1.451606936249039,0 103.7902438229281,1.452321530059669,0 103.7899228205385,1.453240061704986,0 103.7895762851392,1.454076112670535,0 103.7892466173085,1.454792814066107,0 103.7888747945349,1.455421194309256,0 103.7885685454158,1.455942542059612,0 103.7880951011893,1.456825455803866,0 103.7876694108023,1.457567546457233,0 103.7869250831655,1.458807873989199,0 
					</coordinates>
				</LineString>
			</Placemark>
			<Placemark>
				<name>Untitled Path</name>
				<styleUrl>#msn_ylw-pushpin</styleUrl>
				<LineString>
					<tessellate>1</tessellate>
					<coordinates>
						103.8157725553801,1.470651687039586,0 103.8158766871831,1.469604645297674,0 103.8145740782159,1.469546893880571,0 103.814603750874,1.468732082503579,0 103.8131423724386,1.466637927718563,0 103.8127717069934,1.466019562469067,0 103.8142708449435,1.463978311649969,0 103.8138661617329,1.464013055047641,0 103.8134584475319,1.463991722062203,0 103.8130347500828,1.463947527369674,0 103.8125478451458,1.463866377296879,0 103.8122496646116,1.463777690542875,0 103.8119194023929,1.46364372295478,0 103.811146902214,1.463260808671455,0 103.8098910322857,1.462619552904924,0 103.8101781058842,1.462119778420373,0 103.8106424194525,1.461149797510805,0 103.8113351142891,1.459680279154538,0 103.8117968522347,1.458690700164628,0 103.8120780863865,1.458011528325805,0 103.8123279678565,1.457299837181099,0 103.812671647872,1.456068907273541,0 103.8129080763791,1.454805514642193,0 103.8130250390735,1.453716495333331,0 103.8130710409362,1.452303692658648,0 103.812964236921,1.45077613167458,0 103.8127634226638,1.44928851456008,0 103.8122889049062,1.445592846947746,0 103.8122308843074,1.445462162648482,0 103.8121439034428,1.44536433015501,0 103.8119329698723,1.445218663751244,0 103.8107079377938,1.444652593712641,0 
					</coordinates>
				</LineString>
			</Placemark>
			<Placemark>
				<name>Untitled Path</name>
				<styleUrl>#msn_ylw-pushpin</styleUrl>
				<LineString>
					<tessellate>1</tessellate>
					<coordinates>
						103.8107081997559,1.444652890680814,0 103.8101357872583,1.444889147008578,0 103.8092963689719,1.445214479770184,0 103.8081936244375,1.445667744894117,0 103.8073187305955,1.446097463062519,0 103.8065726577444,1.446549061979286,0 103.8057327505001,1.447166745286868,0 103.8046138659055,1.448051423184003,0 103.8040468023061,1.44857195761346,0 103.8035254587897,1.449234510153401,0 103.8031740143202,1.44980431592419,0 103.802731080712,1.450699367097761,0 103.802069166777,1.452160741011381,0 103.8014458769166,1.453600217617787,0 103.80113350524,1.454293745261922,0 103.8009866617961,1.454675751269232,0 103.8008450013173,1.455072488204136,0 103.8007564889298,1.455372062934932,0 103.800666912221,1.455705184637961,0 103.8006168592235,1.456126718632111,0 103.8004997239253,1.456682347508231,0 103.7998757701955,1.456536528729534,0 103.7993139724769,1.456364424352691,0 103.7988436630492,1.456209342659575,0 103.7983165314426,1.455981076827961,0 103.7976842177546,1.455631468634482,0 103.796875839411,1.455113270200795,0 103.7960027071446,1.454551396085197,0 103.7951602546687,1.454014302539087,0 103.7944624297484,1.453540922895273,0 103.7935069114069,1.453033284330895,0 103.7927834231086,1.452725795627537,0 103.7921702263899,1.452510664731282,0 103.7912081004216,1.452251794661593,0 103.7903393057356,1.452058899405501,0 
					</coordinates>
				</LineString>
			</Placemark>
			<Placemark>
				<name>Untitled Path</name>
				<styleUrl>#msn_ylw-pushpin</styleUrl>
				<LineString>
					<tessellate>1</tessellate>
					<coordinates>
						103.754296894636,1.413965138292911,0 103.7541829958287,1.414343339210581,0 103.7541068753063,1.414718552166153,0 103.7539508170259,1.415957843197849,0 103.7536852020753,1.417666566771771,0 103.7533687659149,1.419418742175335,0 103.7529505119981,1.421944039253527,0 103.7525738789538,1.424201370174329,0 103.7521536670271,1.426520288074104,0 103.7515247407311,1.429807555665637,0 103.7514521029656,1.430261843355036,0 103.7514547621101,1.430638181470047,0 103.7515300228981,1.431017213845678,0 103.7516993840109,1.431562919360946,0 103.7529843599684,1.435241499390257,0 103.7530166158875,1.43538934922811,0 103.7530139180941,1.435499562739874,0 103.7529870157455,1.435655472927006,0 103.7524483462139,1.43748227170974,0 
					</coordinates>
				</LineString>
			</Placemark>
			<Placemark>
				<name>Untitled Path</name>
				<styleUrl>#msn_ylw-pushpin</styleUrl>
				<LineString>
					<tessellate>1</tessellate>
					<coordinates>
						103.7460282327945,1.405503135090094,0 103.7457130324531,1.405532174724181,0 103.7449658762051,1.405785527290502,0 103.7439435184491,1.406209542835873,0 103.743049575034,1.406805215089272,0 103.742395767791,1.40750761023249,0 103.7419085440148,1.408403087757762,0 103.7416343706009,1.409352011550514,0 103.7415717579153,1.410108511958054,0 103.7416650923085,1.410815412842584,0 103.7421985746906,1.413040778887071,0 103.7422228999707,1.41351208848804,0 103.7421744026297,1.414027310821541,0 103.7419149124071,1.41477662431332,0 103.7392378518417,1.422969946414826,0 103.7404927342073,1.426040374700847,0 103.7410934266283,1.428389798299297,0 103.7413736617919,1.430512239700845,0 103.7412532982558,1.432781475721659,0 103.7407991035464,1.435104095958566,0 103.7404517303295,1.437293274822752,0 103.7403423091745,1.438652927862402,0 
					</coordinates>
				</LineString>
			</Placemark>
			<Placemark>
				<name>Untitled Path</name>
				<styleUrl>#msn_ylw-pushpin</styleUrl>
				<LineString>
					<tessellate>1</tessellate>
					<coordinates>
						103.7403070528302,1.389476388854104,0 103.7403406301491,1.389323032528517,0 103.7404393785338,1.389013025366963,0 103.7406316548403,1.388610792036248,0 103.7409461544356,1.387931499452529,0 103.741561609839,1.386643747218076,0 103.7419277374351,1.386942150551405,0 103.7427013975473,1.387608169706559,0 103.74346250811,1.388213082686552,0 103.7440274672987,1.388592684190927,0 103.7447295297875,1.388979730013282,0 103.7453015320428,1.389226702888895,0 103.7458230540846,1.3894066915502,0 103.7463124090081,1.389551941119956,0 103.7467447073211,1.389644256202095,0 103.74717085447,1.389711962723134,0 103.7476130671302,1.389769145477886,0 103.7478666305803,1.389778871978422,0 103.7483002963622,1.389776749776688,0 103.7487513432301,1.389756295000134,0 103.7491453280686,1.389712110199645,0 103.7497991544473,1.389628042837618,0 103.7503471778887,1.389528868291387,0 103.7511064015246,1.389368979649089,0 103.7524577493934,1.389086447367246,0 103.7532179571344,1.388941455298649,0 103.7533010804587,1.388931364763704,0 
					</coordinates>
				</LineString>
			</Placemark>
		</Folder>
		<Folder>
			<name>labels</name>
			<visibility>0</visibility>
			<LookAt>
				<longitude>103.8566550273302</longitude>
				<latitude>1.429407731527976</latitude>
				<altitude>0</altitude>
				<heading>-0.0001730709148679041</heading>
				<tilt>0</tilt>
				<range>102094.2939003537</range>
				<gx:altitudeMode>relativeToSeaFloor</gx:altitudeMode>
			</LookAt>
			<Placemark>
				<name>(admiralty)</name>
				<visibility>0</visibility>
				<LookAt>
					<longitude>103.8160494664044</longitude>
					<latitude>1.447703606874795</latitude>
					<altitude>0</altitude>
					<heading>-0.002889594537575355</heading>
					<tilt>0</tilt>
					<range>7598.147856732612</range>
					<gx:altitudeMode>relativeToSeaFloor</gx:altitudeMode>
				</LookAt>
				<styleUrl>#m_ylw-pushpin601</styleUrl>
				<Point>
					<gx:drawOrder>1</gx:drawOrder>
					<coordinates>103.800409757012,1.444551307653373,0</coordinates>
				</Point>
			</Placemark>
			<Placemark>
				<name>(alexandra)</name>
				<visibility>0</visibility>
				<LookAt>
					<longitude>103.8276587452693</longitude>
					<latitude>1.283818698007157</latitude>
					<altitude>0</altitude>
					<heading>0.0004093189527256586</heading>
					<tilt>0</tilt>
					<range>3058.59540524976</range>
					<gx:altitudeMode>relativeToSeaFloor</gx:altitudeMode>
				</LookAt>
				<styleUrl>#m_ylw-pushpin630</styleUrl>
				<Point>
					<gx:drawOrder>1</gx:drawOrder>
					<coordinates>103.8206926490433,1.291457092246917,0</coordinates>
				</Point>
			</Placemark>
			<Placemark>
				<name>(eunos)</name>
				<visibility>0</visibility>
				<LookAt>
					<longitude>103.9193135927072</longitude>
					<latitude>1.338142867296828</latitude>
					<altitude>0</altitude>
					<heading>4.914339297791386</heading>
					<tilt>0</tilt>
					<range>6635.809455463877</range>
					<gx:altitudeMode>relativeToSeaFloor</gx:altitudeMode>
				</LookAt>
				<styleUrl>#m_ylw-pushpin630</styleUrl>
				<Point>
					<gx:drawOrder>1</gx:drawOrder>
					<coordinates>103.9115202794259,1.332271017584038,0</coordinates>
				</Point>
			</Placemark>
			<Placemark>
				<name>(jurong west)</name>
				<visibility>0</visibility>
				<LookAt>
					<longitude>103.7127977997314</longitude>
					<latitude>1.346553390598681</latitude>
					<altitude>0</altitude>
					<heading>-0.003090591774808642</heading>
					<tilt>0</tilt>
					<range>18744.08553562493</range>
					<gx:altitudeMode>relativeToSeaFloor</gx:altitudeMode>
				</LookAt>
				<styleUrl>#m_ylw-pushpin6010</styleUrl>
				<Point>
					<gx:drawOrder>1</gx:drawOrder>
					<coordinates>103.6669407055851,1.35182424677325,0</coordinates>
				</Point>
			</Placemark>
			<Placemark>
				<name>(kranji)</name>
				<visibility>0</visibility>
				<LookAt>
					<longitude>103.7722619712346</longitude>
					<latitude>1.422641600226932</latitude>
					<altitude>0</altitude>
					<heading>-0.003979602802278896</heading>
					<tilt>0</tilt>
					<range>15010.1744920244</range>
					<gx:altitudeMode>relativeToSeaFloor</gx:altitudeMode>
				</LookAt>
				<styleUrl>#m_ylw-pushpin601</styleUrl>
				<Point>
					<gx:drawOrder>1</gx:drawOrder>
					<coordinates>103.7313866152588,1.417500275486728,0</coordinates>
				</Point>
			</Placemark>
			<Placemark>
				<name>(mandai)</name>
				<visibility>0</visibility>
				<LookAt>
					<longitude>103.8293454059077</longitude>
					<latitude>1.425946012388853</latitude>
					<altitude>0</altitude>
					<heading>-0.1739772528966664</heading>
					<tilt>0</tilt>
					<range>1788.403666639271</range>
					<gx:altitudeMode>relativeToSeaFloor</gx:altitudeMode>
				</LookAt>
				<styleUrl>#m_ylw-pushpin6010</styleUrl>
				<Point>
					<gx:drawOrder>1</gx:drawOrder>
					<coordinates>103.8250408448414,1.426428884043134,0</coordinates>
				</Point>
			</Placemark>
			<Placemark>
				<name>(upper thomson)</name>
				<visibility>0</visibility>
				<LookAt>
					<longitude>103.8421107387231</longitude>
					<latitude>1.374496235101704</latitude>
					<altitude>0</altitude>
					<heading>-0.0004697183959193016</heading>
					<tilt>0</tilt>
					<range>8775.065011783885</range>
					<gx:altitudeMode>relativeToSeaFloor</gx:altitudeMode>
				</LookAt>
				<styleUrl>#m_ylw-pushpin630</styleUrl>
				<Point>
					<gx:drawOrder>1</gx:drawOrder>
					<coordinates>103.8302651223824,1.374320928026361,0</coordinates>
				</Point>
			</Placemark>
			<Placemark>
				<name>(yishun)</name>
				<visibility>0</visibility>
				<LookAt>
					<longitude>103.8233119746188</longitude>
					<latitude>1.412035843719634</latitude>
					<altitude>0</altitude>
					<heading>-0.001044142493080975</heading>
					<tilt>0</tilt>
					<range>9829.12975783016</range>
					<gx:altitudeMode>relativeToSeaFloor</gx:altitudeMode>
				</LookAt>
				<styleUrl>#m_ylw-pushpin630</styleUrl>
				<Point>
					<gx:drawOrder>1</gx:drawOrder>
					<coordinates>103.8147541997652,1.406619935235755,0</coordinates>
				</Point>
			</Placemark>
			<Placemark>
				<name>admiralty</name>
				<visibility>0</visibility>
				<LookAt>
					<longitude>103.826547870391</longitude>
					<latitude>1.462023604537963</latitude>
					<altitude>0</altitude>
					<heading>-0.002618481705838812</heading>
					<tilt>0</tilt>
					<range>7598.147856734667</range>
					<gx:altitudeMode>relativeToSeaFloor</gx:altitudeMode>
				</LookAt>
				<styleUrl>#m_ylw-pushpin601</styleUrl>
				<Point>
					<gx:drawOrder>1</gx:drawOrder>
					<coordinates>103.8231202466388,1.457311691188992,0</coordinates>
				</Point>
			</Placemark>
			<Placemark>
				<name>alexandra</name>
				<visibility>0</visibility>
				<LookAt>
					<longitude>103.8153213855672</longitude>
					<latitude>1.285703030836538</latitude>
					<altitude>0</altitude>
					<heading>0.0001335464191892865</heading>
					<tilt>0</tilt>
					<range>3058.595405248817</range>
					<gx:altitudeMode>relativeToSeaFloor</gx:altitudeMode>
				</LookAt>
				<styleUrl>#m_ylw-pushpin630</styleUrl>
				<Point>
					<gx:drawOrder>1</gx:drawOrder>
					<coordinates>103.8099211271851,1.287630698330562,0</coordinates>
				</Point>
			</Placemark>
			<Placemark>
				<name>aljunied</name>
				<visibility>0</visibility>
				<LookAt>
					<longitude>103.8901499572551</longitude>
					<latitude>1.318610886234504</latitude>
					<altitude>0</altitude>
					<heading>-0.0005327263757040391</heading>
					<tilt>0</tilt>
					<range>5602.662543941186</range>
					<gx:altitudeMode>relativeToSeaFloor</gx:altitudeMode>
				</LookAt>
				<styleUrl>#m_ylw-pushpin630</styleUrl>
				<Point>
					<gx:drawOrder>1</gx:drawOrder>
					<coordinates>103.8833648569618,1.318663912185519,0</coordinates>
				</Point>
			</Placemark>
			<Placemark>
				<name>ang mo kio</name>
				<visibility>0</visibility>
				<LookAt>
					<longitude>103.8421107387231</longitude>
					<latitude>1.374496235101704</latitude>
					<altitude>0</altitude>
					<heading>-0.0004697183959193016</heading>
					<tilt>0</tilt>
					<range>8775.065011783885</range>
					<gx:altitudeMode>relativeToSeaFloor</gx:altitudeMode>
				</LookAt>
				<styleUrl>#m_ylw-pushpin630</styleUrl>
				<Point>
					<gx:drawOrder>1</gx:drawOrder>
					<coordinates>103.8488746313376,1.369556225510656,0</coordinates>
				</Point>
			</Placemark>
			<Placemark>
				<name>balestier</name>
				<visibility>0</visibility>
				<LookAt>
					<longitude>103.8522396381781</longitude>
					<latitude>1.331811114070184</latitude>
					<altitude>0</altitude>
					<heading>6.964698843018384e-05</heading>
					<tilt>0</tilt>
					<range>9061.433821881179</range>
					<gx:altitudeMode>relativeToSeaFloor</gx:altitudeMode>
				</LookAt>
				<styleUrl>#m_ylw-pushpin6010</styleUrl>
				<Point>
					<gx:drawOrder>1</gx:drawOrder>
					<coordinates>103.8476315688588,1.322961630874634,0</coordinates>
				</Point>
			</Placemark>
			<Placemark>
				<name>beach road</name>
				<visibility>0</visibility>
				<LookAt>
					<longitude>103.8676225792955</longitude>
					<latitude>1.303849323528616</latitude>
					<altitude>0</altitude>
					<heading>-0.01783170370017847</heading>
					<tilt>0</tilt>
					<range>2939.758340919798</range>
					<gx:altitudeMode>relativeToSeaFloor</gx:altitudeMode>
				</LookAt>
				<styleUrl>#m_ylw-pushpin6</styleUrl>
				<Point>
					<gx:drawOrder>1</gx:drawOrder>
					<coordinates>103.8639181788235,1.303033000223228,0</coordinates>
				</Point>
			</Placemark>
			<Placemark>
				<name>bedok north</name>
				<visibility>0</visibility>
				<LookAt>
					<longitude>103.9410903827246</longitude>
					<latitude>1.33005874313803</latitude>
					<altitude>0</altitude>
					<heading>0.001873291699266516</heading>
					<tilt>0</tilt>
					<range>4658.213787040905</range>
					<gx:altitudeMode>relativeToSeaFloor</gx:altitudeMode>
				</LookAt>
				<styleUrl>#m_ylw-pushpin0</styleUrl>
				<Point>
					<gx:drawOrder>1</gx:drawOrder>
					<coordinates>103.9352133521447,1.329739818378405,0</coordinates>
				</Point>
			</Placemark>
			<Placemark>
				<name>bedok reservoir</name>
				<visibility>0</visibility>
				<LookAt>
					<longitude>103.9379813361858</longitude>
					<latitude>1.335911676569229</latitude>
					<altitude>0</altitude>
					<heading>0.001801448468178109</heading>
					<tilt>0</tilt>
					<range>5521.698391217185</range>
					<gx:altitudeMode>relativeToSeaFloor</gx:altitudeMode>
				</LookAt>
				<styleUrl>#m_ylw-pushpin0</styleUrl>
				<Point>
					<gx:drawOrder>1</gx:drawOrder>
					<coordinates>103.9263728037379,1.340291860675247,0</coordinates>
				</Point>
			</Placemark>
			<Placemark>
				<name>bedok south</name>
				<visibility>0</visibility>
				<LookAt>
					<longitude>103.9456735055207</longitude>
					<latitude>1.321663845020081</latitude>
					<altitude>0</altitude>
					<heading>0.001979973124798004</heading>
					<tilt>0</tilt>
					<range>5522.297832560042</range>
					<gx:altitudeMode>relativeToSeaFloor</gx:altitudeMode>
				</LookAt>
				<styleUrl>#m_ylw-pushpin0</styleUrl>
				<Point>
					<gx:drawOrder>1</gx:drawOrder>
					<coordinates>103.9398792628801,1.317580396363877,0</coordinates>
				</Point>
			</Placemark>
			<Placemark>
				<name>bencoolen</name>
				<visibility>0</visibility>
				<LookAt>
					<longitude>103.8514369869498</longitude>
					<latitude>1.300196154650055</latitude>
					<altitude>0</altitude>
					<heading>0.0001913648825947119</heading>
					<tilt>0.05957950579454019</tilt>
					<range>1645.105358934151</range>
					<gx:altitudeMode>relativeToSeaFloor</gx:altitudeMode>
				</LookAt>
				<styleUrl>#m_ylw-pushpin630</styleUrl>
				<Point>
					<gx:drawOrder>1</gx:drawOrder>
					<coordinates>103.8512303307534,1.301771031394326,0</coordinates>
				</Point>
			</Placemark>
			<Placemark>
				<name>bendemeer</name>
				<visibility>0</visibility>
				<LookAt>
					<longitude>103.8578388637739</longitude>
					<latitude>1.321748857332068</latitude>
					<altitude>0</altitude>
					<heading>0.001891570738447902</heading>
					<tilt>0</tilt>
					<range>3266.330401405225</range>
					<gx:altitudeMode>relativeToSeaFloor</gx:altitudeMode>
				</LookAt>
				<styleUrl>#m_ylw-pushpin631</styleUrl>
				<Point>
					<gx:drawOrder>1</gx:drawOrder>
					<coordinates>103.8637130046966,1.32458319377947,0</coordinates>
				</Point>
			</Placemark>
			<Placemark>
				<name>bidadari</name>
				<visibility>0</visibility>
				<LookAt>
					<longitude>103.8745198482593</longitude>
					<latitude>1.335778082426893</latitude>
					<altitude>0</altitude>
					<heading>0.2458065092064537</heading>
					<tilt>0</tilt>
					<range>3139.634258203921</range>
					<gx:altitudeMode>relativeToSeaFloor</gx:altitudeMode>
				</LookAt>
				<styleUrl>#m_ylw-pushpin630</styleUrl>
				<Point>
					<gx:drawOrder>1</gx:drawOrder>
					<coordinates>103.8747277031656,1.340865400938437,0</coordinates>
				</Point>
			</Placemark>
			<Placemark>
				<name>bishan</name>
				<visibility>0</visibility>
				<LookAt>
					<longitude>103.8430557943651</longitude>
					<latitude>1.35761168871404</latitude>
					<altitude>0</altitude>
					<heading>-0.0004514577694484683</heading>
					<tilt>0</tilt>
					<range>5385.023492872328</range>
					<gx:altitudeMode>relativeToSeaFloor</gx:altitudeMode>
				</LookAt>
				<styleUrl>#m_ylw-pushpin630</styleUrl>
				<Point>
					<gx:drawOrder>1</gx:drawOrder>
					<coordinates>103.8488626290919,1.352193564309976,0</coordinates>
				</Point>
			</Placemark>
			<Placemark>
				<name>boon keng</name>
				<visibility>0</visibility>
				<LookAt>
					<longitude>103.866163450522</longitude>
					<latitude>1.322772195915831</latitude>
					<altitude>0</altitude>
					<heading>0.002083822782589741</heading>
					<tilt>0</tilt>
					<range>6263.736828322196</range>
					<gx:altitudeMode>relativeToSeaFloor</gx:altitudeMode>
				</LookAt>
				<styleUrl>#m_ylw-pushpin631</styleUrl>
				<Point>
					<gx:drawOrder>1</gx:drawOrder>
					<coordinates>103.8594277917635,1.319097197326043,0</coordinates>
				</Point>
			</Placemark>
			<Placemark>
				<name>botanic gardens</name>
				<visibility>0</visibility>
				<LookAt>
					<longitude>103.8242219430532</longitude>
					<latitude>1.312027390753</latitude>
					<altitude>0</altitude>
					<heading>-0.0002070970704138678</heading>
					<tilt>0</tilt>
					<range>4988.093776966249</range>
					<gx:altitudeMode>relativeToSeaFloor</gx:altitudeMode>
				</LookAt>
				<styleUrl>#m_ylw-pushpin630</styleUrl>
				<Point>
					<gx:drawOrder>1</gx:drawOrder>
					<coordinates>103.8158876758007,1.31467469738078,0</coordinates>
				</Point>
			</Placemark>
			<Placemark>
				<name>braddell heights</name>
				<visibility>0</visibility>
				<LookAt>
					<longitude>103.8764731490236</longitude>
					<latitude>1.357866215078705</latitude>
					<altitude>0</altitude>
					<heading>0.0001106483027441206</heading>
					<tilt>0</tilt>
					<range>6105.797095121207</range>
					<gx:altitudeMode>relativeToSeaFloor</gx:altitudeMode>
				</LookAt>
				<styleUrl>#m_ylw-pushpin0</styleUrl>
				<Point>
					<gx:drawOrder>1</gx:drawOrder>
					<coordinates>103.8651279560727,1.347090101548036,0</coordinates>
				</Point>
			</Placemark>
			<Placemark>
				<name>brani</name>
				<visibility>0</visibility>
				<LookAt>
					<longitude>103.8270304202399</longitude>
					<latitude>1.253283241539296</latitude>
					<altitude>0</altitude>
					<heading>0.0150544610029476</heading>
					<tilt>0</tilt>
					<range>7991.195692320461</range>
					<gx:altitudeMode>relativeToSeaFloor</gx:altitudeMode>
				</LookAt>
				<styleUrl>#m_ylw-pushpin630</styleUrl>
				<Point>
					<gx:drawOrder>1</gx:drawOrder>
					<coordinates>103.8332627427194,1.259340417985461,0</coordinates>
				</Point>
			</Placemark>
			<Placemark>
				<name>bras basah</name>
				<visibility>0</visibility>
				<LookAt>
					<longitude>103.8499711825466</longitude>
					<latitude>1.298137840115542</latitude>
					<altitude>0</altitude>
					<heading>0.0001580464913042346</heading>
					<tilt>0.05957950578842289</tilt>
					<range>1645.105358935103</range>
					<gx:altitudeMode>relativeToSeaFloor</gx:altitudeMode>
				</LookAt>
				<styleUrl>#m_ylw-pushpin630</styleUrl>
				<Point>
					<gx:drawOrder>1</gx:drawOrder>
					<coordinates>103.8502635725314,1.297303765396766,0</coordinates>
				</Point>
			</Placemark>
			<Placemark>
				<name>buangkok</name>
				<visibility>0</visibility>
				<LookAt>
					<longitude>103.8931285013686</longitude>
					<latitude>1.374910720057593</latitude>
					<altitude>0</altitude>
					<heading>0.0004004398990844859</heading>
					<tilt>0</tilt>
					<range>4682.384775187548</range>
					<gx:altitudeMode>relativeToSeaFloor</gx:altitudeMode>
				</LookAt>
				<styleUrl>#m_ylw-pushpin630</styleUrl>
				<Point>
					<gx:drawOrder>1</gx:drawOrder>
					<coordinates>103.8819639514449,1.382501239547466,0</coordinates>
				</Point>
			</Placemark>
			<Placemark>
				<name>bugis</name>
				<visibility>0</visibility>
				<LookAt>
					<longitude>103.8569132098854</longitude>
					<latitude>1.302185818214939</latitude>
					<altitude>0</altitude>
					<heading>0.0003803989894974942</heading>
					<tilt>0</tilt>
					<range>3803.354805414881</range>
					<gx:altitudeMode>relativeToSeaFloor</gx:altitudeMode>
				</LookAt>
				<styleUrl>#m_ylw-pushpin60</styleUrl>
				<Point>
					<gx:drawOrder>1</gx:drawOrder>
					<coordinates>103.8560741510108,1.29912817893262,0</coordinates>
				</Point>
			</Placemark>
			<Placemark>
				<name>bukit batok</name>
				<visibility>0</visibility>
				<LookAt>
					<longitude>103.7651026786895</longitude>
					<latitude>1.347893820705935</latitude>
					<altitude>0</altitude>
					<heading>-0.0007449387485361918</heading>
					<tilt>0</tilt>
					<range>8871.84358318155</range>
					<gx:altitudeMode>relativeToSeaFloor</gx:altitudeMode>
				</LookAt>
				<styleUrl>#m_ylw-pushpin630</styleUrl>
				<Point>
					<gx:drawOrder>1</gx:drawOrder>
					<coordinates>103.7492288024253,1.347787293785212,0</coordinates>
				</Point>
			</Placemark>
			<Placemark>
				<name>bukit gombak</name>
				<visibility>0</visibility>
				<LookAt>
					<longitude>103.7928779700784</longitude>
					<latitude>1.365099161257711</latitude>
					<altitude>0</altitude>
					<heading>0.3160804644113004</heading>
					<tilt>0</tilt>
					<range>18253.79709782837</range>
					<gx:altitudeMode>relativeToSeaFloor</gx:altitudeMode>
				</LookAt>
				<styleUrl>#m_ylw-pushpin630</styleUrl>
				<Point>
					<gx:drawOrder>1</gx:drawOrder>
					<coordinates>103.7546716693642,1.364653584072382,0</coordinates>
				</Point>
			</Placemark>
			<Placemark>
				<name>bukit merah</name>
				<visibility>0</visibility>
				<LookAt>
					<longitude>103.8267815440416</longitude>
					<latitude>1.284286018636556</latitude>
					<altitude>0</altitude>
					<heading>0.00112846397871644</heading>
					<tilt>0</tilt>
					<range>3990.229556121526</range>
					<gx:altitudeMode>relativeToSeaFloor</gx:altitudeMode>
				</LookAt>
				<styleUrl>#m_ylw-pushpin63</styleUrl>
				<Point>
					<gx:drawOrder>1</gx:drawOrder>
					<coordinates>103.8216261270681,1.281395979545846,0</coordinates>
				</Point>
			</Placemark>
			<Placemark>
				<name>bukit panjang</name>
				<visibility>0</visibility>
				<LookAt>
					<longitude>103.7832009425321</longitude>
					<latitude>1.37524344437157</latitude>
					<altitude>0</altitude>
					<heading>-0.01864227398109147</heading>
					<tilt>0</tilt>
					<range>7384.831648729865</range>
					<gx:altitudeMode>relativeToSeaFloor</gx:altitudeMode>
				</LookAt>
				<styleUrl>#m_ylw-pushpin6</styleUrl>
				<Point>
					<gx:drawOrder>1</gx:drawOrder>
					<coordinates>103.7679558881355,1.381316004163991,0</coordinates>
				</Point>
			</Placemark>
			<Placemark>
				<name>bukit timah</name>
				<visibility>0</visibility>
				<LookAt>
					<longitude>103.7957211809129</longitude>
					<latitude>1.339105232888107</latitude>
					<altitude>0</altitude>
					<heading>0.0004029075320274464</heading>
					<tilt>0</tilt>
					<range>10554.9938069844</range>
					<gx:altitudeMode>relativeToSeaFloor</gx:altitudeMode>
				</LookAt>
				<styleUrl>#m_ylw-pushpin631</styleUrl>
				<Point>
					<gx:drawOrder>1</gx:drawOrder>
					<coordinates>103.7965915343116,1.328748162367099,0</coordinates>
				</Point>
			</Placemark>
			<Placemark>
				<name>buona vista</name>
				<visibility>0</visibility>
				<LookAt>
					<longitude>103.7943346675983</longitude>
					<latitude>1.305956027792516</latitude>
					<altitude>0</altitude>
					<heading>0.0143377219131994</heading>
					<tilt>0</tilt>
					<range>2971.250943336088</range>
					<gx:altitudeMode>relativeToSeaFloor</gx:altitudeMode>
				</LookAt>
				<styleUrl>#m_ylw-pushpin630</styleUrl>
				<Point>
					<gx:drawOrder>1</gx:drawOrder>
					<coordinates>103.7889478507547,1.306351603497664,0</coordinates>
				</Point>
			</Placemark>
			<Placemark>
				<name>canberra</name>
				<visibility>0</visibility>
				<LookAt>
					<longitude>103.8429322420698</longitude>
					<latitude>1.447017780364747</latitude>
					<altitude>0</altitude>
					<heading>-0.1736587324786312</heading>
					<tilt>0</tilt>
					<range>5760.854479589826</range>
					<gx:altitudeMode>relativeToSeaFloor</gx:altitudeMode>
				</LookAt>
				<styleUrl>#m_ylw-pushpin6010</styleUrl>
				<Point>
					<gx:drawOrder>1</gx:drawOrder>
					<coordinates>103.8292852597557,1.444962051956951,0</coordinates>
				</Point>
			</Placemark>
			<Placemark>
				<name>cashew</name>
				<visibility>0</visibility>
				<LookAt>
					<longitude>103.7832009425321</longitude>
					<latitude>1.37524344437157</latitude>
					<altitude>0</altitude>
					<heading>-0.01864227398109147</heading>
					<tilt>0</tilt>
					<range>7384.831648729865</range>
					<gx:altitudeMode>relativeToSeaFloor</gx:altitudeMode>
				</LookAt>
				<styleUrl>#m_ylw-pushpin6</styleUrl>
				<Point>
					<gx:drawOrder>1</gx:drawOrder>
					<coordinates>103.7717367759536,1.369144014226094,0</coordinates>
				</Point>
			</Placemark>
			<Placemark>
				<name>chai chee</name>
				<visibility>0</visibility>
				<LookAt>
					<longitude>103.9330352444498</longitude>
					<latitude>1.328773348256739</latitude>
					<altitude>0</altitude>
					<heading>0.001686623858979707</heading>
					<tilt>0</tilt>
					<range>4859.800606058145</range>
					<gx:altitudeMode>relativeToSeaFloor</gx:altitudeMode>
				</LookAt>
				<styleUrl>#m_ylw-pushpin0</styleUrl>
				<Point>
					<gx:drawOrder>1</gx:drawOrder>
					<coordinates>103.9226060504828,1.326680538977449,0</coordinates>
				</Point>
			</Placemark>
			<Placemark>
				<name>changi airport</name>
				<visibility>0</visibility>
				<LookAt>
					<longitude>103.9809028909851</longitude>
					<latitude>1.356825081747731</latitude>
					<altitude>0</altitude>
					<heading>0.06403917610336902</heading>
					<tilt>0</tilt>
					<range>15056.11787408405</range>
					<gx:altitudeMode>relativeToSeaFloor</gx:altitudeMode>
				</LookAt>
				<styleUrl>#m_ylw-pushpin630</styleUrl>
				<Point>
					<gx:drawOrder>1</gx:drawOrder>
					<coordinates>104.0012153133396,1.345861259915169,0</coordinates>
				</Point>
			</Placemark>
			<Placemark>
				<name>changi bay</name>
				<visibility>0</visibility>
				<LookAt>
					<longitude>104.0390569351433</longitude>
					<latitude>1.335877607274145</latitude>
					<altitude>0</altitude>
					<heading>0.06552568586459279</heading>
					<tilt>0</tilt>
					<range>11536.46677334958</range>
					<gx:altitudeMode>relativeToSeaFloor</gx:altitudeMode>
				</LookAt>
				<styleUrl>#m_ylw-pushpin630</styleUrl>
				<Point>
					<gx:drawOrder>1</gx:drawOrder>
					<coordinates>104.0380865503674,1.333391428290115,0</coordinates>
				</Point>
			</Placemark>
			<Placemark>
				<name>changi village</name>
				<visibility>0</visibility>
				<LookAt>
					<longitude>103.9809028909851</longitude>
					<latitude>1.356825081747731</latitude>
					<altitude>0</altitude>
					<heading>0.06403917610336902</heading>
					<tilt>0</tilt>
					<range>15056.11787408405</range>
					<gx:altitudeMode>relativeToSeaFloor</gx:altitudeMode>
				</LookAt>
				<styleUrl>#m_ylw-pushpin630</styleUrl>
				<Point>
					<gx:drawOrder>1</gx:drawOrder>
					<coordinates>103.9819017545052,1.389648241492428,0</coordinates>
				</Point>
			</Placemark>
			<Placemark>
				<name>chinatown</name>
				<visibility>0</visibility>
				<LookAt>
					<longitude>103.8499826965274</longitude>
					<latitude>1.279246218365198</latitude>
					<altitude>0</altitude>
					<heading>0.0001195768322311382</heading>
					<tilt>0</tilt>
					<range>4648.548534211202</range>
					<gx:altitudeMode>relativeToSeaFloor</gx:altitudeMode>
				</LookAt>
				<styleUrl>#m_ylw-pushpin60</styleUrl>
				<Point>
					<gx:drawOrder>1</gx:drawOrder>
					<coordinates>103.8445906091096,1.281428979066257,0</coordinates>
				</Point>
			</Placemark>
			<Placemark>
				<name>choa chu kang</name>
				<visibility>0</visibility>
				<LookAt>
					<longitude>103.7654032990731</longitude>
					<latitude>1.380235134046672</latitude>
					<altitude>0</altitude>
					<heading>-0.00386567635351255</heading>
					<tilt>0</tilt>
					<range>16105.40122391775</range>
					<gx:altitudeMode>relativeToSeaFloor</gx:altitudeMode>
				</LookAt>
				<styleUrl>#m_ylw-pushpin601</styleUrl>
				<Point>
					<gx:drawOrder>1</gx:drawOrder>
					<coordinates>103.7461362231289,1.38010404944533,0</coordinates>
				</Point>
			</Placemark>
			<Placemark>
				<name>city hall</name>
				<visibility>0</visibility>
				<LookAt>
					<longitude>103.8547076708447</longitude>
					<latitude>1.292748000528178</latitude>
					<altitude>0</altitude>
					<heading>0.0001520549083551628</heading>
					<tilt>0</tilt>
					<range>3566.189706386265</range>
					<gx:altitudeMode>relativeToSeaFloor</gx:altitudeMode>
				</LookAt>
				<styleUrl>#m_ylw-pushpin60</styleUrl>
				<Point>
					<gx:drawOrder>1</gx:drawOrder>
					<coordinates>103.8525505448487,1.291834632214109,0</coordinates>
				</Point>
			</Placemark>
			<Placemark>
				<name>clarke quay</name>
				<visibility>0</visibility>
				<LookAt>
					<longitude>103.8488550893086</longitude>
					<latitude>1.290563458297454</latitude>
					<altitude>0</altitude>
					<heading>9.704701917460965e-05</heading>
					<tilt>0</tilt>
					<range>2692.307212929776</range>
					<gx:altitudeMode>relativeToSeaFloor</gx:altitudeMode>
				</LookAt>
				<styleUrl>#m_ylw-pushpin60</styleUrl>
				<Point>
					<gx:drawOrder>1</gx:drawOrder>
					<coordinates>103.8460578445146,1.288341557846625,0</coordinates>
				</Point>
			</Placemark>
			<Placemark>
				<name>clementi</name>
				<visibility>0</visibility>
				<LookAt>
					<longitude>103.8033802791653</longitude>
					<latitude>1.316455357713092</latitude>
					<altitude>0</altitude>
					<heading>0.0009387220582095663</heading>
					<tilt>0</tilt>
					<range>13653.6375418879</range>
					<gx:altitudeMode>relativeToSeaFloor</gx:altitudeMode>
				</LookAt>
				<styleUrl>#m_ylw-pushpin630</styleUrl>
				<Point>
					<gx:drawOrder>1</gx:drawOrder>
					<coordinates>103.7641252883746,1.322408710603292,0</coordinates>
				</Point>
			</Placemark>
			<Placemark>
				<name>commonwealth</name>
				<visibility>0</visibility>
				<LookAt>
					<longitude>103.8021641335181</longitude>
					<latitude>1.302096270281363</latitude>
					<altitude>0</altitude>
					<heading>0.01451616673892448</heading>
					<tilt>0</tilt>
					<range>2971.250943333464</range>
					<gx:altitudeMode>relativeToSeaFloor</gx:altitudeMode>
				</LookAt>
				<styleUrl>#m_ylw-pushpin630</styleUrl>
				<Point>
					<gx:drawOrder>1</gx:drawOrder>
					<coordinates>103.7980589225996,1.302449299830193,0</coordinates>
				</Point>
			</Placemark>
			<Placemark>
				<name>defu</name>
				<visibility>0</visibility>
				<LookAt>
					<longitude>103.9076030801658</longitude>
					<latitude>1.358436478257418</latitude>
					<altitude>0</altitude>
					<heading>0.001431576176101288</heading>
					<tilt>0</tilt>
					<range>9840.532331934099</range>
					<gx:altitudeMode>relativeToSeaFloor</gx:altitudeMode>
				</LookAt>
				<styleUrl>#m_ylw-pushpin6010</styleUrl>
				<Point>
					<gx:drawOrder>1</gx:drawOrder>
					<coordinates>103.8928666727216,1.352108899710341,0</coordinates>
				</Point>
			</Placemark>
			<Placemark>
				<name>depot road</name>
				<visibility>0</visibility>
				<LookAt>
					<longitude>103.8189893975817</longitude>
					<latitude>1.280673742792401</latitude>
					<altitude>0</altitude>
					<heading>0.0002152106377404306</heading>
					<tilt>0</tilt>
					<range>3058.595405248529</range>
					<gx:altitudeMode>relativeToSeaFloor</gx:altitudeMode>
				</LookAt>
				<styleUrl>#m_ylw-pushpin630</styleUrl>
				<Point>
					<gx:drawOrder>1</gx:drawOrder>
					<coordinates>103.809355745427,1.282079676304562,0</coordinates>
				</Point>
			</Placemark>
			<Placemark>
				<name>dhoby ghaut</name>
				<visibility>0</visibility>
				<LookAt>
					<longitude>103.8475542434778</longitude>
					<latitude>1.299883680083192</latitude>
					<altitude>0</altitude>
					<heading>0.0001033079066522737</heading>
					<tilt>0.05957950578230561</tilt>
					<range>1645.10535893485</range>
					<gx:altitudeMode>relativeToSeaFloor</gx:altitudeMode>
				</LookAt>
				<styleUrl>#m_ylw-pushpin630</styleUrl>
				<Point>
					<gx:drawOrder>1</gx:drawOrder>
					<coordinates>103.8451956399452,1.298909298809243,0</coordinates>
				</Point>
			</Placemark>
			<Placemark>
				<name>dover</name>
				<visibility>0</visibility>
				<LookAt>
					<longitude>103.7947093089847</longitude>
					<latitude>1.307945849513625</latitude>
					<altitude>0</altitude>
					<heading>-0.000966724531384271</heading>
					<tilt>0</tilt>
					<range>5610.115695274555</range>
					<gx:altitudeMode>relativeToSeaFloor</gx:altitudeMode>
				</LookAt>
				<styleUrl>#m_ylw-pushpin630</styleUrl>
				<Point>
					<gx:drawOrder>1</gx:drawOrder>
					<coordinates>103.779006598483,1.305313580604398,0</coordinates>
				</Point>
			</Placemark>
			<Placemark>
				<name>downtown</name>
				<visibility>0</visibility>
				<LookAt>
					<longitude>103.8545746506527</longitude>
					<latitude>1.281912943118751</latitude>
					<altitude>0</altitude>
					<heading>0.0002227604377356334</heading>
					<tilt>0</tilt>
					<range>3332.994688348497</range>
					<gx:altitudeMode>relativeToSeaFloor</gx:altitudeMode>
				</LookAt>
				<styleUrl>#m_ylw-pushpin60</styleUrl>
				<Point>
					<gx:drawOrder>1</gx:drawOrder>
					<coordinates>103.8511591997089,1.281557267098056,0</coordinates>
				</Point>
			</Placemark>
			<Placemark>
				<name>east coast park</name>
				<visibility>0</visibility>
				<LookAt>
					<longitude>103.915685912203</longitude>
					<latitude>1.316243312715206</latitude>
					<altitude>0</altitude>
					<heading>-1.60296481421358e-05</heading>
					<tilt>0</tilt>
					<range>9397.115212446133</range>
					<gx:altitudeMode>relativeToSeaFloor</gx:altitudeMode>
				</LookAt>
				<styleUrl>#m_ylw-pushpin630</styleUrl>
				<Point>
					<gx:drawOrder>1</gx:drawOrder>
					<coordinates>103.9300063068355,1.305689460449579,0</coordinates>
				</Point>
			</Placemark>
			<Placemark>
				<name>eunos</name>
				<visibility>0</visibility>
				<LookAt>
					<longitude>103.9201130509613</longitude>
					<latitude>1.326063483201525</latitude>
					<altitude>0</altitude>
					<heading>0.01864628888404934</heading>
					<tilt>0</tilt>
					<range>9868.709749151792</range>
					<gx:altitudeMode>relativeToSeaFloor</gx:altitudeMode>
				</LookAt>
				<styleUrl>#m_ylw-pushpin630</styleUrl>
				<Point>
					<gx:drawOrder>1</gx:drawOrder>
					<coordinates>103.8985227468249,1.320318144111175,0</coordinates>
				</Point>
			</Placemark>
			<Placemark>
				<name>expo</name>
				<visibility>0</visibility>
				<LookAt>
					<longitude>103.9682425885264</longitude>
					<latitude>1.342797471472526</latitude>
					<altitude>0</altitude>
					<heading>-0.01429757827680784</heading>
					<tilt>0</tilt>
					<range>5158.091395932244</range>
					<gx:altitudeMode>relativeToSeaFloor</gx:altitudeMode>
				</LookAt>
				<styleUrl>#m_ylw-pushpin6</styleUrl>
				<Point>
					<gx:drawOrder>1</gx:drawOrder>
					<coordinates>103.9657858877244,1.335495895940566,0</coordinates>
				</Point>
			</Placemark>
			<Placemark>
				<name>farrer park</name>
				<visibility>0</visibility>
				<LookAt>
					<longitude>103.8548864618442</longitude>
					<latitude>1.311663437136279</latitude>
					<altitude>0</altitude>
					<heading>0.01559225636926212</heading>
					<tilt>0</tilt>
					<range>2866.422214680013</range>
					<gx:altitudeMode>relativeToSeaFloor</gx:altitudeMode>
				</LookAt>
				<styleUrl>#m_ylw-pushpin630</styleUrl>
				<Point>
					<gx:drawOrder>1</gx:drawOrder>
					<coordinates>103.8504373280522,1.313389685411828,0</coordinates>
				</Point>
			</Placemark>
			<Placemark>
				<name>farrer road</name>
				<visibility>0</visibility>
				<LookAt>
					<longitude>103.8242219430532</longitude>
					<latitude>1.312027390753</latitude>
					<altitude>0</altitude>
					<heading>-0.0002070970704138678</heading>
					<tilt>0</tilt>
					<range>4988.093776966249</range>
					<gx:altitudeMode>relativeToSeaFloor</gx:altitudeMode>
				</LookAt>
				<styleUrl>#m_ylw-pushpin630</styleUrl>
				<Point>
					<gx:drawOrder>1</gx:drawOrder>
					<coordinates>103.8076354423525,1.316589423482905,0</coordinates>
				</Point>
			</Placemark>
			<Placemark>
				<name>fort canning</name>
				<visibility>0</visibility>
				<LookAt>
					<longitude>103.8510813290684</longitude>
					<latitude>1.296598539328881</latitude>
					<altitude>0</altitude>
					<heading>0.0002481565420578032</heading>
					<tilt>0</tilt>
					<range>4066.176158779348</range>
					<gx:altitudeMode>relativeToSeaFloor</gx:altitudeMode>
				</LookAt>
				<styleUrl>#m_ylw-pushpin60</styleUrl>
				<Point>
					<gx:drawOrder>1</gx:drawOrder>
					<coordinates>103.8470013226794,1.293416391800776,0</coordinates>
				</Point>
			</Placemark>
			<Placemark>
				<name>geylang</name>
				<visibility>0</visibility>
				<LookAt>
					<longitude>103.8901499572551</longitude>
					<latitude>1.318610886234504</latitude>
					<altitude>0</altitude>
					<heading>-0.0005327263757040391</heading>
					<tilt>0</tilt>
					<range>5602.662543941186</range>
					<gx:altitudeMode>relativeToSeaFloor</gx:altitudeMode>
				</LookAt>
				<styleUrl>#m_ylw-pushpin630</styleUrl>
				<Point>
					<gx:drawOrder>1</gx:drawOrder>
					<coordinates>103.8837366810531,1.313486816887868,0</coordinates>
				</Point>
			</Placemark>
			<Placemark>
				<name>ghim moh</name>
				<visibility>0</visibility>
				<LookAt>
					<longitude>103.7943346675983</longitude>
					<latitude>1.305956027792516</latitude>
					<altitude>0</altitude>
					<heading>0.0143377219131994</heading>
					<tilt>0</tilt>
					<range>2971.250943336088</range>
					<gx:altitudeMode>relativeToSeaFloor</gx:altitudeMode>
				</LookAt>
				<styleUrl>#m_ylw-pushpin630</styleUrl>
				<Point>
					<gx:drawOrder>1</gx:drawOrder>
					<coordinates>103.7877095558531,1.310927902803994,0</coordinates>
				</Point>
			</Placemark>
			<Placemark>
				<name>gul</name>
				<visibility>0</visibility>
				<LookAt>
					<longitude>103.7498742246337</longitude>
					<latitude>1.326013974137539</latitude>
					<altitude>0</altitude>
					<heading>-0.0008927470179774919</heading>
					<tilt>0</tilt>
					<range>37999.84987909076</range>
					<gx:altitudeMode>relativeToSeaFloor</gx:altitudeMode>
				</LookAt>
				<styleUrl>#m_ylw-pushpin630</styleUrl>
				<Point>
					<gx:drawOrder>1</gx:drawOrder>
					<coordinates>103.664569459963,1.309167078359603,0</coordinates>
				</Point>
			</Placemark>
			<Placemark>
				<name>havelock</name>
				<visibility>0</visibility>
				<LookAt>
					<longitude>103.8276587452693</longitude>
					<latitude>1.283818698007157</latitude>
					<altitude>0</altitude>
					<heading>0.0004093189527256586</heading>
					<tilt>0</tilt>
					<range>3058.59540524976</range>
					<gx:altitudeMode>relativeToSeaFloor</gx:altitudeMode>
				</LookAt>
				<styleUrl>#m_ylw-pushpin630</styleUrl>
				<Point>
					<gx:drawOrder>1</gx:drawOrder>
					<coordinates>103.8303045590261,1.28947122749194,0</coordinates>
				</Point>
			</Placemark>
			<Placemark>
				<name>hillview</name>
				<visibility>0</visibility>
				<LookAt>
					<longitude>103.7651026786895</longitude>
					<latitude>1.347893820705935</latitude>
					<altitude>0</altitude>
					<heading>-0.0007449387485361918</heading>
					<tilt>0</tilt>
					<range>8871.84358318155</range>
					<gx:altitudeMode>relativeToSeaFloor</gx:altitudeMode>
				</LookAt>
				<styleUrl>#m_ylw-pushpin630</styleUrl>
				<Point>
					<gx:drawOrder>1</gx:drawOrder>
					<coordinates>103.7636853005669,1.355119929366737,0</coordinates>
				</Point>
			</Placemark>
			<Placemark>
				<name>holland village</name>
				<visibility>0</visibility>
				<LookAt>
					<longitude>103.8013341175668</longitude>
					<latitude>1.305658656899868</latitude>
					<altitude>0</altitude>
					<heading>0.01449753865363169</heading>
					<tilt>0</tilt>
					<range>2971.25094333642</range>
					<gx:altitudeMode>relativeToSeaFloor</gx:altitudeMode>
				</LookAt>
				<styleUrl>#m_ylw-pushpin630</styleUrl>
				<Point>
					<gx:drawOrder>1</gx:drawOrder>
					<coordinates>103.7966523126953,1.309433226646221,0</coordinates>
				</Point>
			</Placemark>
			<Placemark>
				<name>hougang</name>
				<visibility>0</visibility>
				<LookAt>
					<longitude>103.8828878671083</longitude>
					<latitude>1.366649851362541</latitude>
					<altitude>0</altitude>
					<heading>0.0008423963150881263</heading>
					<tilt>0</tilt>
					<range>6903.871638715683</range>
					<gx:altitudeMode>relativeToSeaFloor</gx:altitudeMode>
				</LookAt>
				<styleUrl>#m_ylw-pushpin6010</styleUrl>
				<Point>
					<gx:drawOrder>1</gx:drawOrder>
					<coordinates>103.8929767715836,1.372587474262388,0</coordinates>
				</Point>
			</Placemark>
			<Placemark>
				<name>jalan besar</name>
				<visibility>0</visibility>
				<LookAt>
					<longitude>103.8652879044371</longitude>
					<latitude>1.304288045930574</latitude>
					<altitude>0</altitude>
					<heading>0.002006347862354266</heading>
					<tilt>0.08210193386203825</tilt>
					<range>4306.897505495658</range>
					<gx:altitudeMode>relativeToSeaFloor</gx:altitudeMode>
				</LookAt>
				<styleUrl>#m_ylw-pushpin60</styleUrl>
				<Point>
					<gx:drawOrder>1</gx:drawOrder>
					<coordinates>103.8572139318061,1.30459418492753,0</coordinates>
				</Point>
			</Placemark>
			<Placemark>
				<name>joo chiat</name>
				<visibility>0</visibility>
				<LookAt>
					<longitude>103.9041268596702</longitude>
					<latitude>1.310707323445269</latitude>
					<altitude>0</altitude>
					<heading>-0.000228689800556944</heading>
					<tilt>0</tilt>
					<range>3767.84498312713</range>
					<gx:altitudeMode>relativeToSeaFloor</gx:altitudeMode>
				</LookAt>
				<styleUrl>#m_ylw-pushpin01</styleUrl>
				<Point>
					<gx:drawOrder>1</gx:drawOrder>
					<coordinates>103.8983610559092,1.312588270882227,0</coordinates>
				</Point>
			</Placemark>
			<Placemark>
				<name>joo koon</name>
				<visibility>0</visibility>
				<LookAt>
					<longitude>103.7128564282338</longitude>
					<latitude>1.333610478526478</latitude>
					<altitude>0</altitude>
					<heading>-0.001754666457035325</heading>
					<tilt>0</tilt>
					<range>17719.70481968674</range>
					<gx:altitudeMode>relativeToSeaFloor</gx:altitudeMode>
				</LookAt>
				<styleUrl>#m_ylw-pushpin630</styleUrl>
				<Point>
					<gx:drawOrder>1</gx:drawOrder>
					<coordinates>103.6727280107892,1.325755151745686,0</coordinates>
				</Point>
			</Placemark>
			<Placemark>
				<name>joo seng</name>
				<visibility>0</visibility>
				<LookAt>
					<longitude>103.8745198482593</longitude>
					<latitude>1.335778082426893</latitude>
					<altitude>0</altitude>
					<heading>0.2458065092064537</heading>
					<tilt>0</tilt>
					<range>3139.634258203921</range>
					<gx:altitudeMode>relativeToSeaFloor</gx:altitudeMode>
				</LookAt>
				<styleUrl>#m_ylw-pushpin630</styleUrl>
				<Point>
					<gx:drawOrder>1</gx:drawOrder>
					<coordinates>103.8826254590814,1.336323545823439,0</coordinates>
				</Point>
			</Placemark>
			<Placemark>
				<name>jurong east</name>
				<visibility>0</visibility>
				<LookAt>
					<longitude>103.7468443034962</longitude>
					<latitude>1.345382805328494</latitude>
					<altitude>0</altitude>
					<heading>-0.001924525354639363</heading>
					<tilt>0</tilt>
					<range>8669.786156520206</range>
					<gx:altitudeMode>relativeToSeaFloor</gx:altitudeMode>
				</LookAt>
				<styleUrl>#m_ylw-pushpin630</styleUrl>
				<Point>
					<gx:drawOrder>1</gx:drawOrder>
					<coordinates>103.7448363658356,1.336071142315498,0</coordinates>
				</Point>
			</Placemark>
			<Placemark>
				<name>jurong island</name>
				<visibility>0</visibility>
				<LookAt>
					<longitude>103.6994561594131</longitude>
					<latitude>1.270946503794686</latitude>
					<altitude>0</altitude>
					<heading>-0.002120861375934703</heading>
					<tilt>0</tilt>
					<range>17719.70481968782</range>
					<gx:altitudeMode>relativeToSeaFloor</gx:altitudeMode>
				</LookAt>
				<styleUrl>#m_ylw-pushpin630</styleUrl>
				<Point>
					<gx:drawOrder>1</gx:drawOrder>
					<coordinates>103.6943610655068,1.26995583379535,0</coordinates>
				</Point>
			</Placemark>
			<Placemark>
				<name>jurong lake gardens</name>
				<visibility>0</visibility>
				<LookAt>
					<longitude>103.7468443034962</longitude>
					<latitude>1.345382805328494</latitude>
					<altitude>0</altitude>
					<heading>-0.001924525354639363</heading>
					<tilt>0</tilt>
					<range>8669.786156520206</range>
					<gx:altitudeMode>relativeToSeaFloor</gx:altitudeMode>
				</LookAt>
				<styleUrl>#m_ylw-pushpin630</styleUrl>
				<Point>
					<gx:drawOrder>1</gx:drawOrder>
					<coordinates>103.7305703864196,1.33264318594338,0</coordinates>
				</Point>
			</Placemark>
			<Placemark>
				<name>jurong port</name>
				<visibility>0</visibility>
				<LookAt>
					<longitude>103.7128564282338</longitude>
					<latitude>1.333610478526478</latitude>
					<altitude>0</altitude>
					<heading>-0.001754666457035325</heading>
					<tilt>0</tilt>
					<range>17719.70481968674</range>
					<gx:altitudeMode>relativeToSeaFloor</gx:altitudeMode>
				</LookAt>
				<styleUrl>#m_ylw-pushpin630</styleUrl>
				<Point>
					<gx:drawOrder>1</gx:drawOrder>
					<coordinates>103.7162537430268,1.318682514562341,0</coordinates>
				</Point>
			</Placemark>
			<Placemark>
				<name>jurong west</name>
				<visibility>0</visibility>
				<LookAt>
					<longitude>103.7323286675735</longitude>
					<latitude>1.31588693252165</latitude>
					<altitude>0</altitude>
					<heading>-0.002666937541804538</heading>
					<tilt>0</tilt>
					<range>18744.08553562575</range>
					<gx:altitudeMode>relativeToSeaFloor</gx:altitudeMode>
				</LookAt>
				<styleUrl>#m_ylw-pushpin6010</styleUrl>
				<Point>
					<gx:drawOrder>1</gx:drawOrder>
					<coordinates>103.7150327226021,1.347828644930384,0</coordinates>
				</Point>
			</Placemark>
			<Placemark>
				<name>kaki bukit</name>
				<visibility>0</visibility>
				<LookAt>
					<longitude>103.9193135927072</longitude>
					<latitude>1.338142867296828</latitude>
					<altitude>0</altitude>
					<heading>4.914339297791386</heading>
					<tilt>0</tilt>
					<range>6635.809455463877</range>
					<gx:altitudeMode>relativeToSeaFloor</gx:altitudeMode>
				</LookAt>
				<styleUrl>#m_ylw-pushpin630</styleUrl>
				<Point>
					<gx:drawOrder>1</gx:drawOrder>
					<coordinates>103.9091453302979,1.338059569490598,0</coordinates>
				</Point>
			</Placemark>
			<Placemark>
				<name>kallang</name>
				<visibility>0</visibility>
				<LookAt>
					<longitude>103.8710815925016</longitude>
					<latitude>1.309632151322583</latitude>
					<altitude>0</altitude>
					<heading>0.002235655116394167</heading>
					<tilt>0.08207013450188537</tilt>
					<range>1834.978556699145</range>
					<gx:altitudeMode>relativeToSeaFloor</gx:altitudeMode>
				</LookAt>
				<styleUrl>#m_ylw-pushpin60</styleUrl>
				<Point>
					<gx:drawOrder>1</gx:drawOrder>
					<coordinates>103.8697203378227,1.310345205693101,0</coordinates>
				</Point>
			</Placemark>
			<Placemark>
				<name>kallang way</name>
				<visibility>0</visibility>
				<LookAt>
					<longitude>103.8884925223114</longitude>
					<latitude>1.321769877099282</latitude>
					<altitude>0</altitude>
					<heading>-0.0005709699881861337</heading>
					<tilt>0</tilt>
					<range>5602.662543942774</range>
					<gx:altitudeMode>relativeToSeaFloor</gx:altitudeMode>
				</LookAt>
				<styleUrl>#m_ylw-pushpin630</styleUrl>
				<Point>
					<gx:drawOrder>1</gx:drawOrder>
					<coordinates>103.8764224412818,1.325380479770901,0</coordinates>
				</Point>
			</Placemark>
			<Placemark>
				<name>kampong glam</name>
				<visibility>0</visibility>
				<LookAt>
					<longitude>103.8598044014005</longitude>
					<latitude>1.303372248154995</latitude>
					<altitude>0</altitude>
					<heading>0.001594938615010124</heading>
					<tilt>0.08209466175420545</tilt>
					<range>3722.71993872645</range>
					<gx:altitudeMode>relativeToSeaFloor</gx:altitudeMode>
				</LookAt>
				<styleUrl>#m_ylw-pushpin60</styleUrl>
				<Point>
					<gx:drawOrder>1</gx:drawOrder>
					<coordinates>103.8604484059938,1.301749425748072,0</coordinates>
				</Point>
			</Placemark>
			<Placemark>
				<name>katong</name>
				<visibility>0</visibility>
				<LookAt>
					<longitude>103.9007165318089</longitude>
					<latitude>1.306338251651122</latitude>
					<altitude>0</altitude>
					<heading>-0.0003066640308543626</heading>
					<tilt>0</tilt>
					<range>3785.077320460185</range>
					<gx:altitudeMode>relativeToSeaFloor</gx:altitudeMode>
				</LookAt>
				<styleUrl>#m_ylw-pushpin01</styleUrl>
				<Point>
					<gx:drawOrder>1</gx:drawOrder>
					<coordinates>103.9027594703694,1.305484717989712,0</coordinates>
				</Point>
			</Placemark>
			<Placemark>
				<name>kembangan</name>
				<visibility>0</visibility>
				<LookAt>
					<longitude>103.9201130509613</longitude>
					<latitude>1.326063483201525</latitude>
					<altitude>0</altitude>
					<heading>0.01864628888404934</heading>
					<tilt>0</tilt>
					<range>9868.709749151792</range>
					<gx:altitudeMode>relativeToSeaFloor</gx:altitudeMode>
				</LookAt>
				<styleUrl>#m_ylw-pushpin630</styleUrl>
				<Point>
					<gx:drawOrder>1</gx:drawOrder>
					<coordinates>103.9119963244751,1.323213478421367,0</coordinates>
				</Point>
			</Placemark>
			<Placemark>
				<name>kent ridge</name>
				<visibility>0</visibility>
				<LookAt>
					<longitude>103.7942965293468</longitude>
					<latitude>1.290968720759619</latitude>
					<altitude>0</altitude>
					<heading>0.0001024263812286651</heading>
					<tilt>0.08213342355605542</tilt>
					<range>6828.199257923899</range>
					<gx:altitudeMode>relativeToSeaFloor</gx:altitudeMode>
				</LookAt>
				<styleUrl>#m_ylw-pushpin60</styleUrl>
				<Point>
					<gx:drawOrder>1</gx:drawOrder>
					<coordinates>103.7863512766475,1.28957718442013,0</coordinates>
				</Point>
			</Placemark>
			<Placemark>
				<name>keppel bay</name>
				<visibility>0</visibility>
				<LookAt>
					<longitude>103.8122750341789</longitude>
					<latitude>1.267069899787585</latitude>
					<altitude>0</altitude>
					<heading>0.01469224273009268</heading>
					<tilt>0</tilt>
					<range>3617.019561096609</range>
					<gx:altitudeMode>relativeToSeaFloor</gx:altitudeMode>
				</LookAt>
				<styleUrl>#m_ylw-pushpin630</styleUrl>
				<Point>
					<gx:drawOrder>1</gx:drawOrder>
					<coordinates>103.8125235150769,1.266658483213021,0</coordinates>
				</Point>
			</Placemark>
			<Placemark>
				<name>khatib</name>
				<visibility>0</visibility>
				<LookAt>
					<longitude>103.8476295550217</longitude>
					<latitude>1.418431893696626</latitude>
					<altitude>0</altitude>
					<heading>-0.2008159830090197</heading>
					<tilt>0</tilt>
					<range>6720.148266278693</range>
					<gx:altitudeMode>relativeToSeaFloor</gx:altitudeMode>
				</LookAt>
				<styleUrl>#m_ylw-pushpin6010</styleUrl>
				<Point>
					<gx:drawOrder>1</gx:drawOrder>
					<coordinates>103.8315206946221,1.416457757189997,0</coordinates>
				</Point>
			</Placemark>
			<Placemark>
				<name>kovan</name>
				<visibility>0</visibility>
				<LookAt>
					<longitude>103.8828878671083</longitude>
					<latitude>1.366649851362541</latitude>
					<altitude>0</altitude>
					<heading>0.00084239631508584</heading>
					<tilt>0</tilt>
					<range>6903.871638715434</range>
					<gx:altitudeMode>relativeToSeaFloor</gx:altitudeMode>
				</LookAt>
				<styleUrl>#m_ylw-pushpin6010</styleUrl>
				<Point>
					<gx:drawOrder>1</gx:drawOrder>
					<coordinates>103.8829849078867,1.359935237365755,0</coordinates>
				</Point>
			</Placemark>
			<Placemark>
				<name>kranji</name>
				<visibility>0</visibility>
				<LookAt>
					<longitude>103.7650514934979</longitude>
					<latitude>1.426358370641992</latitude>
					<altitude>0</altitude>
					<heading>-0.004156353480993741</heading>
					<tilt>0</tilt>
					<range>7474.769069108295</range>
					<gx:altitudeMode>relativeToSeaFloor</gx:altitudeMode>
				</LookAt>
				<styleUrl>#m_ylw-pushpin601</styleUrl>
				<Point>
					<gx:drawOrder>1</gx:drawOrder>
					<coordinates>103.760866355225,1.4275620207223,0</coordinates>
				</Point>
			</Placemark>
			<Placemark>
				<name>lavender</name>
				<visibility>0</visibility>
				<LookAt>
					<longitude>103.8705116068921</longitude>
					<latitude>1.304386947150101</latitude>
					<altitude>0</altitude>
					<heading>-0.01776595181986697</heading>
					<tilt>0</tilt>
					<range>6453.933989317484</range>
					<gx:altitudeMode>relativeToSeaFloor</gx:altitudeMode>
				</LookAt>
				<styleUrl>#m_ylw-pushpin6</styleUrl>
				<Point>
					<gx:drawOrder>1</gx:drawOrder>
					<coordinates>103.8603026648073,1.309881529020956,0</coordinates>
				</Point>
			</Placemark>
			<Placemark>
				<name>lentor</name>
				<visibility>0</visibility>
				<LookAt>
					<longitude>103.8516693362296</longitude>
					<latitude>1.38547992123687</latitude>
					<altitude>0</altitude>
					<heading>-0.0002516024767736307</heading>
					<tilt>0</tilt>
					<range>9939.901564401689</range>
					<gx:altitudeMode>relativeToSeaFloor</gx:altitudeMode>
				</LookAt>
				<styleUrl>#m_ylw-pushpin630</styleUrl>
				<Point>
					<gx:drawOrder>1</gx:drawOrder>
					<coordinates>103.8306284913915,1.386829129689152,0</coordinates>
				</Point>
			</Placemark>
			<Placemark>
				<name>lim chu kang</name>
				<visibility>0</visibility>
				<LookAt>
					<longitude>103.7978820784432</longitude>
					<latitude>1.358267026734325</latitude>
					<altitude>0</altitude>
					<heading>0.3161993801221113</heading>
					<tilt>0</tilt>
					<range>39293.75849437892</range>
					<gx:altitudeMode>relativeToSeaFloor</gx:altitudeMode>
				</LookAt>
				<styleUrl>#m_ylw-pushpin630</styleUrl>
				<Point>
					<gx:drawOrder>1</gx:drawOrder>
					<coordinates>103.6860780736232,1.410830733050726,0</coordinates>
				</Point>
			</Placemark>
			<Placemark>
				<name>little india</name>
				<visibility>0</visibility>
				<LookAt>
					<longitude>103.8598044014005</longitude>
					<latitude>1.303372248154995</latitude>
					<altitude>0</altitude>
					<heading>0.001594938615010124</heading>
					<tilt>0.08209466175420545</tilt>
					<range>3722.71993872645</range>
					<gx:altitudeMode>relativeToSeaFloor</gx:altitudeMode>
				</LookAt>
				<styleUrl>#m_ylw-pushpin60</styleUrl>
				<Point>
					<gx:drawOrder>1</gx:drawOrder>
					<coordinates>103.8540066980936,1.308100942320463,0</coordinates>
				</Point>
			</Placemark>
			<Placemark>
				<name>loyang</name>
				<visibility>0</visibility>
				<LookAt>
					<longitude>103.9809028909851</longitude>
					<latitude>1.356825081747731</latitude>
					<altitude>0</altitude>
					<heading>0.06403917610336902</heading>
					<tilt>0</tilt>
					<range>15056.11787408405</range>
					<gx:altitudeMode>relativeToSeaFloor</gx:altitudeMode>
				</LookAt>
				<styleUrl>#m_ylw-pushpin630</styleUrl>
				<Point>
					<gx:drawOrder>1</gx:drawOrder>
					<coordinates>103.9709956802657,1.369820879083004,0</coordinates>
				</Point>
			</Placemark>
			<Placemark>
				<name>macpherson</name>
				<visibility>0</visibility>
				<LookAt>
					<longitude>103.8884925223114</longitude>
					<latitude>1.321769877099282</latitude>
					<altitude>0</altitude>
					<heading>-0.0005709699881861337</heading>
					<tilt>0</tilt>
					<range>5602.662543942774</range>
					<gx:altitudeMode>relativeToSeaFloor</gx:altitudeMode>
				</LookAt>
				<styleUrl>#m_ylw-pushpin630</styleUrl>
				<Point>
					<gx:drawOrder>1</gx:drawOrder>
					<coordinates>103.8852924508558,1.326734520990971,0</coordinates>
				</Point>
			</Placemark>
			<Placemark>
				<name>macritchie</name>
				<visibility>0</visibility>
				<LookAt>
					<longitude>103.8288076991788</longitude>
					<latitude>1.349017435836666</latitude>
					<altitude>0</altitude>
					<heading>-0.0007820069163317492</heading>
					<tilt>0</tilt>
					<range>6525.76168492452</range>
					<gx:altitudeMode>relativeToSeaFloor</gx:altitudeMode>
				</LookAt>
				<styleUrl>#m_ylw-pushpin630</styleUrl>
				<Point>
					<gx:drawOrder>1</gx:drawOrder>
					<coordinates>103.8188779088377,1.345708247894825,0</coordinates>
				</Point>
			</Placemark>
			<Placemark>
				<name>mandai</name>
				<visibility>0</visibility>
				<LookAt>
					<longitude>103.8227354947924</longitude>
					<latitude>1.40325575510572</latitude>
					<altitude>0</altitude>
					<heading>-0.001039405090778466</heading>
					<tilt>0</tilt>
					<range>15114.73061664682</range>
					<gx:altitudeMode>relativeToSeaFloor</gx:altitudeMode>
				</LookAt>
				<styleUrl>#m_ylw-pushpin630</styleUrl>
				<Point>
					<gx:drawOrder>1</gx:drawOrder>
					<coordinates>103.7857281511786,1.401927029009416,0</coordinates>
				</Point>
			</Placemark>
			<Placemark>
				<name>marina bay</name>
				<visibility>0</visibility>
				<LookAt>
					<longitude>103.8730676338975</longitude>
					<latitude>1.284465392296772</latitude>
					<altitude>0</altitude>
					<heading>0.01603915025528885</heading>
					<tilt>0</tilt>
					<range>5072.021779988065</range>
					<gx:altitudeMode>relativeToSeaFloor</gx:altitudeMode>
				</LookAt>
				<styleUrl>#m_ylw-pushpin630</styleUrl>
				<Point>
					<gx:drawOrder>1</gx:drawOrder>
					<coordinates>103.8665412317962,1.286774535239287,0</coordinates>
				</Point>
			</Placemark>
			<Placemark>
				<name>marine parade</name>
				<visibility>0</visibility>
				<LookAt>
					<longitude>103.9116775021485</longitude>
					<latitude>1.299517560477184</latitude>
					<altitude>0</altitude>
					<heading>0.004953780007470622</heading>
					<tilt>0</tilt>
					<range>5126.714699049632</range>
					<gx:altitudeMode>relativeToSeaFloor</gx:altitudeMode>
				</LookAt>
				<styleUrl>#m_ylw-pushpin0</styleUrl>
				<Point>
					<gx:drawOrder>1</gx:drawOrder>
					<coordinates>103.9133293562872,1.304202177337931,0</coordinates>
				</Point>
			</Placemark>
			<Placemark>
				<name>marsiling</name>
				<visibility>0</visibility>
				<LookAt>
					<longitude>103.80150309605</longitude>
					<latitude>1.433689609557454</latitude>
					<altitude>0</altitude>
					<heading>-0.003313753923975935</heading>
					<tilt>0</tilt>
					<range>10529.9937248403</range>
					<gx:altitudeMode>relativeToSeaFloor</gx:altitudeMode>
				</LookAt>
				<styleUrl>#m_ylw-pushpin601</styleUrl>
				<Point>
					<gx:drawOrder>1</gx:drawOrder>
					<coordinates>103.7760525995611,1.435808195073959,0</coordinates>
				</Point>
			</Placemark>
			<Placemark>
				<name>meyer road</name>
				<visibility>0</visibility>
				<LookAt>
					<longitude>103.9070202454497</longitude>
					<latitude>1.30318669326067</latitude>
					<altitude>0</altitude>
					<heading>0.003503053352491606</heading>
					<tilt>0</tilt>
					<range>5273.025026105425</range>
					<gx:altitudeMode>relativeToSeaFloor</gx:altitudeMode>
				</LookAt>
				<styleUrl>#m_ylw-pushpin01</styleUrl>
				<Point>
					<gx:drawOrder>1</gx:drawOrder>
					<coordinates>103.8915615102797,1.297986575014667,0</coordinates>
				</Point>
			</Placemark>
			<Placemark>
				<name>mount pleasant</name>
				<visibility>0</visibility>
				<LookAt>
					<longitude>103.8422662586119</longitude>
					<latitude>1.336751949022172</latitude>
					<altitude>0</altitude>
					<heading>0.0008367633320312128</heading>
					<tilt>0</tilt>
					<range>6720.002463650829</range>
					<gx:altitudeMode>relativeToSeaFloor</gx:altitudeMode>
				</LookAt>
				<styleUrl>#m_ylw-pushpin630</styleUrl>
				<Point>
					<gx:drawOrder>1</gx:drawOrder>
					<coordinates>103.8283941426519,1.332357564618433,0</coordinates>
				</Point>
			</Placemark>
			<Placemark>
				<name>mountbatten</name>
				<visibility>0</visibility>
				<LookAt>
					<longitude>103.884575715199</longitude>
					<latitude>1.308862483673009</latitude>
					<altitude>0</altitude>
					<heading>-0.0007372352662546518</heading>
					<tilt>0</tilt>
					<range>8705.154080408474</range>
					<gx:altitudeMode>relativeToSeaFloor</gx:altitudeMode>
				</LookAt>
				<styleUrl>#m_ylw-pushpin630</styleUrl>
				<Point>
					<gx:drawOrder>1</gx:drawOrder>
					<coordinates>103.8904555392946,1.303458702919783,0</coordinates>
				</Point>
			</Placemark>
			<Placemark>
				<name>nassim</name>
				<visibility>0</visibility>
				<LookAt>
					<longitude>103.8361596303897</longitude>
					<latitude>1.315497376568232</latitude>
					<altitude>0</altitude>
					<heading>-1.118289906461735e-05</heading>
					<tilt>0</tilt>
					<range>6028.518811983537</range>
					<gx:altitudeMode>relativeToSeaFloor</gx:altitudeMode>
				</LookAt>
				<styleUrl>#m_ylw-pushpin6010</styleUrl>
				<Point>
					<gx:drawOrder>1</gx:drawOrder>
					<coordinates>103.826601345913,1.313126267335895,0</coordinates>
				</Point>
			</Placemark>
			<Placemark>
				<name>newton</name>
				<visibility>0</visibility>
				<LookAt>
					<longitude>103.8589245480638</longitude>
					<latitude>1.31529035870597</latitude>
					<altitude>0</altitude>
					<heading>-0.01801908700082681</heading>
					<tilt>0</tilt>
					<range>5692.726456159267</range>
					<gx:altitudeMode>relativeToSeaFloor</gx:altitudeMode>
				</LookAt>
				<styleUrl>#m_ylw-pushpin6</styleUrl>
				<Point>
					<gx:drawOrder>1</gx:drawOrder>
					<coordinates>103.8393608943935,1.309819653395045,0</coordinates>
				</Point>
			</Placemark>
			<Placemark>
				<name>nicoll highway</name>
				<visibility>0</visibility>
				<LookAt>
					<longitude>103.8671480678136</longitude>
					<latitude>1.299167019468479</latitude>
					<altitude>0</altitude>
					<heading>0.002047170875957613</heading>
					<tilt>0.08210193385759908</tilt>
					<range>4306.897505496642</range>
					<gx:altitudeMode>relativeToSeaFloor</gx:altitudeMode>
				</LookAt>
				<styleUrl>#m_ylw-pushpin60</styleUrl>
				<Point>
					<gx:drawOrder>1</gx:drawOrder>
					<coordinates>103.8643207039106,1.299330295580276,0</coordinates>
				</Point>
			</Placemark>
			<Placemark>
				<name>novena</name>
				<visibility>0</visibility>
				<LookAt>
					<longitude>103.8497470236768</longitude>
					<latitude>1.320296281091984</latitude>
					<altitude>0</altitude>
					<heading>-0.01823085307293502</heading>
					<tilt>0</tilt>
					<range>6174.770647902584</range>
					<gx:altitudeMode>relativeToSeaFloor</gx:altitudeMode>
				</LookAt>
				<styleUrl>#m_ylw-pushpin6</styleUrl>
				<Point>
					<gx:drawOrder>1</gx:drawOrder>
					<coordinates>103.8347151935081,1.321557183173557,0</coordinates>
				</Point>
			</Placemark>
			<Placemark>
				<name>old airport road</name>
				<visibility>0</visibility>
				<LookAt>
					<longitude>103.8946057125715</longitude>
					<latitude>1.309051442925299</latitude>
					<altitude>0</altitude>
					<heading>-0.01599310152376429</heading>
					<tilt>0</tilt>
					<range>5217.766452632859</range>
					<gx:altitudeMode>relativeToSeaFloor</gx:altitudeMode>
				</LookAt>
				<styleUrl>#m_ylw-pushpin6</styleUrl>
				<Point>
					<gx:drawOrder>1</gx:drawOrder>
					<coordinates>103.8847202529647,1.308105414704269,0</coordinates>
				</Point>
			</Placemark>
			<Placemark>
				<name>one-north</name>
				<visibility>0</visibility>
				<LookAt>
					<longitude>103.8093452664805</longitude>
					<latitude>1.290342021966395</latitude>
					<altitude>0</altitude>
					<heading>0.01454255088480967</heading>
					<tilt>0</tilt>
					<range>7554.351465816352</range>
					<gx:altitudeMode>relativeToSeaFloor</gx:altitudeMode>
				</LookAt>
				<styleUrl>#m_ylw-pushpin630</styleUrl>
				<Point>
					<gx:drawOrder>1</gx:drawOrder>
					<coordinates>103.7911386606392,1.297685375449817,0</coordinates>
				</Point>
			</Placemark>
			<Placemark>
				<name>orchard road</name>
				<visibility>0</visibility>
				<LookAt>
					<longitude>103.8348966593731</longitude>
					<latitude>1.303714973533968</latitude>
					<altitude>0</altitude>
					<heading>4.763304706893653e-05</heading>
					<tilt>0</tilt>
					<range>3066.22722353107</range>
					<gx:altitudeMode>relativeToSeaFloor</gx:altitudeMode>
				</LookAt>
				<styleUrl>#m_ylw-pushpin60</styleUrl>
				<Point>
					<gx:drawOrder>1</gx:drawOrder>
					<coordinates>103.8334360452233,1.304049157708538,0</coordinates>
				</Point>
			</Placemark>
			<Placemark>
				<name>outram park</name>
				<visibility>0</visibility>
				<LookAt>
					<longitude>103.8462793915932</longitude>
					<latitude>1.281338426866029</latitude>
					<altitude>0</altitude>
					<heading>4.047258298479061e-05</heading>
					<tilt>0</tilt>
					<range>6245.777872367867</range>
					<gx:altitudeMode>relativeToSeaFloor</gx:altitudeMode>
				</LookAt>
				<styleUrl>#m_ylw-pushpin60</styleUrl>
				<Point>
					<gx:drawOrder>1</gx:drawOrder>
					<coordinates>103.8370344357429,1.28093849456833,0</coordinates>
				</Point>
			</Placemark>
			<Placemark>
				<name>pandan</name>
				<visibility>0</visibility>
				<LookAt>
					<longitude>103.7610548212856</longitude>
					<latitude>1.310916077005017</latitude>
					<altitude>0</altitude>
					<heading>-0.1755624950929902</heading>
					<tilt>0</tilt>
					<range>10419.73486482343</range>
					<gx:altitudeMode>relativeToSeaFloor</gx:altitudeMode>
				</LookAt>
				<styleUrl>#m_ylw-pushpin6010</styleUrl>
				<Point>
					<gx:drawOrder>1</gx:drawOrder>
					<coordinates>103.7554305132896,1.307799979501836,0</coordinates>
				</Point>
			</Placemark>
			<Placemark>
				<name>pandan gardens</name>
				<visibility>0</visibility>
				<LookAt>
					<longitude>103.7473491798195</longitude>
					<latitude>1.321215987987816</latitude>
					<altitude>0</altitude>
					<heading>-0.2032770585637114</heading>
					<tilt>0</tilt>
					<range>3997.015636312114</range>
					<gx:altitudeMode>relativeToSeaFloor</gx:altitudeMode>
				</LookAt>
				<styleUrl>#m_ylw-pushpin6010</styleUrl>
				<Point>
					<gx:drawOrder>1</gx:drawOrder>
					<coordinates>103.7481315506544,1.320351316529852,0</coordinates>
				</Point>
			</Placemark>
			<Placemark>
				<name>pasir panjang</name>
				<visibility>0</visibility>
				<LookAt>
					<longitude>103.8139902464121</longitude>
					<latitude>1.279251016316278</latitude>
					<altitude>0</altitude>
					<heading>0.01471968002021646</heading>
					<tilt>0</tilt>
					<range>14171.67468855677</range>
					<gx:altitudeMode>relativeToSeaFloor</gx:altitudeMode>
				</LookAt>
				<styleUrl>#m_ylw-pushpin630</styleUrl>
				<Point>
					<gx:drawOrder>1</gx:drawOrder>
					<coordinates>103.7809730176789,1.278386213558123,0</coordinates>
				</Point>
			</Placemark>
			<Placemark>
				<name>pasir ris</name>
				<visibility>0</visibility>
				<LookAt>
					<longitude>103.9473953862739</longitude>
					<latitude>1.368095186553801</latitude>
					<altitude>0</altitude>
					<heading>0.0634274567910573</heading>
					<tilt>0</tilt>
					<range>16256.13279217489</range>
					<gx:altitudeMode>relativeToSeaFloor</gx:altitudeMode>
				</LookAt>
				<styleUrl>#m_ylw-pushpin630</styleUrl>
				<Point>
					<gx:drawOrder>1</gx:drawOrder>
					<coordinates>103.940783992253,1.377903193679287,0</coordinates>
				</Point>
			</Placemark>
			<Placemark>
				<name>paya lebar air base</name>
				<visibility>0</visibility>
				<LookAt>
					<longitude>103.919589722342</longitude>
					<latitude>1.358905204239672</latitude>
					<altitude>0</altitude>
					<heading>0.0008886416024002224</heading>
					<tilt>0</tilt>
					<range>9642.449698885917</range>
					<gx:altitudeMode>relativeToSeaFloor</gx:altitudeMode>
				</LookAt>
				<styleUrl>#m_ylw-pushpin630</styleUrl>
				<Point>
					<gx:drawOrder>1</gx:drawOrder>
					<coordinates>103.9148530224648,1.357942802619367,0</coordinates>
				</Point>
			</Placemark>
			<Placemark>
				<name>penjuru</name>
				<visibility>0</visibility>
				<LookAt>
					<longitude>103.7610548212856</longitude>
					<latitude>1.310916077005017</latitude>
					<altitude>0</altitude>
					<heading>-0.1755624950929902</heading>
					<tilt>0</tilt>
					<range>10419.73486482343</range>
					<gx:altitudeMode>relativeToSeaFloor</gx:altitudeMode>
				</LookAt>
				<styleUrl>#m_ylw-pushpin6010</styleUrl>
				<Point>
					<gx:drawOrder>1</gx:drawOrder>
					<coordinates>103.738545965056,1.3087531059877,0</coordinates>
				</Point>
			</Placemark>
			<Placemark>
				<name>pierce reservoir</name>
				<visibility>0</visibility>
				<LookAt>
					<longitude>103.8293571533007</longitude>
					<latitude>1.382215752530959</latitude>
					<altitude>0</altitude>
					<heading>-0.0007937117409322784</heading>
					<tilt>0</tilt>
					<range>18795.53418788953</range>
					<gx:altitudeMode>relativeToSeaFloor</gx:altitudeMode>
				</LookAt>
				<styleUrl>#m_ylw-pushpin630</styleUrl>
				<Point>
					<gx:drawOrder>1</gx:drawOrder>
					<coordinates>103.8020323813454,1.370883121089489,0</coordinates>
				</Point>
			</Placemark>
			<Placemark>
				<name>pioneer</name>
				<visibility>0</visibility>
				<LookAt>
					<longitude>103.7323286675735</longitude>
					<latitude>1.31588693252165</latitude>
					<altitude>0</altitude>
					<heading>-0.002666937541804538</heading>
					<tilt>0</tilt>
					<range>18744.08553562575</range>
					<gx:altitudeMode>relativeToSeaFloor</gx:altitudeMode>
				</LookAt>
				<styleUrl>#m_ylw-pushpin6010</styleUrl>
				<Point>
					<gx:drawOrder>1</gx:drawOrder>
					<coordinates>103.6930284737388,1.331781140112263,0</coordinates>
				</Point>
			</Placemark>
			<Placemark>
				<name>potong pasir</name>
				<visibility>0</visibility>
				<LookAt>
					<longitude>103.8745256930296</longitude>
					<latitude>1.335144525309832</latitude>
					<altitude>0</altitude>
					<heading>0.2458066454251743</heading>
					<tilt>0</tilt>
					<range>6746.638096354016</range>
					<gx:altitudeMode>relativeToSeaFloor</gx:altitudeMode>
				</LookAt>
				<styleUrl>#m_ylw-pushpin630</styleUrl>
				<Point>
					<gx:drawOrder>1</gx:drawOrder>
					<coordinates>103.8703079299486,1.332221352767665,0</coordinates>
				</Point>
			</Placemark>
			<Placemark>
				<name>punggol</name>
				<visibility>0</visibility>
				<LookAt>
					<longitude>103.8967699239761</longitude>
					<latitude>1.397465850454905</latitude>
					<altitude>0</altitude>
					<heading>0.0008424671804123492</heading>
					<tilt>0</tilt>
					<range>9939.901564402149</range>
					<gx:altitudeMode>relativeToSeaFloor</gx:altitudeMode>
				</LookAt>
				<styleUrl>#m_ylw-pushpin630</styleUrl>
				<Point>
					<gx:drawOrder>1</gx:drawOrder>
					<coordinates>103.9087591070524,1.403815572527551,0</coordinates>
				</Point>
			</Placemark>
			<Placemark>
				<name>queenstown</name>
				<visibility>0</visibility>
				<LookAt>
					<longitude>103.8044161858912</longitude>
					<latitude>1.297727327431667</latitude>
					<altitude>0</altitude>
					<heading>0.0003943247188744559</heading>
					<tilt>0.08213588681803272</tilt>
					<range>5815.060922169477</range>
					<gx:altitudeMode>relativeToSeaFloor</gx:altitudeMode>
				</LookAt>
				<styleUrl>#m_ylw-pushpin60</styleUrl>
				<Point>
					<gx:drawOrder>1</gx:drawOrder>
					<coordinates>103.8033275980341,1.292602720383919,0</coordinates>
				</Point>
			</Placemark>
			<Placemark>
				<name>redhill</name>
				<visibility>0</visibility>
				<LookAt>
					<longitude>103.8267815440416</longitude>
					<latitude>1.284286018636556</latitude>
					<altitude>0</altitude>
					<heading>0.00112846397871644</heading>
					<tilt>0</tilt>
					<range>3990.229556121526</range>
					<gx:altitudeMode>relativeToSeaFloor</gx:altitudeMode>
				</LookAt>
				<styleUrl>#m_ylw-pushpin63</styleUrl>
				<Point>
					<gx:drawOrder>1</gx:drawOrder>
					<coordinates>103.8184981808069,1.287357489584145,0</coordinates>
				</Point>
			</Placemark>
			<Placemark>
				<name>river valley</name>
				<visibility>0</visibility>
				<LookAt>
					<longitude>103.8614969142946</longitude>
					<latitude>1.288574051458238</latitude>
					<altitude>0</altitude>
					<heading>0.000638473598301127</heading>
					<tilt>0</tilt>
					<range>9590.472764853981</range>
					<gx:altitudeMode>relativeToSeaFloor</gx:altitudeMode>
				</LookAt>
				<styleUrl>#m_ylw-pushpin60</styleUrl>
				<Point>
					<gx:drawOrder>1</gx:drawOrder>
					<coordinates>103.8361982987935,1.294028056531372,0</coordinates>
				</Point>
			</Placemark>
			<Placemark>
				<name>rochor</name>
				<visibility>0</visibility>
				<LookAt>
					<longitude>103.8497281303567</longitude>
					<latitude>1.306082984466582</latitude>
					<altitude>0</altitude>
					<heading>-0.0001028445767589859</heading>
					<tilt>0.05959779428602328</tilt>
					<range>3633.966661595393</range>
					<gx:altitudeMode>relativeToSeaFloor</gx:altitudeMode>
				</LookAt>
				<styleUrl>#m_ylw-pushpin630</styleUrl>
				<Point>
					<gx:drawOrder>1</gx:drawOrder>
					<coordinates>103.8478939320802,1.302363885464711,0</coordinates>
				</Point>
			</Placemark>
			<Placemark>
				<name>seletar</name>
				<visibility>0</visibility>
				<LookAt>
					<longitude>103.8764044002123</longitude>
					<latitude>1.407189555804835</latitude>
					<altitude>0</altitude>
					<heading>0.0003457569230217515</heading>
					<tilt>0</tilt>
					<range>9939.90156440351</range>
					<gx:altitudeMode>relativeToSeaFloor</gx:altitudeMode>
				</LookAt>
				<styleUrl>#m_ylw-pushpin630</styleUrl>
				<Point>
					<gx:drawOrder>1</gx:drawOrder>
					<coordinates>103.8643756405812,1.407546779510795,0</coordinates>
				</Point>
			</Placemark>
			<Placemark>
				<name>sembawang</name>
				<visibility>0</visibility>
				<LookAt>
					<longitude>103.8382297309183</longitude>
					<latitude>1.427890948268528</latitude>
					<altitude>0</altitude>
					<heading>-0.01734903777262488</heading>
					<tilt>0</tilt>
					<range>11599.5190279642</range>
					<gx:altitudeMode>relativeToSeaFloor</gx:altitudeMode>
				</LookAt>
				<styleUrl>#m_ylw-pushpin6</styleUrl>
				<Point>
					<gx:drawOrder>1</gx:drawOrder>
					<coordinates>103.814031557448,1.428954483397249,0</coordinates>
				</Point>
			</Placemark>
			<Placemark>
				<name>sengkang</name>
				<visibility>0</visibility>
				<LookAt>
					<longitude>103.8967699239761</longitude>
					<latitude>1.397465850454905</latitude>
					<altitude>0</altitude>
					<heading>0.0008424671804123492</heading>
					<tilt>0</tilt>
					<range>9939.901564402149</range>
					<gx:altitudeMode>relativeToSeaFloor</gx:altitudeMode>
				</LookAt>
				<styleUrl>#m_ylw-pushpin630</styleUrl>
				<Point>
					<gx:drawOrder>1</gx:drawOrder>
					<coordinates>103.8943879040756,1.389171378511986,0</coordinates>
				</Point>
			</Placemark>
			<Placemark>
				<name>senoko</name>
				<visibility>0</visibility>
				<LookAt>
					<longitude>103.8207101437845</longitude>
					<latitude>1.446390192825453</latitude>
					<altitude>0</altitude>
					<heading>-0.002768706198129679</heading>
					<tilt>0</tilt>
					<range>10658.05519104373</range>
					<gx:altitudeMode>relativeToSeaFloor</gx:altitudeMode>
				</LookAt>
				<styleUrl>#m_ylw-pushpin601</styleUrl>
				<Point>
					<gx:drawOrder>1</gx:drawOrder>
					<coordinates>103.8062843584028,1.457548230973468,0</coordinates>
				</Point>
			</Placemark>
			<Placemark>
				<name>sentosa</name>
				<visibility>0</visibility>
				<LookAt>
					<longitude>103.8270304202399</longitude>
					<latitude>1.253283241539296</latitude>
					<altitude>0</altitude>
					<heading>0.0150544610029476</heading>
					<tilt>0</tilt>
					<range>7991.195692320461</range>
					<gx:altitudeMode>relativeToSeaFloor</gx:altitudeMode>
				</LookAt>
				<styleUrl>#m_ylw-pushpin630</styleUrl>
				<Point>
					<gx:drawOrder>1</gx:drawOrder>
					<coordinates>103.8273893498637,1.249875086755709,0</coordinates>
				</Point>
			</Placemark>
			<Placemark>
				<name>serangoon</name>
				<visibility>0</visibility>
				<LookAt>
					<longitude>103.8742522303475</longitude>
					<latitude>1.35345184566836</latitude>
					<altitude>0</altitude>
					<heading>5.867356045083517e-05</heading>
					<tilt>0</tilt>
					<range>2899.358033311709</range>
					<gx:altitudeMode>relativeToSeaFloor</gx:altitudeMode>
				</LookAt>
				<styleUrl>#m_ylw-pushpin0</styleUrl>
				<Point>
					<gx:drawOrder>1</gx:drawOrder>
					<coordinates>103.8721118794582,1.352072120832058,0</coordinates>
				</Point>
			</Placemark>
			<Placemark>
				<name>serangoon gardens</name>
				<visibility>0</visibility>
				<LookAt>
					<longitude>103.8764731490236</longitude>
					<latitude>1.357866215078705</latitude>
					<altitude>0</altitude>
					<heading>0.0001106483027441206</heading>
					<tilt>0</tilt>
					<range>6105.797095121207</range>
					<gx:altitudeMode>relativeToSeaFloor</gx:altitudeMode>
				</LookAt>
				<styleUrl>#m_ylw-pushpin0</styleUrl>
				<Point>
					<gx:drawOrder>1</gx:drawOrder>
					<coordinates>103.8661325967801,1.36185358885735,0</coordinates>
				</Point>
			</Placemark>
			<Placemark>
				<name>serangoon north</name>
				<visibility>0</visibility>
				<LookAt>
					<longitude>103.8936016280346</longitude>
					<latitude>1.368946346850194</latitude>
					<altitude>0</altitude>
					<heading>-0.01598612768569153</heading>
					<tilt>0</tilt>
					<range>7150.250730319892</range>
					<gx:altitudeMode>relativeToSeaFloor</gx:altitudeMode>
				</LookAt>
				<styleUrl>#m_ylw-pushpin6</styleUrl>
				<Point>
					<gx:drawOrder>1</gx:drawOrder>
					<coordinates>103.8725936356801,1.369916538239295,0</coordinates>
				</Point>
			</Placemark>
			<Placemark>
				<name>siglap</name>
				<visibility>0</visibility>
				<LookAt>
					<longitude>103.9201130509613</longitude>
					<latitude>1.326063483201525</latitude>
					<altitude>0</altitude>
					<heading>0.01864628888404934</heading>
					<tilt>0</tilt>
					<range>9868.709749151792</range>
					<gx:altitudeMode>relativeToSeaFloor</gx:altitudeMode>
				</LookAt>
				<styleUrl>#m_ylw-pushpin630</styleUrl>
				<Point>
					<gx:drawOrder>1</gx:drawOrder>
					<coordinates>103.9240152390197,1.314698367417845,0</coordinates>
				</Point>
			</Placemark>
			<Placemark>
				<name>simei</name>
				<visibility>0</visibility>
				<LookAt>
					<longitude>103.9675985121581</longitude>
					<latitude>1.343704678803741</latitude>
					<altitude>0</altitude>
					<heading>-0.01553818300152899</heading>
					<tilt>0</tilt>
					<range>5322.859067467288</range>
					<gx:altitudeMode>relativeToSeaFloor</gx:altitudeMode>
				</LookAt>
				<styleUrl>#m_ylw-pushpin6</styleUrl>
				<Point>
					<gx:drawOrder>1</gx:drawOrder>
					<coordinates>103.9549011155436,1.341818967250934,0</coordinates>
				</Point>
			</Placemark>
			<Placemark>
				<name>simpang</name>
				<visibility>0</visibility>
				<LookAt>
					<longitude>103.8536575831178</longitude>
					<latitude>1.444688419226294</latitude>
					<altitude>0</altitude>
					<heading>-0.0002901849495158999</heading>
					<tilt>0</tilt>
					<range>9829.129757829543</range>
					<gx:altitudeMode>relativeToSeaFloor</gx:altitudeMode>
				</LookAt>
				<styleUrl>#m_ylw-pushpin630</styleUrl>
				<Point>
					<gx:drawOrder>1</gx:drawOrder>
					<coordinates>103.8520088159067,1.443197134775514,0</coordinates>
				</Point>
			</Placemark>
			<Placemark>
				<name>sin ming</name>
				<visibility>0</visibility>
				<LookAt>
					<longitude>103.8430557943651</longitude>
					<latitude>1.35761168871404</latitude>
					<altitude>0</altitude>
					<heading>-0.0004514577694484683</heading>
					<tilt>0</tilt>
					<range>5385.023492872328</range>
					<gx:altitudeMode>relativeToSeaFloor</gx:altitudeMode>
				</LookAt>
				<styleUrl>#m_ylw-pushpin630</styleUrl>
				<Point>
					<gx:drawOrder>1</gx:drawOrder>
					<coordinates>103.8361521645822,1.357891132135323,0</coordinates>
				</Point>
			</Placemark>
			<Placemark>
				<name>springleaf</name>
				<visibility>0</visibility>
				<LookAt>
					<longitude>103.83591691583</longitude>
					<latitude>1.407949859828135</latitude>
					<altitude>0</altitude>
					<heading>-0.000683868601687155</heading>
					<tilt>0</tilt>
					<range>6160.944782688259</range>
					<gx:altitudeMode>relativeToSeaFloor</gx:altitudeMode>
				</LookAt>
				<styleUrl>#m_ylw-pushpin630</styleUrl>
				<Point>
					<gx:drawOrder>1</gx:drawOrder>
					<coordinates>103.8230969959627,1.402095076332521,0</coordinates>
				</Point>
			</Placemark>
			<Placemark>
				<name>sungei kadut</name>
				<visibility>0</visibility>
				<LookAt>
					<longitude>103.7722619712346</longitude>
					<latitude>1.422641600226932</latitude>
					<altitude>0</altitude>
					<heading>-0.003979602802278896</heading>
					<tilt>0</tilt>
					<range>15010.1744920244</range>
					<gx:altitudeMode>relativeToSeaFloor</gx:altitudeMode>
				</LookAt>
				<styleUrl>#m_ylw-pushpin601</styleUrl>
				<Point>
					<gx:drawOrder>1</gx:drawOrder>
					<coordinates>103.7479563628071,1.416172237626099,0</coordinates>
				</Point>
			</Placemark>
			<Placemark>
				<name>tai seng</name>
				<visibility>0</visibility>
				<LookAt>
					<longitude>103.9201130509613</longitude>
					<latitude>1.326063483201525</latitude>
					<altitude>0</altitude>
					<heading>0.01864628888404934</heading>
					<tilt>0</tilt>
					<range>9868.709749151792</range>
					<gx:altitudeMode>relativeToSeaFloor</gx:altitudeMode>
				</LookAt>
				<styleUrl>#m_ylw-pushpin630</styleUrl>
				<Point>
					<gx:drawOrder>1</gx:drawOrder>
					<coordinates>103.8909019594356,1.338185914687339,0</coordinates>
				</Point>
			</Placemark>
			<Placemark>
				<name>taman jurong</name>
				<visibility>0</visibility>
				<LookAt>
					<longitude>103.7315316973574</longitude>
					<latitude>1.32702646644457</latitude>
					<altitude>0</altitude>
					<heading>-0.001415194953193856</heading>
					<tilt>0</tilt>
					<range>8186.689673048114</range>
					<gx:altitudeMode>relativeToSeaFloor</gx:altitudeMode>
				</LookAt>
				<styleUrl>#m_ylw-pushpin630</styleUrl>
				<Point>
					<gx:drawOrder>1</gx:drawOrder>
					<coordinates>103.7219843430971,1.334053908976248,0</coordinates>
				</Point>
			</Placemark>
			<Placemark>
				<name>tampines</name>
				<visibility>0</visibility>
				<LookAt>
					<longitude>103.944266706103</longitude>
					<latitude>1.361235116701699</latitude>
					<altitude>0</altitude>
					<heading>0.001957396468295555</heading>
					<tilt>0</tilt>
					<range>16600.81338845977</range>
					<gx:altitudeMode>relativeToSeaFloor</gx:altitudeMode>
				</LookAt>
				<styleUrl>#m_ylw-pushpin0</styleUrl>
				<Point>
					<gx:drawOrder>1</gx:drawOrder>
					<coordinates>103.9451353966861,1.351610655758995,0</coordinates>
				</Point>
			</Placemark>
			<Placemark>
				<name>tampines north</name>
				<visibility>0</visibility>
				<LookAt>
					<longitude>103.9358033766036</longitude>
					<latitude>1.364329978464648</latitude>
					<altitude>0</altitude>
					<heading>0.001748480804517838</heading>
					<tilt>0</tilt>
					<range>10216.41879390439</range>
					<gx:altitudeMode>relativeToSeaFloor</gx:altitudeMode>
				</LookAt>
				<styleUrl>#m_ylw-pushpin0</styleUrl>
				<Point>
					<gx:drawOrder>1</gx:drawOrder>
					<coordinates>103.9338693156634,1.36696300629316,0</coordinates>
				</Point>
			</Placemark>
			<Placemark>
				<name>tanah merah</name>
				<visibility>0</visibility>
				<LookAt>
					<longitude>103.9761124714335</longitude>
					<latitude>1.32201394110811</latitude>
					<altitude>0</altitude>
					<heading>0.002912899727387135</heading>
					<tilt>0</tilt>
					<range>20949.2396926533</range>
					<gx:altitudeMode>relativeToSeaFloor</gx:altitudeMode>
				</LookAt>
				<styleUrl>#m_ylw-pushpin6010</styleUrl>
				<Point>
					<gx:drawOrder>1</gx:drawOrder>
					<coordinates>103.9622588426015,1.322182995045405,0</coordinates>
				</Point>
			</Placemark>
			<Placemark>
				<name>tanglin</name>
				<visibility>0</visibility>
				<LookAt>
					<longitude>103.8315370211111</longitude>
					<latitude>1.298229674313707</latitude>
					<altitude>0</altitude>
					<heading>0.0009662970602337533</heading>
					<tilt>0.08215393432305627</tilt>
					<range>7199.526070819519</range>
					<gx:altitudeMode>relativeToSeaFloor</gx:altitudeMode>
				</LookAt>
				<styleUrl>#m_ylw-pushpin60</styleUrl>
				<Point>
					<gx:drawOrder>1</gx:drawOrder>
					<coordinates>103.8164698895184,1.30020872375585,0</coordinates>
				</Point>
			</Placemark>
			<Placemark>
				<name>tanjong pagar</name>
				<visibility>0</visibility>
				<LookAt>
					<longitude>103.8408608647119</longitude>
					<latitude>1.269246285016516</latitude>
					<altitude>0</altitude>
					<heading>0.01532428162631905</heading>
					<tilt>0</tilt>
					<range>4171.84399885092</range>
					<gx:altitudeMode>relativeToSeaFloor</gx:altitudeMode>
				</LookAt>
				<styleUrl>#m_ylw-pushpin630</styleUrl>
				<Point>
					<gx:drawOrder>1</gx:drawOrder>
					<coordinates>103.8397243166324,1.270887401122107,0</coordinates>
				</Point>
			</Placemark>
			<Placemark>
				<name>tanjong rhu</name>
				<visibility>0</visibility>
				<LookAt>
					<longitude>103.8754122049657</longitude>
					<latitude>1.302109220532263</latitude>
					<altitude>0</altitude>
					<heading>-0.0002324831468819408</heading>
					<tilt>0</tilt>
					<range>4362.689673168329</range>
					<gx:altitudeMode>relativeToSeaFloor</gx:altitudeMode>
				</LookAt>
				<styleUrl>#m_ylw-pushpin60</styleUrl>
				<Point>
					<gx:drawOrder>1</gx:drawOrder>
					<coordinates>103.8752364582241,1.296899553916546,0</coordinates>
				</Point>
			</Placemark>
			<Placemark>
				<name>teban gardens</name>
				<visibility>0</visibility>
				<LookAt>
					<longitude>103.7473491798195</longitude>
					<latitude>1.321215987987816</latitude>
					<altitude>0</altitude>
					<heading>-0.2032770585637114</heading>
					<tilt>0</tilt>
					<range>3997.015636312114</range>
					<gx:altitudeMode>relativeToSeaFloor</gx:altitudeMode>
				</LookAt>
				<styleUrl>#m_ylw-pushpin6010</styleUrl>
				<Point>
					<gx:drawOrder>1</gx:drawOrder>
					<coordinates>103.7414245752992,1.322190932082895,0</coordinates>
				</Point>
			</Placemark>
			<Placemark>
				<name>tekong</name>
				<visibility>0</visibility>
				<LookAt>
					<longitude>103.9996417784219</longitude>
					<latitude>1.403038733436513</latitude>
					<altitude>0</altitude>
					<heading>0.06449449733921582</heading>
					<tilt>0</tilt>
					<range>38439.23075519248</range>
					<gx:altitudeMode>relativeToSeaFloor</gx:altitudeMode>
				</LookAt>
				<styleUrl>#m_ylw-pushpin630</styleUrl>
				<Point>
					<gx:drawOrder>1</gx:drawOrder>
					<coordinates>104.0535254821895,1.398065955816815,0</coordinates>
				</Point>
			</Placemark>
			<Placemark>
				<name>telok blangah</name>
				<visibility>0</visibility>
				<LookAt>
					<longitude>103.8301856364986</longitude>
					<latitude>1.279111798827121</latitude>
					<altitude>0</altitude>
					<heading>0.0004652952629830502</heading>
					<tilt>0</tilt>
					<range>6602.082901931054</range>
					<gx:altitudeMode>relativeToSeaFloor</gx:altitudeMode>
				</LookAt>
				<styleUrl>#m_ylw-pushpin630</styleUrl>
				<Point>
					<gx:drawOrder>1</gx:drawOrder>
					<coordinates>103.8161191427269,1.274200000958184,0</coordinates>
				</Point>
			</Placemark>
			<Placemark>
				<name>telok kurau</name>
				<visibility>0</visibility>
				<LookAt>
					<longitude>103.9215720617111</longitude>
					<latitude>1.305193609562494</latitude>
					<altitude>0</altitude>
					<heading>0.0001699119379313158</heading>
					<tilt>0</tilt>
					<range>4292.051988135137</range>
					<gx:altitudeMode>relativeToSeaFloor</gx:altitudeMode>
				</LookAt>
				<styleUrl>#m_ylw-pushpin630</styleUrl>
				<Point>
					<gx:drawOrder>1</gx:drawOrder>
					<coordinates>103.9116745026523,1.312515704187605,0</coordinates>
				</Point>
			</Placemark>
			<Placemark>
				<name>tengah</name>
				<visibility>0</visibility>
				<LookAt>
					<longitude>103.7535922938295</longitude>
					<latitude>1.379520967958234</latitude>
					<altitude>0</altitude>
					<heading>-0.0041510248017335</heading>
					<tilt>0</tilt>
					<range>16105.40122391696</range>
					<gx:altitudeMode>relativeToSeaFloor</gx:altitudeMode>
				</LookAt>
				<styleUrl>#m_ylw-pushpin601</styleUrl>
				<Point>
					<gx:drawOrder>1</gx:drawOrder>
					<coordinates>103.7166126615033,1.381528582670193,0</coordinates>
				</Point>
			</Placemark>
			<Placemark>
				<name>the istana</name>
				<visibility>0</visibility>
				<LookAt>
					<longitude>103.8527712780263</longitude>
					<latitude>1.304678027865101</latitude>
					<altitude>0</altitude>
					<heading>0.001940524827481615</heading>
					<tilt>0.2501199914543842</tilt>
					<range>3467.358606559785</range>
					<gx:altitudeMode>relativeToSeaFloor</gx:altitudeMode>
				</LookAt>
				<styleUrl>#m_ylw-pushpin60</styleUrl>
				<Point>
					<gx:drawOrder>1</gx:drawOrder>
					<coordinates>103.8433282162463,1.305466791864708,0</coordinates>
				</Point>
			</Placemark>
			<Placemark>
				<name>thomson</name>
				<visibility>0</visibility>
				<LookAt>
					<longitude>103.8534995296804</longitude>
					<latitude>1.352546961949942</latitude>
					<altitude>0</altitude>
					<heading>0.002089758766736418</heading>
					<tilt>0</tilt>
					<range>6803.667588670363</range>
					<gx:altitudeMode>relativeToSeaFloor</gx:altitudeMode>
				</LookAt>
				<styleUrl>#m_ylw-pushpin630</styleUrl>
				<Point>
					<gx:drawOrder>1</gx:drawOrder>
					<coordinates>103.8343899797524,1.337844909140876,0</coordinates>
				</Point>
			</Placemark>
			<Placemark>
				<name>tiong bahru</name>
				<visibility>0</visibility>
				<LookAt>
					<longitude>103.8267815440416</longitude>
					<latitude>1.284286018636556</latitude>
					<altitude>0</altitude>
					<heading>0.00112846397871644</heading>
					<tilt>0</tilt>
					<range>3990.229556121526</range>
					<gx:altitudeMode>relativeToSeaFloor</gx:altitudeMode>
				</LookAt>
				<styleUrl>#m_ylw-pushpin63</styleUrl>
				<Point>
					<gx:drawOrder>1</gx:drawOrder>
					<coordinates>103.8283872378417,1.283820445555194,0</coordinates>
				</Point>
			</Placemark>
			<Placemark>
				<name>toa payoh</name>
				<visibility>0</visibility>
				<LookAt>
					<longitude>103.8656006143456</longitude>
					<latitude>1.333323893152212</latitude>
					<altitude>0</altitude>
					<heading>-0.001126435827909774</heading>
					<tilt>0</tilt>
					<range>6408.825569177803</range>
					<gx:altitudeMode>relativeToSeaFloor</gx:altitudeMode>
				</LookAt>
				<styleUrl>#m_ylw-pushpin630</styleUrl>
				<Point>
					<gx:drawOrder>1</gx:drawOrder>
					<coordinates>103.8498189396901,1.336299813157897,0</coordinates>
				</Point>
			</Placemark>
			<Placemark>
				<name>tuas</name>
				<visibility>0</visibility>
				<LookAt>
					<longitude>103.7498742246337</longitude>
					<latitude>1.326013974137539</latitude>
					<altitude>0</altitude>
					<heading>-0.0008927470179774919</heading>
					<tilt>0</tilt>
					<range>37999.84987909076</range>
					<gx:altitudeMode>relativeToSeaFloor</gx:altitudeMode>
				</LookAt>
				<styleUrl>#m_ylw-pushpin630</styleUrl>
				<Point>
					<gx:drawOrder>1</gx:drawOrder>
					<coordinates>103.6329761045032,1.287305975217831,0</coordinates>
				</Point>
			</Placemark>
			<Placemark>
				<name>ubi</name>
				<visibility>0</visibility>
				<LookAt>
					<longitude>103.9201130509613</longitude>
					<latitude>1.326063483201525</latitude>
					<altitude>0</altitude>
					<heading>0.01864628888404934</heading>
					<tilt>0</tilt>
					<range>9868.709749151792</range>
					<gx:altitudeMode>relativeToSeaFloor</gx:altitudeMode>
				</LookAt>
				<styleUrl>#m_ylw-pushpin630</styleUrl>
				<Point>
					<gx:drawOrder>1</gx:drawOrder>
					<coordinates>103.8961397296373,1.329531911598509,0</coordinates>
				</Point>
			</Placemark>
			<Placemark>
				<name>ubin</name>
				<visibility>0</visibility>
				<LookAt>
					<longitude>103.9996417784219</longitude>
					<latitude>1.403038733436513</latitude>
					<altitude>0</altitude>
					<heading>0.06449449733921582</heading>
					<tilt>0</tilt>
					<range>38439.23075519248</range>
					<gx:altitudeMode>relativeToSeaFloor</gx:altitudeMode>
				</LookAt>
				<styleUrl>#m_ylw-pushpin630</styleUrl>
				<Point>
					<gx:drawOrder>1</gx:drawOrder>
					<coordinates>103.9589643326168,1.409376845527569,0</coordinates>
				</Point>
			</Placemark>
			<Placemark>
				<name>ulu pandan</name>
				<visibility>0</visibility>
				<LookAt>
					<longitude>103.7947093089847</longitude>
					<latitude>1.307945849513625</latitude>
					<altitude>0</altitude>
					<heading>-0.000966724531384271</heading>
					<tilt>0</tilt>
					<range>5610.115695274555</range>
					<gx:altitudeMode>relativeToSeaFloor</gx:altitudeMode>
				</LookAt>
				<styleUrl>#m_ylw-pushpin630</styleUrl>
				<Point>
					<gx:drawOrder>1</gx:drawOrder>
					<coordinates>103.7802296024953,1.315123631998527,0</coordinates>
				</Point>
			</Placemark>
			<Placemark>
				<name>upper bukit timah</name>
				<visibility>0</visibility>
				<LookAt>
					<longitude>103.7957211809129</longitude>
					<latitude>1.339105232888107</latitude>
					<altitude>0</altitude>
					<heading>0.0004029075320274464</heading>
					<tilt>0</tilt>
					<range>10554.9938069844</range>
					<gx:altitudeMode>relativeToSeaFloor</gx:altitudeMode>
				</LookAt>
				<styleUrl>#m_ylw-pushpin631</styleUrl>
				<Point>
					<gx:drawOrder>1</gx:drawOrder>
					<coordinates>103.7760402500302,1.347873522699228,0</coordinates>
				</Point>
			</Placemark>
			<Placemark>
				<name>upper changi</name>
				<visibility>0</visibility>
				<LookAt>
					<longitude>103.9821439312911</longitude>
					<latitude>1.356856753039968</latitude>
					<altitude>0</altitude>
					<heading>-0.01519590628338941</heading>
					<tilt>0</tilt>
					<range>11345.48452564043</range>
					<gx:altitudeMode>relativeToSeaFloor</gx:altitudeMode>
				</LookAt>
				<styleUrl>#m_ylw-pushpin6</styleUrl>
				<Point>
					<gx:drawOrder>1</gx:drawOrder>
					<coordinates>103.9777874871734,1.362736442760568,0</coordinates>
				</Point>
			</Placemark>
			<Placemark>
				<name>upper paya lebar</name>
				<visibility>0</visibility>
				<LookAt>
					<longitude>103.8764731490236</longitude>
					<latitude>1.357866215078705</latitude>
					<altitude>0</altitude>
					<heading>0.0001106483027441206</heading>
					<tilt>0</tilt>
					<range>6105.797095121207</range>
					<gx:altitudeMode>relativeToSeaFloor</gx:altitudeMode>
				</LookAt>
				<styleUrl>#m_ylw-pushpin0</styleUrl>
				<Point>
					<gx:drawOrder>1</gx:drawOrder>
					<coordinates>103.8819387961057,1.346421005013458,0</coordinates>
				</Point>
			</Placemark>
			<Placemark>
				<name>upper thomson</name>
				<visibility>0</visibility>
				<LookAt>
					<longitude>103.8430557943651</longitude>
					<latitude>1.35761168871404</latitude>
					<altitude>0</altitude>
					<heading>-0.0004514577694484683</heading>
					<tilt>0</tilt>
					<range>5385.023492872328</range>
					<gx:altitudeMode>relativeToSeaFloor</gx:altitudeMode>
				</LookAt>
				<styleUrl>#m_ylw-pushpin630</styleUrl>
				<Point>
					<gx:drawOrder>1</gx:drawOrder>
					<coordinates>103.8292266947457,1.354773385080288,0</coordinates>
				</Point>
			</Placemark>
			<Placemark>
				<name>west coast</name>
				<visibility>0</visibility>
				<LookAt>
					<longitude>103.7673968858353</longitude>
					<latitude>1.306646055229799</latitude>
					<altitude>0</altitude>
					<heading>0.0001126424862303122</heading>
					<tilt>0</tilt>
					<range>4994.504977470498</range>
					<gx:altitudeMode>relativeToSeaFloor</gx:altitudeMode>
				</LookAt>
				<styleUrl>#m_ylw-pushpin630</styleUrl>
				<Point>
					<gx:drawOrder>1</gx:drawOrder>
					<coordinates>103.760567078574,1.309628144705374,0</coordinates>
				</Point>
			</Placemark>
			<Placemark>
				<name>whampoa</name>
				<visibility>0</visibility>
				<LookAt>
					<longitude>103.8562413514219</longitude>
					<latitude>1.322258548712129</latitude>
					<altitude>0</altitude>
					<heading>0.0004514912091809774</heading>
					<tilt>0</tilt>
					<range>4517.74081019677</range>
					<gx:altitudeMode>relativeToSeaFloor</gx:altitudeMode>
				</LookAt>
				<styleUrl>#m_ylw-pushpin630</styleUrl>
				<Point>
					<gx:drawOrder>1</gx:drawOrder>
					<coordinates>103.8570015663322,1.325962117579198,0</coordinates>
				</Point>
			</Placemark>
			<Placemark>
				<name>woodlands</name>
				<visibility>0</visibility>
				<LookAt>
					<longitude>103.7975583855872</longitude>
					<latitude>1.433222960962378</latitude>
					<altitude>0</altitude>
					<heading>-0.003412271351941707</heading>
					<tilt>0</tilt>
					<range>10529.99372483983</range>
					<gx:altitudeMode>relativeToSeaFloor</gx:altitudeMode>
				</LookAt>
				<styleUrl>#m_ylw-pushpin601</styleUrl>
				<Point>
					<gx:drawOrder>1</gx:drawOrder>
					<coordinates>103.7895839832905,1.439073921027017,0</coordinates>
				</Point>
			</Placemark>
			<Placemark>
				<name>woodleigh</name>
				<visibility>0</visibility>
				<LookAt>
					<longitude>103.8745256930296</longitude>
					<latitude>1.335144525309832</latitude>
					<altitude>0</altitude>
					<heading>0.2458066454251743</heading>
					<tilt>0</tilt>
					<range>6746.638096354016</range>
					<gx:altitudeMode>relativeToSeaFloor</gx:altitudeMode>
				</LookAt>
				<styleUrl>#m_ylw-pushpin630</styleUrl>
				<Point>
					<gx:drawOrder>1</gx:drawOrder>
					<coordinates>103.8662463044828,1.33962391997258,0</coordinates>
				</Point>
			</Placemark>
			<Placemark>
				<name>yew tee</name>
				<visibility>0</visibility>
				<LookAt>
					<longitude>103.75429679349</longitude>
					<latitude>1.391724829650981</latitude>
					<altitude>0</altitude>
					<heading>-0.004445076464547954</heading>
					<tilt>0</tilt>
					<range>5672.888249594466</range>
					<gx:altitudeMode>relativeToSeaFloor</gx:altitudeMode>
				</LookAt>
				<styleUrl>#m_ylw-pushpin601</styleUrl>
				<Point>
					<gx:drawOrder>1</gx:drawOrder>
					<coordinates>103.747441347725,1.396544256364475,0</coordinates>
				</Point>
			</Placemark>
			<Placemark>
				<name>yio chu kang</name>
				<visibility>0</visibility>
				<LookAt>
					<longitude>103.8421107387231</longitude>
					<latitude>1.374496235101704</latitude>
					<altitude>0</altitude>
					<heading>-0.0004697183959193016</heading>
					<tilt>0</tilt>
					<range>8775.065011783885</range>
					<gx:altitudeMode>relativeToSeaFloor</gx:altitudeMode>
				</LookAt>
				<styleUrl>#m_ylw-pushpin630</styleUrl>
				<Point>
					<gx:drawOrder>1</gx:drawOrder>
					<coordinates>103.8575664038287,1.383325588083736,0</coordinates>
				</Point>
			</Placemark>
			<Placemark>
				<name>yishun</name>
				<visibility>0</visibility>
				<LookAt>
					<longitude>103.8671534995395</longitude>
					<latitude>1.42180406762568</latitude>
					<altitude>0</altitude>
					<heading>-0.2003321172443243</heading>
					<tilt>0</tilt>
					<range>14400.7110042396</range>
					<gx:altitudeMode>relativeToSeaFloor</gx:altitudeMode>
				</LookAt>
				<styleUrl>#m_ylw-pushpin6010</styleUrl>
				<Point>
					<gx:drawOrder>1</gx:drawOrder>
					<coordinates>103.8414026830259,1.426344189391004,0</coordinates>
				</Point>
			</Placemark>
		</Folder>
		<atom:link rel="app" href="https://www.google.com/earth/about/versions/#earth-pro" title="Google Earth Pro 7.3.7.1155"></atom:link>
	</Folder>
</Document>
</kml>
